Age [ka BP],607,1308,925,659,664,1088,U1474,1090,U1475,758,1143,U1489,846,849,stack,1s,filt
0.0,,,,,,,,,,,,,,,,,
1.0,,,,,,,,,,,,,,,,,
2.0,1.0326645040881621,0.9133846153846152,1.4726731811059532,0.8256257309941522,0.9705,0.4845,,0.5104347826086957,,0.5114800875071001,,0.004418604651162783,0.197,0.1315,0.6124037515616728,0.24235690870280632,0.11393384624271125
3.0,1.0162398465539155,0.9229230769230767,1.3581810436589297,0.9406666666666667,0.9535,0.4915,,0.4886956521739131,,0.46569781848349123,,-0.013162790697674426,0.159,0.1405,0.6005455522364436,0.22039238296500482,0.11393225996779666
4.0,1.0492793654542591,0.9324615384615385,1.2436889062119063,1.015298245614035,0.9365,0.49849999999999994,,0.46695652173913044,,0.4193140231230953,,-0.030744186046511635,0.12100000000000002,0.1495,0.5894558341269103,0.20543063401474915,0.11393067521047337
5.0,1.0115087042972344,0.942,1.1291967687648827,1.057298245614035,0.9195,0.5055,,0.44521739130434784,0.6971666666666667,0.37232870142591235,,-0.04832558139534884,0.083,0.1585,0.57426753521749,0.19300165891413634,0.11392909211160206
6.0,0.9668247487543447,0.9515384615384616,1.0147046313178594,1.0666666666666667,0.9024999999999999,0.5125,,0.4234782608695652,0.6791666666666667,0.3247418533919423,,-0.06590697674418605,0.04500000000000002,0.1675,0.5505861531994558,0.19446368211144122,0.11392751082585999
7.0,0.9500119815842109,0.9531439560439562,0.9002124938708359,1.0332063492063492,0.8855000000000001,0.51,,0.4017391304347826,0.6081666666666666,0.2765534790211851,,-0.08348837209302326,0.008000000000000012,0.16879999999999998,0.5191804342222593,0.1957363953365256,0.11392593153290738
8.0,0.9277506887052341,0.9388835164835166,0.7857203564238124,0.9862672811059909,0.8685,0.4885,,0.38,0.5526666666666665,0.2305035256828964,,-0.10106976744186047,-0.02699999999999999,0.1547,0.48364514946320053,0.20218967893559958,0.11392435443673127
9.0,0.8884462809917355,0.9087571428571429,0.671228218976789,0.921299539170507,0.8515,0.44800000000000006,,0.35639525691699603,,0.19031900071731997,,-0.11865116279069768,-0.06,0.1252,0.4422503670616685,0.22190884956424767,0.11392277976022339
10.0,0.8577107438016529,0.8627648351648354,0.5615299616372706,0.8305253456221198,0.8345,0.38849999999999996,,0.3250171277997365,,0.1559999041244558,,-0.1362325581395349,-0.091,0.08030000000000001,0.3956250109862815,0.23104255921002087,0.11392120774449611
11.0,0.8278016528925619,0.8009065934065935,0.4632809179733776,0.7151135809162376,0.8175000000000001,0.31,,0.2134026699684112,,0.12754623590430395,,-0.15381395348837207,-0.12000000000000002,0.020000000000000028,0.3367270416737886,0.22810971692115944,0.113919638655377
12.0,0.7987190082644628,0.7301259340659342,0.3764810879851101,0.6001555977229602,0.7848333333333333,0.2394,,0.08473844786259663,,0.10495799605686432,,-0.1713953488372093,-0.1498,-0.04349999999999997,0.2760887106629648,0.22276772182085727,0.11391807278591747
13.0,0.7697933884297521,0.6573663736263736,0.3126657458122097,0.4956698292220114,0.7208333333333334,0.2036,,0.01595790956031919,,0.08589332730281371,,-0.1889767441860465,-0.1832,-0.09799999999999998,0.22489662944902972,0.21641796807123917,0.1139165104344945
14.0,0.7408677685950413,0.5826279120879121,0.2823393538909175,0.4028728652751424,0.6255000000000001,0.20259999999999997,,-0.016847285244875602,0.31733333333333336,0.0655659633879416,,-0.20655813953488372,-0.2202,-0.1435,0.18757677481022317,0.19372435380447214,0.11391495187239589
15.0,0.6938061374847845,0.5059105494505494,0.28070803211372847,0.32176470588235295,0.49883333333333335,0.2364,,-0.05181698221457257,0.28833333333333333,0.04397590431224797,,-0.22413953488372096,-0.26080000000000003,-0.18,0.14760791706201545,0.17113552517318678,0.11391339734074155
16.0,0.6270639546441947,0.4272142857142856,0.3011164469125222,0.2511764705882353,0.3408333333333334,0.30500000000000005,,-0.016488238668961572,0.16566666666666666,0.021123150075732813,,-0.2417209302325581,-0.30500000000000005,-0.20750000000000002,0.10723372208046668,0.159375646059253,0.11391184707333728
17.0,0.5778800916468361,0.3574838095238094,0.34356459828729874,0.21403921568627454,0.18540000000000004,0.3776,,0.025952380952380956,0.11433333333333331,-0.0029922993216038698,,-0.2593023255813954,-0.3448,-0.22675,0.08172736087159024,0.1651253802082898,0.1139103012938419
18.0,0.540323778683091,0.30766380952380945,0.3965172120983163,0.20305212816834053,0.06643333333333337,0.4234,,-0.0014285714285714069,0.08566666666666677,-0.028246221192535614,,-0.27688372093023256,-0.3722,-0.23850000000000002,0.06034316173786391,0.16401919451138586,0.11390876019662274
19.0,0.504902954649792,0.2777542857142856,0.4454849130003741,0.21301195600191294,-0.016066666666666618,0.44239999999999996,,-0.07285714285714283,0.04166666666666677,-0.04802135963885638,,-0.2944651162790698,-0.3872,-0.24275000000000002,0.04018166804362041,0.1557751185132757,0.11390722395464686
20.0,0.4897536308224848,0.26775523809523805,0.48901423731152915,0.24391869918699186,-0.06209999999999993,0.4346,,-0.17142857142857132,0.022666666666666606,-0.06110420847847189,,-0.3120465116279069,-0.3898,-0.2395,0.02750405887334245,0.13801704626928613,0.11390569272838602
21.0,0.5181679052078931,0.2776666666666666,0.5271051850317813,0.29577235772357724,-0.07166666666666659,0.4,,-0.2574387151310228,0.057166666666666574,-0.06749476771138216,,-0.32602790697674416,-0.38,-0.22875,0.030235020895243186,0.11327658788446203,0.11390416665058081
22.0,0.5456678410422603,0.29528235294117644,0.5597577561611307,0.3328390243902439,-0.052133333333333254,0.3568,,-0.2593406593406592,0.0555666666666666,-0.06719303733758716,,-0.3328093023255814,-0.36646666666666666,-0.21425,0.03933668067748326,0.1016829731513642,0.11390264581488994
23.0,0.57645398151535,0.3083960784313725,0.5869719506995771,0.34187317073170725,-0.01086666666666658,0.32320000000000004,,-0.24660256410256398,0.05729999999999978,-0.06019901735708694,,-0.3323906976744186,-0.35786666666666667,-0.19975,0.05040325790356273,0.09229745418096963,0.11390113028851205
24.0,0.6112560557480811,0.3170078431372549,0.6127326815560804,0.336820905923345,0.052133333333333406,0.2992,,-0.22359065934065914,0.06329999999999979,-0.04869083404312651,,-0.3247720930232558,-0.3542,-0.18525,0.06452222993526684,0.08453650107488499,0.11389962012672378
25.0,0.6419857572953008,0.3211176470588235,0.6493657032474726,0.37110686050702874,0.13686666666666675,0.28480000000000005,,-0.12462637362637352,0.07929999999999993,-0.03105857351553789,,-0.3099534883720931,-0.35546666666666665,-0.17075,0.0925839215438975,0.09487008054865148,0.11389811536536679
26.0,0.6468955286050722,0.32072549019607843,0.6817052697846012,0.4068394088669951,0.2433333333333334,0.28,,-0.06349718230487433,0.09079999999999996,-0.007302235774321056,-0.1803333333333333,-0.2915348837209303,-0.3616666666666667,-0.15625,0.1246100916243365,0.10328646408559403,0.11389661600966756
27.0,0.6558255911682266,0.32421246187363834,0.7097513811674666,0.4463014778325123,0.34840000000000004,0.2826000000000001,0.19635836845802593,-0.09791269841269823,0.09539999999999996,0.02257817918052398,-0.16466666666666663,-0.2731162790697675,-0.36550000000000005,-0.1401,0.14572370110937574,0.09446055393624268,0.11389512205501243
28.0,0.6722073339068156,0.339959651416122,0.7335040373960686,0.5059014778325124,0.42893333333333333,0.29040000000000005,0.2035085353003161,-0.14379365079365058,0.08750000000000005,0.05858267134899723,-0.14699999999999996,-0.2546976744186047,-0.3596666666666667,-0.12065000000000001,0.1639063606182316,0.09320932854732204,0.11389363351449669
29.0,0.7018979915974735,0.3679670588235294,0.7529632384704072,0.5727586206896551,0.4849333333333333,0.3034,0.1995242623814542,-0.19677380952380935,0.09683333333333324,0.09583924183671558,-0.12733333333333327,-0.2362790697674419,-0.3441666666666666,-0.0979,0.18383315722676066,0.09236661410583581,0.11389215041393091
30.0,0.7529858706853525,0.4082346840958606,0.7567798554863977,0.5934482758620689,0.5164000000000001,0.3216,0.18440554970144016,-0.28892857142857126,0.09816666666666658,0.12703486992744106,-0.10566666666666662,-0.21786046511627913,-0.319,-0.07185,0.19683929065812217,0.09046159538912416,0.11389067278432508
31.0,0.825470971170453,0.46076252723311556,0.7574479387502258,0.6071374312843578,0.5233333333333333,0.34500000000000003,0.1841131278538813,-0.33797366946778695,0.11749999999999997,0.15216955562117368,-0.08199999999999995,-0.1994418604651163,-0.2841666666666667,-0.042499999999999996,0.21620376347478357,0.09015584244208347,0.11388920066134868
32.0,0.870237074401009,0.5108065359477125,0.7549674882618914,0.6189275362318841,0.5223333333333333,0.36899999999999994,0.20857728310502283,-0.294084780578898,0.14999999999999997,0.17124329891791346,-0.06197999999999996,-0.1810232558139535,-0.24916666666666662,-0.014899999999999993,0.2410669890813748,0.08332767407763449,0.11388773407055576
33.0,0.8579857082807905,0.5436226579520698,0.7493385040213948,0.6329565217391304,0.53,0.38899999999999996,0.2605574200913241,-0.24846573295985044,0.19999999999999987,0.18425609981766033,-0.0512533333333333,-0.16260465116279071,-0.22349999999999998,0.005900000000000006,0.26198522817474246,0.07240448114294852,0.11388627302555177
34.0,0.9365194498294576,0.5592108932461874,0.7405609860287357,0.6533623188405797,0.5463333333333333,0.40499999999999997,0.335966210045662,-0.2173070028011202,0.2538095238095238,0.19277930006343155,-0.04981999999999996,-0.14418604651162795,-0.20716666666666667,0.019900000000000008,0.2874973070869639,0.07177724222939329,0.11388481753772023
35.0,0.9725391882248866,0.5575712418300655,0.7291117723531103,0.6801449275362319,0.5713333333333332,0.417,0.40856563926940626,-0.17668795518207253,0.28647619047619044,0.19944699297564478,-0.05767999999999997,-0.12576744186046515,-0.2001666666666667,0.027100000000000003,0.3063562301635474,0.07837259851416757,0.11388336761936116
36.0,0.968747589752437,0.5387037037037038,0.7255316618920762,0.7120289855072464,0.605,0.425,0.4523949771689497,-0.13469047619047608,0.3142857142857142,0.20422044125148622,-0.07483333333333331,-0.10734883720930233,-0.20249999999999999,0.027500000000000004,0.3181457447734643,0.08556690988915198,0.11388192329616184
37.0,0.971024955297447,0.518915824915825,0.7253863155682682,0.7439130434782608,0.6282,0.4324,0.4658989726027398,-0.18254761904761896,0.30453571428571424,0.2070996448909559,-0.09341999999999998,-0.08893023255813956,-0.2091,0.0259,0.3178054728166751,0.0928954332643304,0.11388048462206755
38.0,1.0043917060330503,0.5145151515151515,0.7286757333816862,0.7675090579710144,0.6218,0.4426,,-0.24959523809523798,0.29803571428571424,0.20808460389405375,-0.10557999999999997,-0.07051162790697676,-0.2149,0.027100000000000003,0.3063339664006827,0.09443311695906634,0.11387905168755466
39.0,0.9371442892707076,0.5255016835016835,0.736465788656382,0.7634782608695652,0.5858,0.4556,,-0.3041441315693652,0.2748928571428571,0.2071753182607799,-0.11131333333333329,-0.052093023255813976,-0.21989999999999998,0.0311,0.2953787824364525,0.08592452104186306,0.1138776246121784
40.0,0.9402185679692959,0.5518754208754209,0.7499804507688904,0.7489296947271045,0.5202,0.47140000000000004,,-0.3604439252336449,0.29889285714285707,0.20560949522391084,-0.11061999999999997,-0.03367441860465119,-0.22410000000000002,0.0379,0.29279881576920025,0.08044090106563766,0.11387620351667214
41.0,0.9768363772679562,0.5936363636363635,0.7613506165046202,0.7311958063521431,0.425,0.49000000000000005,,-0.41861366670712474,0.29175000000000006,0.20316787676876183,-0.10349999999999997,-0.015255813953488406,-0.22749999999999998,0.0475,0.2896756939999732,0.0896097204369615,0.11387478850693575
42.0,1.0332993277476037,0.63717,0.7750106249409368,0.7102765957446808,0.3172,0.5074,,-0.45108192741837605,0.29300000000000004,0.19985046289533295,-0.09523466666666662,0.003162790697674389,-0.23169999999999996,0.055499999999999994,0.2895438207747389,0.10890005421796685,0.1138733796796174
43.0,1.073494287959805,0.6688618181818182,0.7909604760778397,0.6944601063829787,0.2138,0.5196000000000001,,-0.4519201359388275,0.33049999999999996,0.19565725360362413,-0.09110533333333329,0.015860465116279046,-0.2383,0.057499999999999996,0.29150656924466184,0.1269461568949076,0.11387197712448933
44.0,1.0885833824096591,0.6887118181818181,0.8081342965912779,0.7030851063829788,0.11479999999999999,0.5266,,-0.4366270178419711,0.35949999999999993,0.1905767127693225,-0.09111199999999994,0.02283720930232556,-0.2473,0.05349999999999999,0.2916543053789101,0.14465075910243985,0.11387058092632314
45.0,1.0849743810031893,0.69672,0.8191270716778923,0.7190425531914894,0.020200000000000006,0.5284000000000001,,-0.4213338997451147,0.35099999999999987,0.18430354773371363,-0.09525466666666663,0.024093023255813938,-0.2587,0.0435,0.2850991132754413,0.16211324212167016,0.11386919117668569
46.0,1.0967427823158946,0.6928863636363636,0.8209604757894683,0.7350000000000001,-0.06999999999999999,0.525,,-0.40604078164825824,0.3220000000000001,0.17709575381429601,-0.1035333333333333,0.019627906976744172,-0.27249999999999996,0.027499999999999997,0.27499658689858425,0.18181144616529743,0.1138678079830673
47.0,1.0987636704079413,0.6841944155844156,0.8136345089260052,0.7509574468085107,-0.13699999999999998,0.516,,-0.3907476635514019,0.3245000000000002,0.1689533310110697,-0.1169273333333333,0.009441860465116267,-0.2879,0.010749999999999996,0.2657566691114418,0.19579620553715693,0.1138664314638138
48.0,1.1221600393612738,0.6776276623376623,0.7971491710875034,0.7669148936170214,-0.16199999999999998,0.501,,-0.3754545454545455,0.30450000000000005,0.15987627932403467,-0.13641599999999998,-0.000744186046511642,-0.3041,-0.0015000000000000035,0.25840229048898905,0.20360965621668467,0.11386506173684138
49.0,1.162575837545288,0.6731861038961039,0.7715044622739629,0.7719148936170213,-0.145,0.4800000000000001,,-0.3601614273576891,0.2935,0.15175020065184394,-0.16199933333333333,-0.01093023255813955,-0.32110000000000005,-0.009250000000000003,0.254323612835806,0.2044629144765037,0.11386369891282112
50.0,1.1900379151684701,0.6708697402597402,0.742881427912207,0.7403900709219859,-0.086,0.453,,-0.3448683092608326,0.30150000000000005,0.14728149222824446,-0.19367733333333334,-0.02111627906976746,-0.3389,-0.012500000000000002,0.2507011682274719,0.19389297057877364,0.11386234309431723
51.0,1.1906143833153886,0.6706785714285715,0.7061597960428564,0.6774434558349453,0.015000000000000008,0.42000000000000004,,-0.3317774001699235,0.3564999999999998,0.14647015405323627,-0.23145000000000002,-0.03130232558139537,-0.35750000000000004,-0.011250000000000001,0.2484463920810845,0.17364829629319867,0.1138609943786745
52.0,1.1578155349971055,0.6638057142857143,0.6602787931639286,0.6034871695680206,0.11910000000000001,0.38420000000000004,,-0.32174511469838574,0.36799999999999977,0.14931618612681935,-0.2681246666666667,-0.04148837209302328,-0.3761,-0.007750000000000002,0.2385393620626102,0.15321911018545717,0.1138596528667006
53.0,1.0966643767717426,0.6414442857142858,0.6052384192754235,0.5185212121212122,0.1874,0.3488,,-0.3147714528462192,0.38449999999999995,0.151785917342163,-0.29650866666666664,-0.05167441860465118,-0.39390000000000003,-0.004250000000000001,0.22180508732597765,0.1396657345041024,0.11385831867680145
54.0,1.0177535012318917,0.6035942857142857,0.5348117299985397,0.43350303030303017,0.21989999999999998,0.3138,,-0.31085641461342395,0.38009999999999977,0.14207078702478132,-0.316602,-0.061860465116279094,-0.4109,-0.0007500000000000003,0.19652160897486495,0.13274880339215014,0.11385699195285856
55.0,0.9586411657559198,0.5502557142857143,0.4489286020696001,0.37399999999999994,0.2166,0.2792,,-0.31,0.36309999999999965,0.11838749070042312,-0.3284046666666667,-0.07204651162790701,-0.4271,0.0027500000000000003,0.16804063512673098,0.13532343750922635,0.11385567286184585
56.0,0.9237530864197531,0.4814285714285715,0.3574815131050166,0.3349090909090908,0.17749999999999996,0.24500000000000002,,-0.31,0.30759999999999954,0.0807360283690884,-0.33191666666666664,-0.08223255813953492,-0.4425,0.00625,0.13524811750428753,0.142389451371079,0.1138543615869893
57.0,0.8740967415502936,0.41175428571428574,0.27891478963776173,0.29581818181818176,0.12049999999999997,0.22559999999999997,,-0.31642261904761904,0.2769999999999995,0.029669103388793305,,-0.09241860465116283,-0.45620000000000005,0.007150000000000001,0.1061484503618902,0.15676348379113966,0.11385305831809614
58.0,0.8816231532078527,0.3558742857142857,0.21322843166783545,0.25672727272727264,0.06349999999999996,0.2354,,-0.33058333333333334,0.2289999999999995,-0.0228096513358883,,-0.10260465116279074,-0.4673,0.0028499999999999992,0.07776875278478189,0.1715722781186888,0.11385176324119461
59.0,0.8420180108754376,0.3137885714285714,0.16664938357403913,0.21763636363636354,0.0064999999999999555,0.2744,,-0.35248214285714285,0.23439999999999978,-0.06676574090481054,,-0.11279069767441863,-0.4758,-0.0066500000000000005,0.05493527283418237,0.18117623891884793,0.1138504765325435
60.0,0.7007439368013633,0.2854971428571428,0.13924776862005003,0.17854545454545445,-0.05050000000000006,0.3426,,-0.37540476190476185,0.23189999999999986,-0.10219916531797339,,-0.12297674418604654,-0.4817,-0.02135,0.028560263112281475,0.18263769837006408,0.11384919836070434
61.0,0.4998797392704991,0.2709999999999999,0.1292297066970509,0.13945454545454536,-0.10750000000000007,0.44000000000000006,,-0.3917797619047619,0.2384,-0.12910992457537687,,-0.13316279069767445,-0.485,-0.041249999999999995,0.004040086681369258,0.19710122487311119,0.11384792889342438
62.0,0.35780946065548763,0.26399499999999987,0.12172588188614816,0.11126060606060609,-0.15620000000000006,0.5412,,-0.39518452380952385,0.2225000000000001,-0.1380931073017176,,-0.14334883720930236,-0.4812,-0.06375,-0.01174716614884608,0.22281387510150513,0.11384666829017517
63.0,0.18128354725403212,0.2581799999999999,0.12252273703324694,0.1375515151515152,-0.18830000000000002,0.6208,,-0.3837119815668203,0.1905000000000001,-0.13523839072029012,,-0.15353488372093027,-0.46579999999999994,-0.08625000000000001,-0.02363982755309146,0.25109578773585417,0.1138454166897207
64.0,0.06402371699053293,0.25355499999999986,0.13162027213834726,0.1780683730508974,-0.20380000000000004,0.6788,,-0.3525756353861193,0.10350000000000012,-0.12054577483109444,,-0.16103488372093025,-0.43879999999999997,-0.10874999999999999,-0.029801617152184795,0.2726029935428393,0.11384417421093963
65.0,0.057687073964528345,0.2501199999999999,0.15508478549065413,0.23281117975875265,-0.20270000000000002,0.7152000000000001,,-0.30848977098170655,0.013500000000000123,-0.09401525963413056,,-0.16316279069767442,-0.4002,-0.13125,-0.021424604680618933,0.2772909902050723,0.11384294094618622
66.0,0.1344972879051769,0.2478749999999999,0.2017339566828909,0.30177993527508107,-0.185,0.73,,-0.25902581692501053,-0.016833333333332864,-0.05871669041148646,,-0.15991860465116278,-0.35,-0.15375,0.004246771706192088,0.26568254026796595,0.11384171694201906
67.0,0.2420509185210027,0.25336833333333325,0.26905354860296116,0.37407766990291264,-0.16019999999999998,0.7302,,-0.20418377321603134,-0.033333333333332604,-0.026509849866348183,,-0.15130232558139534,-0.29739999999999994,-0.172,0.03684505952460427,0.2485621095960092,0.11384050219577213
68.0,0.43677663266514466,0.2731483333333332,0.34392605174350466,0.406116504854369,-0.1378,0.7228,,-0.14455522971652013,-0.04333333333333204,0.0007249774268355865,,-0.13731395348837208,-0.25159999999999993,-0.18175000000000002,0.07545495911809265,0.22566186328057175,0.11383929667195038
69.0,0.6634672651751167,0.3072149999999999,0.41937101558509865,0.43815533980582533,-0.11779999999999999,0.7078,,-0.0849266862170089,-0.02933333333333204,0.022987791468064855,,-0.1206395348837209,-0.21259999999999996,-0.183,0.11908469862768273,0.21052590590211323,0.1138381003136804
70.0,0.8636816169657868,0.3555683333333332,0.48932214183853817,0.4701941747572816,-0.1002,0.6852,,-0.02529814271749766,0.009333333333334594,0.04016217932688247,,-0.10396511627906972,-0.18039999999999995,-0.17575000000000002,0.16218067054089486,0.20778795114794438,0.1138369130500544
71.0,1.0264269585806938,0.4182083333333333,0.5449617509110997,0.502233009708738,-0.085,0.655,,0.03433040078201357,0.06800000000000057,0.055138580543573526,-0.2665,-0.08729069767441855,-0.15499999999999994,-0.16,0.19697883063965024,0.20481031361484134,0.11383573481337399
72.0,1.1444518033011908,0.4827488888888888,0.5862898428027834,0.5342718446601943,-0.05600000000000001,0.626,,0.0939589442815248,0.14133333333333356,0.06981916308800454,-0.17328,-0.07061627906976738,-0.13479999999999995,-0.1355,0.2399149233397363,0.20852846090787813,0.11383456554319332
73.0,1.1947107760861304,0.5368038888888889,0.6206374841750444,0.5663106796116506,0.0030000000000000027,0.607,,0.153587487781036,0.2146666666666655,0.0842039269601755,-0.10042,-0.0539418604651162,-0.11819999999999993,-0.10200000000000001,0.2781981162949918,0.20398535624020128,0.11383340517564676
74.0,1.227329560616517,0.5803733333333333,0.7171219719653468,0.596139077669903,0.09200000000000001,0.598,,0.21300712191034768,0.2986666666666655,0.09829287216008642,-0.047920000000000004,-0.037267441860465024,-0.10519999999999992,-0.05950000000000001,0.32163535573785806,0.19108060588482334,0.11383225364288774
75.0,1.2453764895330113,0.6134572222222222,0.8216209094322025,0.6228097087378641,0.21100000000000002,0.599,,0.26526295210166173,0.4159999999999984,0.11220241161819444,-0.015779999999999995,-0.020593023255813848,-0.09579999999999993,-0.008000000000000004,0.36744408711690474,0.17434791737630734,0.11383111086959653
76.0,1.2417533011272142,0.6360555555555556,0.9341342965756114,0.646322572815534,0.36,0.61,,0.29140259740259744,0.47999999999999854,0.12611195107630246,-0.004,-0.0039186046511626715,-0.08999999999999994,0.05249999999999999,0.40696754861785167,0.15454994747818507,0.1138299767768238
77.0,1.224168115942029,0.6519866666666667,1.037160645967418,0.6666776699029128,0.5028,0.6198,0.62759156420765,0.27218796257505934,0.497333333333332,0.14002149053441046,-0.00178,0.012755813953488505,-0.08719999999999997,0.1117,0.44822880450592617,0.13941024954549913,0.11382885129247758
78.0,1.2029681159420291,0.6650688888888889,1.127020399511371,0.6838750000000001,0.6032,0.6172,0.671992469262295,0.2587619047619049,0.5339999999999995,0.15393102999251848,0.0016799999999999996,0.029430232558139684,-0.08679999999999997,0.1593,0.47297343149408183,0.13740635067617685,0.11382773436076168
79.0,1.1832347826086955,0.6753022222222222,1.1415767107894284,0.7001250000000001,0.6612,0.6022000000000001,0.7050900102459016,0.2424761904761906,0.5659999999999994,0.1678405694506265,0.006379999999999999,0.04610465116279087,-0.08879999999999999,0.19529999999999997,0.486002152639704,0.13498102275951163,0.11382662596273288
80.0,1.1413064412238323,0.6826866666666667,1.1349519765430789,0.7163750000000001,0.6768,0.5748,0.7235900204918032,0.22592268907563043,0.5706666666666668,0.1817501089087345,0.01232,0.06277906976744203,-0.09319999999999999,0.2197,0.487889188524561,0.12987478769775737,0.1138255261233156
81.0,1.082411111111111,0.6872222222222222,1.107146196772322,0.7326250000000001,0.65,0.535,0.7154324999999999,0.234041736694678,0.5773333333333337,0.19565964836684252,0.0195,0.0794534883720932,-0.1,0.23249999999999998,0.4820232312051859,0.12460697597852827,0.11382443490320274
82.0,0.9854080610021783,0.688379365079365,1.0306238848748466,0.7150999999999998,0.6119000000000001,0.4984,0.6885914583333334,0.29118459383753537,0.631333333333334,0.20956918782495054,0.02347,0.09612790697674438,-0.10700000000000001,0.2347,0.47127055651873473,0.13075789014564917,0.11382335238998867
83.0,0.9035218657159829,0.6856285714285714,0.9460871233008179,0.6951583333333331,0.5936000000000001,0.4806,0.64639625,0.30354173669467793,0.661333333333334,0.22347872728305856,0.019780000000000006,0.11280232558139555,-0.11199999999999999,0.22729999999999997,0.45623059047651227,0.13484444507307097,0.1138222786897302
84.0,0.8681934706542546,0.6789698412698412,0.8535359120502359,0.6778925925925924,0.5951,0.4816,0.6032498154035488,0.3297560224089638,0.6640000000000008,0.2373882667411666,0.008430000000000014,0.12947674418604674,-0.11499999999999999,0.21030000000000001,0.4444923332361893,0.14171104362724476,0.11382121391682799
85.0,0.8594775526085497,0.6684031746031746,0.7552996178299017,0.6633027777777776,0.6164,0.5014000000000001,0.567946941666273,0.3122857142857145,0.6473333333333338,0.2512978061992746,-0.010579999999999975,0.14615116279069781,-0.11599999999999999,0.1837,0.43188700579247824,0.14189942012951104,0.11382015818394639
86.0,0.8740859587675175,0.6539285714285714,0.6656502339526327,0.6513888888888888,0.6575,0.54,0.5525476287881728,0.2519523809523811,0.6046666666666662,0.26520734565738263,-0.037249999999999964,0.15556976744186052,-0.11499999999999999,0.1475,0.4191248173245766,0.1374316462322876,0.1138191116020368
87.0,0.9461131080887846,0.6389142857142855,0.629624734448896,0.6759259259259259,0.7024,0.5826,0.5570518767692478,0.19325000000000028,0.5579999999999992,0.27814289045944224,-0.06810333333333327,0.15773255813953485,-0.1146,0.11399999999999999,0.4179322890151987,0.13136612168955425,0.11381807427253979
88.0,1.02153186580166,0.6267285714285713,0.6102005949647777,0.7055555555555556,0.7351,0.6144000000000001,0.5814596856094985,0.19852380952380994,0.48399999999999865,0.28912516430473806,-0.09966333333333326,0.15263953488372078,-0.11739999999999999,0.0955,0.42126438919564263,0.1407353320848253,0.11381704627252698
89.0,1.0422565155450363,0.6173714285714286,0.6073778155002779,0.7351851851851852,0.7556,0.6354000000000001,0.6113681149053758,0.18792857142857172,0.4426666666666647,0.29815416719327004,-0.13192999999999994,0.14029069767441837,-0.1234,0.092,0.42216208304787345,0.14828116637720284,0.11381602766278255
90.0,1.0288428039611117,0.6108428571428571,0.6188270293485957,0.7648148148148148,0.7639000000000001,0.6456000000000001,0.641276544201253,0.21334920634920657,0.4146666666666642,0.3052298991250382,-0.16490333333333326,0.12068604651162769,-0.1326,0.1035,0.42385946677055963,0.15742759314561863,0.11381501850317902
91.0,1.042040587553539,0.6071428571428571,0.6926470463054339,0.7944444444444444,0.7600000000000001,0.645,0.6696105330052793,0.2672471898090457,0.4286666666666658,0.3103523601000425,-0.19858333333333328,0.101081395348837,-0.14500000000000002,0.12999999999999998,0.4360464105030579,0.16182783444636464,0.11381401884469387
92.0,1.0563465294934677,0.6057142857142856,0.7741952825537615,0.8240740740740741,0.7479000000000001,0.639,0.6861776507649449,0.2975748115000692,0.43733333333333224,0.3144955447743314,-0.22494999999999998,0.08147674418604631,-0.15760000000000002,0.16049999999999998,0.44587416117102224,0.16386240458014512,0.11381302872093618
93.0,1.0503333086305737,0.6060000000000001,0.8634717380935785,,0.7316,0.633,0.6909778974802497,0.28465349999370615,0.46266666666666517,0.31863872944862026,-0.2359833333333333,0.06187209302325564,-0.1674,0.184,0.4470268864690596,0.16329373802547686,0.11381204816751123
94.0,1.0628926095044817,0.608,0.960476412924885,,0.7111000000000001,0.627,0.684011273151194,0.25854277909948,0.4813333333333324,0.3227819141229091,-0.23168333333333332,0.042267441860464945,-0.1744,0.20049999999999998,0.4523339503659903,0.15556776080010962,0.11381107723299423
95.0,1.1111148317267039,0.6117142857142858,1.065209307047681,,0.6864000000000001,0.621,0.6664373789173788,0.2292624900872322,0.5059999999999991,0.32708823447950613,-0.21205,0.02266279069767426,-0.1786,0.20999999999999996,0.4610583263665322,0.150817291545953,0.11381011596278812
96.0,1.117468186134853,0.6171428571428572,1.115299617353446,,0.6575,0.615,0.6421745299145296,0.19754163362410768,0.5206666666666651,0.3345907868562474,-0.17708333333333334,0.003058139534883575,-0.18,0.2125,0.4617983083068242,0.14289250099335277,0.11380916439916182
97.0,1.0972233301677747,0.6219678571428572,1.1517892052235756,,0.627,0.608,0.6214151566951565,0.16582077716098317,0.521999999999999,0.34528957125313275,-0.14140999999999998,-0.016546511627907108,-0.18109999999999998,0.2101,0.4583898700084638,0.13582742119644306,0.11380822259834178
98.0,1.0580905205905207,0.6238714285714286,1.1639492137182763,,0.5974999999999999,0.599,0.6041592592592591,0.13409992069785867,0.5606666666666664,0.35918458767016237,-0.11965666666666666,-0.03615116279069779,-0.1844,0.2049,0.45328713013932814,0.1310753946472056,0.1138072906316152
99.0,0.9922484636575545,0.6228535714285715,1.1517796428375484,,0.5690000000000001,0.588,0.5904068376068375,0.10237906423473415,0.584666666666666,0.3762758361073361,-0.11182333333333332,-0.05575581395348848,-0.1899,0.1969,0.4418884507189912,0.12831516828009987,0.11380636858173124
100.0,0.8999475787018023,0.6189142857142856,1.115280492581391,,0.5414999999999999,0.575,0.5789982905982906,0.07065820777160965,0.5993333333333333,0.3864111108845113,-0.11790999999999999,-0.07536046511627917,-0.1976,0.1861,0.42375321219718476,0.12853690097925993,0.11380545654913135
101.0,0.7956028493570728,0.6120535714285714,1.054451762949805,,0.515,0.56,0.5675897435897436,0.03893735130848515,0.5893333333333333,0.3844720837182142,-0.13791666666666663,-0.09496511627906985,-0.20750000000000002,0.1725,0.39823675667953434,0.13132747807875086,0.11380455465725577
102.0,0.6993896710624993,0.5992686974789916,0.982894176378425,,0.4948,0.5426,0.5561811965811966,0.007216494845360638,0.5753333333333326,0.3704587546084447,-0.16092999999999996,-0.11456976744186051,-0.2185,0.15576666666666666,0.37057139596980887,0.1368140312557749,0.11380366304949359
103.0,0.6613600727538312,0.5775569327731092,0.9150754341106676,,0.4862,0.5224,0.5437593162393164,-0.02450436161776387,0.5573333333333326,0.344371123555203,-0.17603666666666665,-0.13417441860465124,-0.22949999999999998,0.13556666666666667,0.3466866428182695,0.13548734483095332,0.1138027818755063
104.0,0.6502391667238343,0.5469182773109245,0.8521226078297073,,0.48919999999999997,0.49939999999999996,0.5202687179487182,-0.015387069974698875,0.4906666666666658,0.30706602901185576,-0.18323666666666666,-0.15377906976744188,-0.2405,0.11190000000000003,0.32326135255210436,0.12844659836372865,0.11380191127926746
105.0,0.6267768937848495,0.507352731092437,0.7940356975355441,,0.5038,0.47359999999999997,0.48570940170940197,0.005153820779549146,0.43999999999999845,0.26909571984697894,-0.18253,-0.1733837209302326,-0.25149999999999995,0.0847666666666667,0.30079970265997324,0.12781749539338022,0.11380105139922932
106.0,0.6674805974885534,0.45886029411764706,0.740814703228178,,0.53,0.445,0.4400813675213679,0.021762202984524838,0.3799999999999984,0.2325454280062104,-0.17391666666666666,-0.19298837209302327,-0.2625,0.05416666666666672,0.28221731887291657,0.12179513084434762,0.11380020236778597
107.0,0.7441937757831267,0.4156600619195047,0.6924596249076092,,0.5562,0.42400000000000004,0.38338461538461577,0.03879296088641679,0.35933333333333184,0.19741515348955002,-0.16222999999999996,-0.21184651162790696,-0.27159999999999995,0.027200000000000057,0.27080630293620817,0.1202027762731534,0.11379936430290884
108.0,0.7861211013645222,0.3919711300309598,0.6452316182702148,,0.5708,0.421,0.337477948717949,0.06931074722379076,0.334666666666665,0.16970440656071284,-0.15230333333333332,-0.22921162790697674,-0.2769,0.010966666666666727,0.26202724987351,0.12877214217804175,0.11379853730383224
109.0,0.7950478886168908,0.38779349845201244,0.6153546530711335,,0.5738,0.43599999999999994,0.31302096866096873,0.09283455674760019,0.3753333333333323,0.15835333735389379,-0.14413666666666664,-0.24508372093023256,-0.2784,0.0054666666666667255,0.2625310338000044,0.13735735851745046,0.11379772145029476
110.0,0.8813163096695227,0.40312716718266256,0.6032239691634016,,0.5651999999999999,0.469,0.3100136752136751,0.13253404049366782,0.3839999999999999,0.16279876699835155,-0.13772999999999996,-0.2594627906976744,-0.2761,0.010700000000000051,0.27508769708600506,0.14614299628981473,0.11379691679252849
111.0,0.9406496430028559,0.43797213622291026,0.6088395665470194,,0.5449999999999999,0.5200000000000001,0.32940717948717907,0.1957755102040816,0.4226666666666671,0.18304069549408614,-0.1330833333333333,-0.27234883720930236,-0.27,0.026666666666666707,0.2970849859879453,0.15943605404748948,0.11379612334294673
112.0,0.9846917482660139,0.4798959470869688,0.6322014452219866,,0.5307999999999999,0.5694,0.3758777777777771,0.25057312925170067,0.43533333333333407,0.21907912284109754,-0.13143999999999995,-0.28448837209302325,-0.25860000000000005,0.04706666666666669,0.32137767095746,0.17076056115987343,0.113795341084473
113.0,0.9824417482660135,0.5164661412890516,0.6733096051883036,0.5760714285714286,0.5402,0.5976,0.42857999999999913,0.2808588435374151,0.42800000000000055,0.253764067278539,-0.1340433333333333,-0.2966279069767442,-0.2404,0.06560000000000002,0.33370147098719094,0.17037658663456778,0.11379456999758258
114.0,0.9520057017543856,0.5476827188291585,0.7143310670859161,0.5931739130434784,0.5731999999999999,0.6046,0.4869096296296287,0.2931683673469389,0.40266666666666684,0.27447931590779995,-0.14089333333333326,-0.3087674418604651,-0.21539999999999998,0.08226666666666668,0.34710166226691713,0.17290651621652528,0.1137938100799374
115.0,0.8948057017543857,0.5735456797072896,0.7527764559710968,0.6396397515527951,0.6298,0.5904,,0.28155612244897926,0.4013333333333332,0.2812248687288802,-0.15198999999999996,-0.32090697674418606,-0.1836,0.09706666666666668,0.3458360050422815,0.17351338230920843,0.11379306134978631
116.0,0.8642914160401002,0.594055023923445,0.7886457718438455,0.711544109906306,0.71,0.555,,0.2898214285714283,0.4199999999999996,0.27400072574177986,-0.1673333333333333,-0.33304651162790694,-0.14500000000000002,0.11000000000000001,0.3601688533227756,0.18173269269539244,0.11379232383570777
117.0,0.8419442260311796,0.612260611205433,0.8186821082228978,0.7735634803663545,0.791,0.507,,0.3023675070028008,0.40599999999999953,0.25287840298605185,-0.1855333333333333,-0.3451860465116279,-0.10740000000000001,0.119,0.36898410908462886,0.19698342061001678,0.11379159755607578
118.0,0.8555692260311799,0.6312123012810619,0.8349793881004981,0.8256978629329405,0.85,0.45499999999999996,,0.2567722689075629,0.43799999999999917,0.23676993801708424,-0.20519999999999997,-0.3573255813953488,-0.0786,0.122,0.37500706661579986,0.20347487587501728,0.11379088252707807
119.0,0.8847869679666637,0.6509100941503319,0.8380195493983879,0.8562019159911569,0.8869999999999999,0.39899999999999997,,0.2307008403361342,0.501333333333333,0.22849455514592573,-0.22633333333333333,-0.36946511627906975,-0.058600000000000006,0.119,0.3808665591415345,0.21362775360409836,0.11379017877402581
120.0,0.9572509355779996,0.6713539898132428,0.8298967272072575,0.8474576271186441,0.9019999999999999,0.339,,0.20348655462184895,0.5433333333333332,0.22805225437257653,-0.24893333333333337,-0.3816046511627907,-0.04740000000000001,0.10999999999999996,0.38185460766763063,0.22173067771866756,0.11378948632851227
121.0,0.9830920821337091,0.6925439882697948,0.8106109215271076,0.8033898305084746,0.8949999999999999,0.275,,0.1485579831932775,0.5139999999999996,0.23544303569703642,-0.273,-0.39374418604651157,-0.045,0.09499999999999995,0.36547000903179294,0.22334778245329934,0.1137888052451436
122.0,0.9800745862343107,0.7036300342130988,0.7834190388392022,0.7596334183290836,0.877,0.21486666666666662,,0.07714285714285715,0.5159999999999997,0.25059538307975254,-0.29336,-0.4058837209302325,-0.0514,0.07739999999999994,0.34610267120808913,0.22439210760221542,0.11378813561482483
123.0,0.9585745862343107,0.693762072336266,0.6883351035673083,0.7174339283035848,0.859,0.16646666666666665,,0.0755238095238093,0.5080000000000002,0.2584367918507245,-0.30484,-0.4180232558139535,-0.0666,0.06059999999999992,0.323606628061472,0.23150002103452655,0.11378747755075665
124.0,0.9094401776321602,0.6629401026392963,0.5966859324207774,0.6767913604319784,0.841,0.12979999999999997,,0.03914285714285697,0.4160000000000002,0.256255252784039,-0.30744,-0.43016279069767444,-0.09060000000000001,0.04459999999999993,0.288820719575681,0.23094355957511026,0.1137868311841414
125.0,0.7479128823468004,0.6111641251221898,0.5084715253996094,0.6377057147142643,0.8230000000000001,0.10486666666666666,,-0.016139817629179314,0.304,0.24405076587969599,-0.30116,-0.4423023255813954,-0.1234,0.029399999999999937,0.24136815377300544,0.2288159854252905,0.11378619668051705
126.0,0.6103333333333332,0.5384341397849463,0.42369188250380435,0.6001769911504424,0.805,0.09166666666666667,,-0.10361124620060788,0.28999999999999954,0.2218233311376955,-0.286,-0.4544418604651163,-0.16500000000000004,0.014999999999999953,0.1997915153878141,0.2286882989156274,0.11378557423225469
127.0,0.4895752688172042,0.46078299438990183,0.34234700373336213,0.5638938053097344,0.7795,0.08433333333333333,0.6418629629629662,-0.16022553191489347,0.21799999999999953,0.1895729485580376,-0.27037,-0.4665813953488372,-0.2071,-0.0018000000000000307,0.19027081356005768,0.2572841091908555,0.11378496400398352
128.0,0.3870830509183716,0.39424353669939227,0.33232894167227156,0.5276106194690264,0.739,0.077,0.49766388888889274,-0.19781124620060794,0.14133333333333287,0.15409576047573487,-0.26268,-0.47872093023255813,-0.2414,-0.024200000000000017,0.14611049678741822,0.24258392952102892,0.11378436612892344
129.0,0.3342536086356219,0.3388157667134175,0.32454781116126447,0.4913274336283185,0.6835000000000001,0.06966666666666667,0.34018518518518903,-0.22232553191489365,0.13399999999999954,0.11744329209405877,-0.26293,-0.49622358378056053,-0.2679,-0.0522,0.10944004631350582,0.22398248802889004,0.11378378076532716
130.0,0.32801167315175095,0.29449968443197755,0.31991521442608384,0.45504424778761043,0.6130000000000001,0.06233333333333334,0.16942685185185527,-0.22984285714285738,0.1325000000000002,0.0796155434130094,-0.27111999999999997,-0.5190893559928442,-0.2866,-0.0858,0.07584959537570847,0.2035492151338631,0.1137832080850528
131.0,0.311233022292455,0.26129528985507244,0.3184311514667294,0.4187610619469025,0.5275000000000001,0.05500000000000001,0.03943970506143383,-0.20784863221884517,0.050500000000000676,0.04061251443258668,-0.28725,-0.5473182468694094,-0.2975,-0.125,0.03984684756906607,0.19263722601014868,0.11378264824941398
132.0,0.28391765605773395,0.23528240165631464,0.3200956222832012,0.38247787610619455,0.4263,0.04766666666666667,-0.030819273597793562,-0.19474863221884525,0.01650000000000067,0.00043420515279062044,-0.30699,-0.5805959999999999,-0.3055,-0.1651,0.009208608721875922,0.18440982048935434,0.11378210141577026
133.0,0.2528158568625494,0.21254083850931674,0.3249086268754994,0.34619469026548655,0.30870000000000003,0.04033333333333333,-0.036580639681381796,-0.19416291793313048,-0.05283333333333266,-0.04040458814964727,-0.32601,-0.6099663076923075,-0.3155,-0.20140000000000002,-0.020811745781686788,0.17669320929749824,0.11378156773289953
134.0,0.22099738578026992,0.19307060041407864,0.33063323369354014,0.29056747787610615,0.17470000000000002,0.03300000000000001,0.01923288221860573,-0.150934346504559,-0.1089999999999995,-0.07758203931172107,-0.34431,-0.6300660512820512,-0.3275,-0.2339,-0.04364934693683793,0.17929778366105467,0.11378104733677581
135.0,0.18635713221450123,0.17687168737060038,0.3379375260807693,0.2309469026548673,0.02430000000000001,0.02566666666666667,0.11523108645936611,-0.12553434650455883,-0.14150000000000015,-0.11021755857734758,-0.36189,-0.6408952307692307,-0.3415,-0.2626,-0.06334472388602622,0.19043654024633436,0.1137805403467875
136.0,0.1475892108126653,0.16394409937888194,0.3469592006491867,0.16733296460177,-0.1425,0.018333333333333333,0.19736315686835698,-0.1300723945094048,-0.16450000000000017,-0.13831114594652674,-0.37875000000000003,-0.6424538461538463,-0.35750000000000004,-0.2875,-0.08571895864039888,0.20829696315109247,0.11378004687208944
137.0,0.10469362157476222,0.1526870807453416,0.35748788753881194,0.09972566371681428,-0.28859999999999997,0.012733333333333336,0.25518229704248163,-0.12929018810371076,-0.16583333333333355,-0.1618628014192586,-0.39496000000000003,-0.6350561538461539,-0.3738,-0.3096,-0.1054637566250652,0.23155394600862717,0.11377956702059092
138.0,0.05767036450079198,0.1414998757763975,0.3611470461777112,0.0281250000000001,-0.3768999999999999,0.010600000000000002,0.2886885069817399,-0.1285962379257751,-0.14916666666666684,-0.18087252499554313,-0.41059,-0.6276584615384616,-0.3887,-0.32989999999999997,-0.1217609355492719,0.2510483091457044,0.11377910089407449
139.0,0.008541996830427492,0.13038248447204967,0.35793667656588457,-0.0281250000000001,-0.4073999999999999,0.011933333333333332,0.3008045112781954,-0.1759676664972038,-0.17866666666666703,-0.19900165881574444,-0.4256399999999999,-0.6202607692307692,-0.4022,-0.3484,-0.14114733990932107,0.2571624046919202,0.11377864858783149
140.0,-0.03706677684115782,0.11933490683229812,0.34627709313414373,-0.08030526315789488,-0.38009999999999994,0.016733333333333333,0.31292051557465084,-0.19855545068451294,-0.18316666666666714,-0.2163644635510678,-0.44010999999999995,-0.612863076923077,-0.4143,-0.3651,-0.15233327492499665,0.2599923850276494,0.11377821019148986
141.0,-0.06312225051952632,0.10835714285714286,0.3260305992704887,-0.1189197368421054,-0.2949999999999999,0.025,0.32503651987110627,-0.20060738600205036,-0.17416666666666714,-0.22962793649609506,-0.454,-0.6054653846153847,-0.425,-0.38,-0.15439179279593512,0.25798696623810263,0.11377778577428425
142.0,-0.06962442420467795,0.09464857142857144,0.2974075648349,-0.14396842105263166,-0.19719999999999988,0.0327,0.3371525241675617,-0.21002189644574906,-0.1948333333333338,-0.2387920776508262,-0.46475,-0.5980676923076923,-0.4359333333333333,-0.39089999999999997,-0.1558701798498008,0.25457417437289664,0.1137773753810621
143.0,-0.05657329789661275,0.07540857142857142,0.26858372292959765,-0.1554513157894737,-0.1317999999999999,0.035800000000000005,0.3492685284640171,-0.22679898201560897,-0.23750000000000043,-0.24385688701526123,-0.46979999999999994,-0.59067,-0.4487333333333332,-0.3956,-0.15912307094486464,0.25184438642600887,0.11377697904834709
144.0,-0.023968871595330718,0.05063714285714287,0.2389011900102238,-0.15336842105263146,-0.09879999999999992,0.0343,0.36138453276047255,-0.2521615201900237,-0.2225000000000001,-0.24482236458940015,-0.46914999999999996,-0.5832723076923078,-0.4633999999999999,-0.3941,-0.15859432996370396,0.24467719573107302,0.11377659681101615
145.0,0.026051148008435172,0.020334285714285718,0.20835996607677854,-0.14178947368421038,-0.09819999999999993,0.028200000000000003,0.373500537056928,-0.31550399713942745,-0.254,-0.24245483945812088,-0.4628,-0.5758746153846154,-0.4799333333333332,-0.38639999999999997,-0.1643221658673772,0.2345474071848093,0.11377622870340753
146.0,0.11061835031336238,-0.015500000000000003,0.17696005112926178,-0.13021052631578933,-0.12999999999999995,0.017499999999999998,0.3856165413533834,-0.4101884742761303,-0.26399999999999996,-0.24008731432684155,-0.45075000000000004,-0.5684769230769231,-0.49833333333333324,-0.3725,-0.17066797346664364,0.22115851416010496,0.11377587476702261
147.0,0.17867415671799,-0.04692631578947369,0.14470144516767355,-0.11863157894736828,-0.17529999999999996,0.004499999999999999,0.39773254564983884,-0.522261546582212,-0.254,-0.23804049640039823,,-0.5610792307692308,-0.5153,-0.3598,-0.18904830439626552,0.21903917058533845,0.11377553505935084
148.0,0.21133388746561246,-0.06400526315789475,0.1117849556617275,-0.10705263157894725,-0.21519999999999997,-0.008500000000000002,0.4098485499462942,-0.5835977660289979,-0.25150000000000045,-0.23817180401617097,,-0.5536815384615384,-0.5275333333333333,-0.3557,-0.1972209138231938,0.22028071378401212,0.1137752096494853
149.0,0.22920232339630525,-0.06673684210526318,0.0871143220994748,-0.09547368421052618,-0.24969999999999998,-0.021500000000000002,0.41168637527885643,-0.6177574163044313,-0.2870000000000011,-0.24048123717415973,,-0.5462838461538461,-0.5350333333333334,-0.36019999999999996,-0.2064661749773227,0.222922262226729,0.11377489859921537
150.0,0.2374027596013219,-0.05512105263157897,0.08104866111932511,-0.056033082706766504,-0.27880000000000005,-0.03450000000000001,0.374566586796662,-0.6257359109280871,-0.2875000000000003,-0.24496879587436463,,-0.5388861538461538,-0.5378000000000001,-0.3733,-0.2101172249744549,0.21212636539850216,0.11377460195751334
151.0,0.2000869284010144,-0.02915789473684214,0.09358797272127849,-0.0023368421052628596,-0.3025,-0.04750000000000001,0.29848918449971096,-0.5699151223976215,,-0.2516344801167855,,-0.5314884615384615,-0.5358333333333334,-0.395,-0.20009656249151356,0.1990494816013561,0.11377431975174133
152.0,0.1582789022501711,0.0021006698564592793,0.12504589880672856,0.0347578947368423,-0.31829999999999997,-0.05960000000000001,0.18345416838800344,-0.5011731869137497,,-0.2601575826965866,,-0.5240907692307692,-0.5339333333333334,-0.417,-0.20321450328567447,0.17832183984736313,0.11377405199110892
153.0,0.13086336090549772,0.029602679425837265,0.17568125767918202,0.05525112781954896,-0.3237,-0.0699,,-0.5231122550141077,,-0.2686806852763878,,-0.5166930769230769,-0.5369,-0.43100000000000005,-0.23602980277681326,0.13367092419671803,0.11377379872054459
154.0,0.09723552352691864,0.0533481339712918,0.23724819339494552,0.05914285714285712,-0.3187,-0.07840000000000001,,-0.6121720430107522,,-0.27710193747483586,,-0.5092953846153846,-0.5447333333333333,-0.437,-0.240742566323612,0.12329608915040355,0.11377356002253718
155.0,0.04789657358796875,0.0733370334928229,0.2935350612197645,0.0389691119691117,-0.3033,-0.0851,,-0.6510752688172042,,-0.2845761847327635,,-0.5034993360323886,-0.5574333333333333,-0.43500000000000005,-0.24399878016431467,0.12726734960925273,0.11377333595432604
156.0,-0.014730832635876856,0.08956937799043055,0.3414258387199018,0.010602316602316447,-0.27749999999999997,-0.09,,-0.7310107526881723,-0.3963333333333333,-0.2911034270501708,,-0.49930493117408903,-0.575,-0.425,-0.27000551813640367,0.14481900041667428,0.11377312656498337
157.0,-0.06902530549666505,0.10297894736842099,0.3806068839939637,0.004899613899613853,-0.24720000000000003,-0.0928,,-0.7793548387096778,-0.41966666666666663,-0.29668366442705774,,-0.49671217004048573,-0.5902000000000001,-0.4136,-0.2748698061788671,0.15939809571646243,0.11377293192244559
158.0,-0.1065963431486413,0.11449952153110043,0.4108193787384435,0.021861003861003914,-0.2183,-0.0932,,-0.7989964157706099,-0.384,-0.3013168968634242,,-0.4957210526315789,-0.5957999999999999,-0.4074,-0.26965260652929646,0.16518858808868156,0.113772752067948
159.0,-0.12703413458569146,0.12413110047846887,0.43206332295334116,0.06148648648648662,-0.19080000000000003,-0.09119999999999999,,-0.7914047128803479,-0.312,-0.3051049747406232,,-0.49633157894736835,-0.5918,-0.4064,-0.2563395804419654,0.16484167335697347,0.11377258699885726
160.0,-0.08677375607531312,0.13187368421052628,0.4501912447345016,0.10337837837837849,-0.1647,-0.0868,,-0.8799853580416382,-0.28,-0.30889305261782224,,-0.49694210526315785,-0.5782,-0.4106000000000001,-0.2490942865618647,0.1607718659202605,0.11377243669399886
161.0,0.01444510839355161,0.1377272727272727,0.468319166515662,0.14527027027027034,-0.14,-0.07999999999999999,,-0.8974262182566914,-0.21700000000000003,-0.31232092492138813,-0.556,-0.4975526315789473,-0.5549999999999999,-0.42000000000000004,-0.22302473036306544,0.1366331506406809,0.11377230111836281
162.0,0.1465855753196213,0.14184545454545452,0.48644708829682237,0.18505630630630635,-0.11740000000000002,-0.0678,,-0.9671896591169069,-0.182,-0.3104454171655721,-0.5542400000000001,-0.49816315789473686,-0.5287,-0.4316,-0.20672210365989166,0.12832842948164402,0.11377218021701074
163.0,0.23184999999999922,0.14438181818181817,0.5045750100779828,0.22063063063063063,-0.09759999999999999,-0.04719999999999999,,-1.0336842827728208,-0.176,-0.3032665293503741,-0.5529600000000001,-0.49877368421052626,-0.5058,-0.4424,-0.19584850579329777,0.1372272393341164,0.11377207393933131
164.0,0.31685537720706225,0.14533636363636365,0.5219651503370851,0.2519932432432432,-0.08059999999999999,-0.018199999999999994,,-1.0762258064516135,-0.188,-0.29078426147579434,-0.55216,-0.4993842105263157,-0.48629999999999995,-0.4524,-0.18443751399227304,0.14729337150034777,0.11377198225114707
165.0,0.3720613964686998,0.1447090909090909,0.5385920096909599,0.27914414414414407,-0.0664,0.01920000000000001,,-1.0912258064516132,-0.2046666666666667,-0.2729986135418326,-0.5518400000000001,-0.49999473684210527,-0.4702,-0.46159999999999995,-0.17346174770453107,0.15535809120757507,0.11377190512144854
166.0,0.3974680577849116,0.14250000000000002,0.5544555881396072,0.3020833333333332,-0.05500000000000001,0.06500000000000002,,-1.101870967741935,-0.24733333333333335,-0.2502697911221221,-0.552,-0.5006052631578947,-0.4574999999999999,-0.47000000000000003,-0.16637353184361642,0.1657908265920699,0.11377184252190481
167.0,0.4115253611556987,0.13953000000000002,0.5695558856830267,0.3159661016949152,-0.0479,0.10980000000000001,,-1.0513333333333326,-0.22300000000000003,-0.2275409687024116,-0.55084,-0.5012157894736842,-0.44930000000000003,-0.4729333333333333,-0.15134381647528475,0.15796266122902042,0.11377179442343939
168.0,0.4702693171996547,0.13662000000000002,0.5838929023212188,0.31991949152542376,-0.046599999999999996,0.14420000000000002,,-1.0123360358806273,-0.21000000000000002,-0.2049815896538401,-0.54656,-0.5018263157894737,-0.4467,-0.4657333333333333,-0.13612454626773518,0.15352514289638383,0.11377176078543058
169.0,0.5029996542783064,0.13377,0.5982044195762415,0.31394350282485883,-0.0511,0.1682,,-1.0003900293255124,-0.188,-0.18838852649044258,-0.5391600000000001,-0.5024368421052631,-0.4497,-0.4484,-0.12617241223933784,0.15309496087962704,0.11377174156363812
170.0,0.4991007778738119,0.13098,0.612515936831264,0.2980381355932205,-0.061399999999999996,0.18180000000000002,,-0.9616911045943292,-0.15933333333333335,-0.17776177921221903,-0.52864,-0.5030473684210526,-0.45830000000000004,-0.4209333333333333,-0.11834273895888857,0.14431089084688573,0.11377173672367237
171.0,0.48024125941474277,0.12825,0.6268274540862866,0.2722033898305087,-0.07749999999999999,0.185,,-0.9715405669599214,-0.13333333333333336,-0.1731013478191695,-0.515,-0.5036578947368422,-0.4725,-0.3833333333333333,-0.117479070055434,0.14551319580379266,0.11377174624447804
172.0,0.4521810989010988,0.12398,0.6411389713413091,0.24338983050847474,-0.0934,0.1836,0.026806432748537345,-1.028207233626588,-0.12933333333333336,-0.17440723231129396,-0.50255,-0.5042684210526316,-0.4882000000000001,-0.3463,-0.11396927763031629,0.157474900276753,0.11377177011567385
173.0,0.4282914285714286,0.11657,0.6554504885963318,0.2145762711864408,-0.1031,0.18339999999999998,-0.026582456140351617,-0.9980647461330572,-0.11000000000000001,-0.18150998931745346,-0.49559999999999993,-0.504878947368421,-0.5013,-0.3205333333333333,-0.11737723456702973,0.15010224510679418,0.11377180833337534
174.0,0.4163662377317342,0.10602,0.6697620058513543,0.18576271186440688,-0.10659999999999999,0.1844,-0.09019590643274925,-0.9444946236559136,-0.11533333333333333,-0.18861274632361297,-0.49415,-0.5054894736842106,-0.5117999999999999,-0.30603333333333327,-0.12145703295111847,0.14088340652926667,0.11377186090303162
175.0,0.3771128026172308,0.09233,0.6840183807264892,0.15694915254237293,-0.10389999999999999,0.1866,-0.158344444444445,-0.9129032258064514,-0.08866666666666666,-0.19571550332977247,-0.4981999999999999,-0.5061,-0.5197,-0.30279999999999996,-0.12780853602580308,0.1385815093204617,0.11377192783827252
176.0,0.3969765146532266,0.07549999999999998,0.6981316404194102,0.128135593220339,-0.095,0.19,-0.21395964912280746,-0.9217204301075268,-0.10666666666666666,-0.20157224770278023,-0.5077499999999999,-0.5067105263157894,-0.5249999999999999,-0.3108333333333333,-0.13574779321113775,0.14441542958507825,0.11377200915767087
177.0,0.38558651465322635,0.06042368421052632,0.7121017849301172,0.09932203389830505,-0.082,0.1876,-0.24795906432748552,-0.9535268817204299,-0.13133333333333333,-0.20616896797463138,-0.51796,-0.507321052631579,-0.5296999999999998,-0.3245333333333333,-0.1468191868306156,0.15417866561365864,0.11377210488628092
178.0,0.3074822289389406,0.05199473684210526,0.7259288142586102,0.07050847457627112,-0.067,0.17240000000000003,-0.25920058479532154,-1.0292043010752685,-0.13533333333333333,-0.2095056641453259,-0.52399,-0.5080568421052633,-0.5357999999999998,-0.33829999999999993,-0.16271974791704186,0.17112152303083486,0.11377221505919319
179.0,0.17854313406434935,0.050213157894736835,0.7396127284048892,0.046063174114021506,-0.05,0.1444,-0.25909626630679267,-1.0086469915351164,-0.12733333333333335,-0.21158233621486383,-0.52584,-0.5092936842105263,-0.5433,-0.3521333333333333,-0.17345669646114065,0.1768086999419317,0.11377233971714522
180.0,0.13579656917885236,0.05507894736842105,0.7532086697488418,0.02647149460708776,-0.031000000000000007,0.1036,-0.26057975708502046,-0.9332061313200629,-0.152,-0.21239898418324513,-0.5235099999999999,-0.5110315789473685,-0.5521999999999999,-0.3660333333333333,-0.17627172171184485,0.17157751765579296,0.1137724788882587
181.0,0.05315830280830232,0.0665921052631579,0.7668046110927946,0.011733436055469896,-0.010000000000000005,0.049999999999999975,-0.28071947818263665,-0.8796147334706005,-0.144,-0.21320162068362158,-0.517,-0.5132705263157896,-0.5625,-0.38,-0.1822869931023517,0.1781966901955566,0.11377263258422966
182.0,-0.011352828652828802,0.08147157894736842,0.7804005524367473,0.0018489984591679113,0.006099999999999995,-0.0035000000000000252,-0.319515429599641,-0.8250340883093102,-0.10766666666666666,-0.21634704777006197,-0.50855,-0.5160105263157895,-0.5665,-0.3933,-0.18556824696221538,0.18806808077798415,0.11377280081208233
183.0,-0.022276251526251605,0.09643631578947369,0.7939964937807,0.0044014401440143945,0.010399999999999996,-0.044000000000000025,-0.35499554655870497,-0.6903674216426421,-0.128,-0.22257748899387736,-0.5004,-0.5191263157894739,-0.5565,-0.40519999999999995,-0.18130062677119732,0.19006134868753255,0.11377298356934341
184.0,0.020388034188033928,0.11148631578947368,0.8075924351246527,0.022605760576057614,0.002899999999999997,-0.07150000000000004,-0.364936122357175,-0.6548817204301065,-0.15333333333333335,-0.23189294435506777,-0.49255000000000004,-0.522242105263158,-0.5325,-0.4157,-0.1767545485757588,0.18716176526984366,0.11377318083684738
185.0,0.05376549897676695,0.12662157894736842,0.8211883764686053,0.055976597659766016,-0.016400000000000005,-0.08600000000000001,-0.34209298245613995,-0.6495517050691231,-0.16333333333333333,-0.24429341385363318,-0.48500000000000004,-0.5253578947368421,-0.49450000000000005,-0.4248,-0.1695555198140404,0.18383865376067376,0.11377339258511537
186.0,0.0990223590757326,0.1418421052631579,0.8347843178125581,0.10451395139513957,-0.0475,-0.0875,-0.28668485353216183,-0.5913983410138235,-0.16716666666666663,-0.25977889748957367,-0.47775,-0.5284736842105263,-0.4425,-0.4325,-0.15293497924044033,0.17885654960843644,0.11377361877067373
187.0,0.18506494417094943,0.15941228070175437,0.8478049297853169,0.1682178217821783,-0.0744,-0.08249999999999999,-0.20534644477429084,-0.49147539170506793,-0.22416666666666663,-0.2735827658687045,-0.46304,-0.5315894736842106,-0.3901,-0.4309,-0.12904291187562447,0.17706177074968865,0.11377385932412083
188.0,0.27984062268347004,0.18159649122807014,0.8601099658842338,0.23950495049504963,-0.0811,-0.07750000000000001,-0.12004982095985564,-0.48612694316436267,-0.19716666666666666,-0.27602524487818714,-0.43311,-0.5347052631578948,-0.35089999999999993,-0.4121,-0.10055227918115317,0.17076228509885208,0.11377411415031205
189.0,0.3785599209290841,0.20839473684210522,0.8716994261093094,0.31079207920792096,-0.0676,-0.07250000000000001,-0.04160663301103268,-0.4765142857142856,-0.1915000000000003,-0.2671063345180217,-0.38796,-0.537821052631579,-0.32489999999999997,-0.3761,-0.06958301019903576,0.16958042943665788,0.11377438313671202
190.0,0.4528824561403514,0.23980701754385958,0.882573310460543,0.3820792079207923,-0.033900000000000007,-0.0675,0.022811025719125813,-0.454982857142857,-0.13750000000000034,-0.24682603478820803,-0.32759,-0.5409368421052633,-0.3121,-0.3229,-0.03314876544654693,0.16826891606525532,0.11377466615681366
191.0,0.5044315789473688,0.27583333333333326,0.8927316189379353,0.45336633663366366,0.019999999999999997,-0.0625,0.06724284763378305,-0.4185942857142854,-0.0343333333333337,-0.21518434568874617,-0.252,-0.5440526315789475,-0.3125,-0.2525,0.00871007994076932,0.1667679134066866,0.11377496306684562
192.0,0.5289527814511155,0.3151511627906976,0.9027496809126797,0.5246534653465349,0.08305,-0.049400000000000006,0.09832354192198911,-0.367348571428571,0.08566666666666631,-0.17454872336718943,-0.17745,-0.5471684210526316,-0.3184,-0.182,0.05158797023152073,0.16972413539295597,0.11377527370709019
193.0,0.5584790972405891,0.35643798449612396,0.9127677428874243,0.5905055663461085,0.1442,-0.0201,0.1316054895361249,-0.30967999999999984,0.13526666666666715,-0.13244019977689295,-0.12019999999999997,-0.5502842105263157,-0.3221,-0.1285,0.08899700977641634,0.17468902848495432,0.11377559791520821
194.0,0.6183312275664039,0.39969379844961234,0.9227858048621685,0.642770098062438,0.20345,0.025399999999999995,0.17199107142857137,-0.2840114285714286,0.2198666666666674,-0.08885877491785674,-0.08024999999999999,-0.5534000000000001,-0.3236,-0.092,0.12729774739618396,0.17524539989196564,0.11377593553581822
195.0,0.6997812275664039,0.44491860465116273,0.9328038668369132,0.6814470604955234,0.2608,0.0871,0.22665238095238083,-0.2616228571428569,0.23026666666666876,-0.043804448790080844,-0.057599999999999985,-0.5565157894736842,-0.3229,-0.07250000000000001,0.1606304794116022,0.1727564570960821,0.11377628642019036
196.0,0.7870145608997372,0.4921124031007752,0.9428219288116576,0.7065364536453647,0.31625,0.16499999999999998,0.2920097985347985,-0.1958057142857137,0.21360000000000207,0.0027227786064347864,-0.05225,-0.5596315789473684,-0.32,-0.07,0.19431290216897762,0.17187732300377295,0.11377665042629917
197.0,0.8530547619047623,0.5344717054263566,0.952839990786402,0.7180382775119617,0.37074999999999997,0.2444,0.3678993131868134,-0.1409599999999997,0.20800000000000196,0.047576440097684795,,-0.5627473684210527,-0.31479999999999997,-0.07410000000000001,0.21634816802266613,0.17884294994859545,0.11377702742510389
198.0,0.8830547619047623,0.5651930232558138,0.962985549552862,0.7213875598086125,0.42524999999999996,0.3106,0.4387685439560446,-0.11425142857142818,0.22960000000000141,0.08348059824834757,,-0.5658631578947368,-0.30720000000000003,-0.0744,0.24359296262015442,0.18448348561023944,0.11377741730214117
199.0,0.9364833333333333,0.5842763565891472,0.9737035690406388,0.7247368421052631,0.47974999999999995,0.36360000000000003,0.459873901098901,-0.06184571428571371,0.2530000000000015,0.11043525305842308,,-0.568978947368421,-0.2972,-0.0709,0.26884905056717706,0.19124773604725598,0.11377781994494363
200.0,0.9719333333333328,0.5917217054263565,0.9849940492497323,0.7280861244019138,0.5342499999999999,0.4034,0.43020247252747196,-0.02140571428571416,0.2890999999999995,0.12844040452791133,,-0.5720947368421052,-0.2848,-0.0636,0.28679466939543286,0.19455551124395823,0.11377823524553451
201.0,0.9579304347826083,0.5875290697674418,0.9968569901801423,0.7314354066985645,0.5887499999999999,0.43,0.37302719780219745,-0.04439428571428604,0.3150999999999996,0.13749605265681236,,-0.5752105263157895,-0.27,-0.052500000000000005,0.2910864156661092,0.1925162593361335,0.11377866312141945
202.0,0.9571971014492753,0.5830936046511628,1.0092923918318693,0.7347846889952153,0.6356999999999999,0.4426,0.3431323260073261,-0.08845142857142899,0.3492000000000005,0.1374958041395939,,-0.5764715789473684,-0.25270000000000004,-0.03953333333333334,0.2956494338480032,0.19306732786290168,0.11377910351913718
203.0,0.9538789196310935,0.589810465116279,1.0221727574131974,0.7381339712918661,0.6675499999999999,0.4404,0.34051785714285804,-0.14393714285714335,0.3740000000000002,0.13259486138094928,,-0.5740231578947368,-0.23279999999999998,-0.026633333333333335,0.2992129432071353,0.19420079892664863,0.11377955639671045
204.0,0.8814119774823332,0.6076796511627907,1.0350531229945255,0.7414832535885167,0.6843,0.4234,0.39027142857143043,-0.15476571428571426,0.39380000000000026,0.12279322438087861,,-0.5678652631578947,-0.2103,-0.013800000000000007,0.30319728804143037,0.19511845179635223,0.11378002171254238
205.0,0.7829962750029951,0.6367011627906976,1.0479334885758536,0.7448325358851675,0.6859499999999998,0.39159999999999995,0.47315595238095487,-0.08845142857142801,0.3702999999999997,0.1080908931393818,,-0.557997894736842,-0.18519999999999998,-0.0010333333333333457,0.30899851653347504,0.20242368823254853,0.11378049942284703
206.0,0.701101377410469,0.6768749999999999,1.0608138541571814,0.7481818181818183,0.6725,0.3449999999999999,0.5756571428571451,-0.03586857142857099,0.3727000000000004,0.08848786765645891,,-0.5444210526315789,-0.15749999999999995,0.011666666666666648,0.31717670512856294,0.21787725475085035,0.11378098947751304
207.0,0.6019214876033063,0.7165392857142857,1.0736942197385093,0.7515311004784688,0.6588999999999999,0.2944,0.6492904761904781,0.008182857142857635,0.3821999999999996,0.07581746274283538,,-0.5289894736842105,-0.13279999999999992,0.021499999999999974,0.321560806132943,0.2385202787537153,0.11378149182327844
208.0,0.5161776859504137,0.7440321428571428,1.0865745853198374,0.7548803827751196,0.6601,0.2506,0.6974384615384626,0.0596628571428577,0.3816999999999988,0.07215305045885614,,-0.5135578947368421,-0.11669999999999991,0.025666666666666636,0.3251408462903263,0.26002157950494714,0.11378200641136214
209.0,0.43043388429752116,0.7593535714285714,1.0994549509011655,0.7582296650717704,0.6761,0.21359999999999996,0.7348546703296714,0.055346666666666676,0.3768999999999985,0.07749463080452125,,-0.49812631578947364,-0.10919999999999992,0.024166666666666635,0.3235931887829852,0.2786687526573483,0.11378253320138439
210.0,0.34469008264462875,0.7625035714285714,1.101503187311345,0.761578947368421,0.7069,0.18339999999999998,0.7540070512820517,-0.027445714285714812,0.40629999999999933,0.09184220377983066,,-0.48269473684210523,-0.11029999999999993,0.016999999999999973,0.31672212742221206,0.2919416572234188,0.11378307216644697
211.0,0.25894628099173617,0.7534821428571428,1.0866638337209598,0.7649282296650718,0.7525000000000001,0.15999999999999998,0.7390201465201464,-0.0978400000000004,0.4178999999999986,0.11519576938478437,-0.462,-0.4672631578947368,-0.11999999999999995,0.004166666666666645,0.27897856513655495,0.30864043463376106,0.11378362331938785
212.0,0.17320247933884372,0.7301361344537814,1.0549368901300096,0.7682775119617226,0.7868999999999999,0.14500000000000002,0.6837582417582407,-0.14899619047619078,0.38889999999999836,0.13022794624324022,-0.48064,-0.4518315789473684,-0.13789999999999997,-0.01383333333333335,0.25915272150921015,0.3147843040368117,0.11378418671494937
213.0,0.13000183654729155,0.6903123949579831,1.004186784625397,0.7716267942583732,0.7841,0.14000000000000004,0.6235912087912076,-0.18091428571428586,0.36379999999999907,0.13266147945949966,-0.47816000000000003,-0.4364,-0.16359999999999997,-0.03650000000000001,0.23890758663753314,0.30795229551328124,0.11378476240319119
214.0,0.1302125803489443,0.6340109243697479,0.9336867850811252,0.7766411483253589,0.7441,0.14500000000000002,0.5648535714285703,-0.203169523809524,0.3017999999999984,0.12249636903356273,-0.45456,-0.42096842105263155,-0.1971,-0.06383333333333334,0.2152264357422727,0.2867818413287921,0.11378535042158837
215.0,0.1515720844811756,0.5612317226890756,0.8542690206683432,0.7849856459330143,0.6669,0.16,0.5317672427730701,-0.23266285714285742,0.20939999999999795,0.09973261496542941,-0.40984,-0.40553684210526314,-0.2384,-0.09583333333333335,0.18839894992347508,0.2593718490515071,0.11378595081591401
216.0,0.19408034894398535,0.4719747899159664,0.7729630278879429,0.7966602870813397,0.5525,0.18500000000000003,0.5006901469098266,-0.2620228571428573,0.13539999999999794,0.06437021725509971,-0.34400000000000003,-0.39010526315789473,-0.2875,-0.1325,0.16125076412095754,0.22747982869741268,0.11378656363989455
217.0,0.2577373737373736,0.3866050420168067,0.6899396524863672,0.7553923444976077,0.42279999999999995,0.2152,0.47162228383883986,-0.28147809523809536,0.07319999999999903,0.025353569726181156,-0.28188,-0.3746736842105263,-0.3345,-0.1711,0.13244417763246807,0.19302905879007187,0.11378718895120757
218.0,0.3,0.3254873949579832,0.6073344663767136,0.6611818181818184,0.29969999999999997,0.24580000000000002,0.40798391237423826,-0.28014857142857136,-0.02220000000000084,-0.010766245220053372,-0.24832,-0.3592421052631579,-0.3695,-0.2089,0.09631504785564064,0.1645006871570829,0.11378782681625559
219.0,0.32,0.28862184873949576,0.5362664675466995,0.5123636363636368,0.18319999999999997,0.2768,0.3090404112032774,-0.25161142857142826,-0.10169999999999968,-0.04398922758360387,-0.24332000000000004,-0.34381052631578946,-0.39249999999999996,-0.2459,0.05739008438444909,0.14243625394818543,0.11378847731721604
220.0,0.33999999999999997,0.27600840336134447,0.47722014357554626,0.3072727272727279,0.07329999999999999,0.30820000000000003,0.17835191850526777,-0.22022285714285683,-0.14270000000000055,-0.07431537736447034,-0.26688,-0.32837894736842105,-0.4035,-0.2821,0.017304000774224067,0.1313373695422533,0.11378914054767056
221.0,0.36,0.28764705882352937,0.43046068719037844,0.09887272727272772,-0.030000000000000016,0.33999999999999997,0.05955282389232135,-0.1956342857142855,-0.25720000000000176,-0.10174469456265278,-0.31899999999999995,-0.31294736842105264,-0.4025,-0.3175,-0.025713789394216903,0.16044761260908552,0.11378981660736397
222.0,0.38,0.31191633986928097,0.4151865691072009,-0.02125454545454527,-0.11280000000000001,0.36619999999999997,-0.025331693989072257,-0.1876171428571428,-0.295500000000002,-0.1265310286173718,-0.37440666666666667,-0.29751578947368423,-0.3937,-0.34750000000000003,-0.05063242557728599,0.1846174786687379,0.11379050558559957
223.0,0.4,0.33719477124183,0.4313977893260141,-0.056252569169960444,-0.1612,0.38079999999999997,-0.0784742749054231,-0.1974685714285714,-0.24100000000000094,-0.15131736267209078,-0.40782666666666667,-0.2820842105263158,-0.38130000000000003,-0.36750000000000005,-0.05535936391437044,0.18729058146209465,0.11379120752445905
224.0,0.42350000000000004,0.3634823529411764,0.46681512902731337,-0.03441264822134406,-0.1752,0.38380000000000003,-0.10029176124421993,-0.21760571428571435,-0.16750000000000118,-0.17202210192993886,-0.41925999999999997,-0.26665263157894736,-0.3653,-0.37750000000000006,-0.04701052680654834,0.1786868058438148,0.1137919224030934
225.0,0.4505,0.3907790849673202,0.511391839686783,0.04426521739130389,-0.1548,0.3752,-0.07716010928961616,-0.21307428571428555,-0.06649999999999956,-0.18627331875653294,-0.4087066666666666,-0.25122105263157896,-0.3457,-0.37750000000000006,-0.022057092215233824,0.16123655639176498,0.11379265014519212
226.0,0.481,0.41908496732026146,0.5638886529058227,0.12681739130434758,-0.1,0.355,-0.013196174863386178,-0.17939999999999967,0.0380000000000017,-0.19407101315187308,-0.37616666666666665,-0.23702421052631584,-0.32249999999999995,-0.36750000000000005,0.01385235330872793,0.14512589044389765,0.11379339062394049
227.0,0.5149999999999999,0.4462143790849673,0.6061704215211806,0.1779347826086956,-0.037500000000000006,0.32899999999999996,0.058704977108257395,-0.12614857142857097,0.05850000000000011,-0.1954151851159592,-0.33852000000000004,-0.22447368421052633,-0.30040000000000006,-0.3496,0.04424765139771739,0.13970620356069496,0.11379414368305864
228.0,0.5544999999999998,0.46998169934640527,0.6415826614706024,0.20076086956521738,0.006000000000000003,0.303,0.12180372175454282,-0.06572952380952345,0.06099999999999907,-0.19030583464879142,-0.31264666666666663,-0.2135694736842105,-0.2841,-0.3259,0.06902696095196956,0.1435982132652014,0.113794909170381
229.0,0.6039999999999998,0.4903869281045751,0.6720123257118711,0.22358695652173913,0.030500000000000006,0.27699999999999997,0.17091699896618007,-0.020442751322751074,0.05349999999999847,-0.18282455654724056,-0.2985466666666666,-0.2043115789473684,-0.27359999999999995,-0.2964,0.08898411827288114,0.14838967906868455,0.11379568695164774
230.0,0.6634999999999999,0.5074300653594771,0.7038087556784552,0.2464130434782609,0.03600000000000001,0.251,0.19242076502732258,0.005374391534391784,0.05249999999999847,-0.1753432784456897,-0.29622,-0.1967,-0.26890000000000003,-0.2611,0.10429883875944397,0.15170592391320822,0.11379647690907352
231.0,0.7163333333333333,0.5211111111111111,0.7315979607514015,0.26923913043478265,0.0225,0.22499999999999995,0.18631501993797028,0.02547724867724893,0.0718333333333318,-0.1740011338688475,-0.30566666666666664,-0.18949999999999997,-0.27,-0.22000000000000003,0.11501709550311887,0.15594547005244752,0.1137972789403188
232.0,0.7583333333333333,0.5327666666666666,0.7541457716315139,0.2920652173913044,0.011700000000000002,0.202,0.16346964997784624,0.045728677248677435,0.054833333333332734,-0.17912729488852067,-0.31410666666666665,-0.1823,-0.2732,-0.1752,0.12079347771624903,0.16370209759291407,0.11379809295856343
233.0,0.7858333333333334,0.5437333333333333,0.7648172544213654,0.3081355498721228,0.025300000000000007,0.18499999999999997,0.14062428001772223,0.05894391534391554,0.09783333333333367,-0.19072176150470924,-0.3087599999999999,-0.17509999999999998,-0.27480000000000004,-0.1288,0.1308599455821726,0.16535233892630302,0.11379891888506523
234.0,0.7883333333333334,0.5540111111111111,0.7600322988299116,0.3166994884910487,0.0633,0.174,0.11777891005759818,0.08601142857142902,0.1286666666666676,-0.20878453371741315,-0.28962666666666664,-0.1679,-0.27480000000000004,-0.08080000000000001,0.14049443119121566,0.1683134142793322,0.11379975663754563
235.0,0.7658333333333333,0.5636,0.7430038243687787,0.31775703324808185,0.1257,0.16899999999999998,0.09493354009747415,0.13702857142857194,0.14966666666666759,-0.23331561152663244,-0.25670666666666664,-0.1607,-0.2732,-0.031199999999999995,0.1508143350678291,0.17637003668278967,0.11380060612941137
236.0,0.7463095238095236,0.5725,0.7191058216569198,0.3160440785009656,0.2125,0.16999999999999998,0.07208817013735011,0.14148571428571416,0.19433333333333427,-0.258062957300765,-0.20999999999999996,-0.1535,-0.27,0.02000000000000001,0.16234312031593157,0.17756889542845977,0.11380146727146559
237.0,0.7013571428571426,0.5721222222222222,0.6883382906943349,0.31629651860744296,0.2914,0.173,0.049242800177226084,0.08697142857142806,0.2503333333333343,-0.2824548451304545,-0.16693333333333332,-0.14629999999999999,-0.26660000000000006,0.05960000000000001,0.16616953985709587,0.17250422908631874,0.11380233997776831
238.0,0.6613823529411763,0.5538777777777778,0.6539906494407055,0.3252701080432172,0.3301,0.174,0.026397430217102058,-0.007542857142858061,0.2633333333333333,-0.30649127501570095,-0.1449333333333333,-0.1391,-0.2644,0.0744,0.15716315616152993,0.16315422392251672,0.11380322418510068
239.0,0.6322689075630251,0.5177666666666667,0.6168852520100707,0.3437154861944777,0.3286,0.173,0.0035520602569780292,-0.1320571428571436,0.25,-0.3301722469565043,-0.144,-0.1319,-0.2634,0.0644,0.13776135591982638,0.1491480141148687,0.11380411986748631
240.0,0.614016806722689,0.4637888888888889,0.5757726296362434,0.37163265306122434,0.28690000000000004,0.16999999999999998,-0.019293309703146,-0.239428571428572,0.23000000000000004,-0.3534977609528646,-0.1641333333333333,-0.12469999999999999,-0.2636,0.029599999999999998,0.11264700020650922,0.13618993141624883,0.11380502703235071
241.0,0.5944037114845938,0.39194444444444443,0.5306527823192236,0.3970185097294731,0.205,0.16499999999999998,-0.04213867966327003,-0.3203875837742509,0.178,-0.3765807211116753,-0.20533333333333328,-0.11749999999999998,-0.265,-0.029999999999999992,0.07893422357822891,0.12547865408427358,0.11380594571278142
242.0,0.6041477591036416,0.32247777777777775,0.48606459700520066,0.4102923588039866,0.1166,0.15899999999999997,-0.06498404962339406,-0.3661930452154642,0.17600000000000013,-0.39065276703456353,-0.25387999999999994,-0.11029999999999998,-0.271,-0.10059999999999998,0.05121233077265603,0.12174159160790307,0.11380687595580935
243.0,0.6145094537815128,0.27563333333333334,0.44319379380829427,0.41145420028476504,0.05539999999999999,0.15299999999999997,-0.08782941958351809,-0.3717406052660327,0.12933333333333347,-0.3915849639761278,-0.2960533333333333,-0.1031,-0.28500000000000003,-0.16840000000000002,0.027058270884444728,0.12120320568155214,0.1138078178016932
244.0,0.6221050420168067,0.25141111111111114,0.4047981289055098,0.40050403417180813,0.021399999999999992,0.147,-0.11067478954364211,-0.35832169249738577,0.09133333333333347,-0.37937731193636803,-0.3318533333333333,-0.09589999999999999,-0.30700000000000005,-0.2334,0.008716037301988543,0.12151981039916573,0.11380877127351242
245.0,0.6319,0.24981111111111112,0.38548618698620185,0.38048770764119605,0.014599999999999991,0.141,-0.12303699601240585,-0.38350202119523696,0.0533333333333339,-0.3540298109152841,-0.36127999999999993,-0.08869999999999997,-0.3370000000000001,-0.2956,-0.006180749217934628,0.11578701539155423,0.11380973637742225
246.0,0.6449607142857143,0.27083333333333337,0.3867828301058891,0.3657794019933555,0.03499999999999999,0.13499999999999998,-0.11854652193176758,-0.4019911504424779,0.0173333333333339,-0.3155424609128763,-0.3843333333333333,-0.08149999999999999,-0.375,-0.35500000000000004,-0.012587418112059271,0.10820858917875215,0.11381071310043223
247.0,0.6631404761904761,0.29996666666666666,0.4174037399799996,0.3612239202657809,0.0682,0.129,-0.09720336730172734,-0.40641592920353986,-0.026666666666666245,-0.27369497721828295,-0.4016466666666666,-0.07429999999999999,-0.41390000000000005,-0.40490000000000004,-0.011413771710997183,0.10456763199337314,0.1138117014044938
248.0,0.6864392857142856,0.32270000000000004,0.4606187848090011,0.36682126245847196,0.09979999999999999,0.123,-0.06388731354305047,-0.41084070796460176,-0.07733333333333291,-0.24605298231186185,-0.4138533333333333,-0.06709999999999998,-0.4466,-0.4386,-0.007492024107458748,0.108615883822449,0.11381270122789557
249.0,0.7148571428571426,0.33903333333333335,0.5164279645928938,0.3674142857142858,0.1298,0.11699999999999999,-0.020311475409835196,-0.43504555479918333,-0.09399999999999957,-0.23261647619361306,-0.4209533333333333,-0.059899999999999974,-0.47309999999999997,-0.4561,-0.0005352938027364014,0.11344715509469523,0.11381371249419103
250.0,0.7434285714285712,0.34896666666666665,0.5704623889614248,0.35616785714285715,0.1582,0.11099999999999999,0.023040983606558187,-0.4805192920353985,-0.10600000000000001,-0.2333854588635365,-0.42294666666666664,-0.056936925925925905,-0.49339999999999995,-0.4574,0.004334151736753554,0.12013966265794081,0.11381473512034174
251.0,0.7645612859406837,0.3524999999999999,0.6127613690380601,0.325975,0.185,0.10500000000000001,0.048245355191257326,-0.5472619196732476,-0.06066666666666667,-0.24835993032163226,-0.41983333333333334,-0.058210777777777764,-0.5075,-0.4425,0.00783645588552448,0.1228077348360795,0.11381576902473693
252.0,0.7745914421553091,0.3527641025641025,0.6300703361611822,0.2853475067385444,0.2052,0.0974,0.053393442622950794,-0.6352734377127304,-0.042666666666666665,-0.2767710895146842,-0.41559,-0.06372155555555555,-0.5191,-0.41950000000000004,0.0018674343423179588,0.1314633304070008,0.11381681413742388
253.0,0.7735190400724473,0.3528897435897435,0.6379337020162037,0.23995990566037725,0.2138,0.0866,0.043365027322403944,-0.7445538461538468,-0.0006666666666666655,-0.3027813352889681,-0.4141933333333333,-0.07346925925925925,-0.5319,-0.39649999999999996,-0.008285501574349952,0.14443354632013705,0.11381787040896148
254.0,0.7613440796920987,0.352876923076923,0.6363514666031242,0.20496933962264158,0.21080000000000002,0.0726,0.02795016393442573,-0.8553230769230776,0.023999999999998863,-0.3231093492246417,-0.4156433333333333,-0.08745388888888889,-0.5459,-0.37350000000000005,-0.022145548245766446,0.16058184258559344,0.11381893780786555
255.0,0.7380665610142632,0.352725641025641,0.6263334043690294,0.1841650943396227,0.19619999999999999,0.05539999999999999,0.007344262295081451,-0.96326287515763,0.013999999999998866,-0.3377551313217048,-0.41994,-0.10143851851851853,-0.5611,-0.3505,-0.03998296871101554,0.17720225010046384,0.11382001631542925
256.0,0.7111251980982567,0.3524358974358974,0.6137807051339675,0.17754716981132077,0.16999999999999998,0.035,-0.006897486338798222,-1.0646225977301393,-0.07866666666666615,-0.3467186815801576,-0.4270833333333333,-0.11542314814814816,-0.5774999999999999,-0.3275,-0.06318021023698579,0.19491158352012655,0.11382110592697581
257.0,0.6863685112713864,0.3533729603729604,0.5932135563191725,0.17660377358490567,0.1293,0.0154,-0.012866885245901854,-1.159402244640606,,-0.35,-0.43715000000000004,-0.1294077777777778,-0.5958,-0.3133,-0.07536368240072688,0.2181048131548717,0.11382220664028438
258.0,0.667680369136561,0.3569020979020979,0.5646319579246442,0.17566037735849058,0.07120000000000001,0.0006000000000000012,-0.010563934426229455,-1.2613627304705652,,-0.35,-0.45021666666666665,-0.1433924074074074,-0.6167,-0.3167,-0.09602466936482032,0.23772684455155182,0.1138233184452862
259.0,0.6550607716937804,0.36302331002331,0.5280359099503825,0.1747169811320755,-0.004299999999999993,-0.0094,-0.008065573770491764,-1.3626186950295676,,-0.35238670158927465,-0.4662833333333333,-0.15737703703703704,-0.6402,-0.3377,-0.11950416408105727,0.25888017447892064,0.11382444133876535
260.0,0.6132240046573292,0.37173659673659676,0.4834254123963877,0.17377358490566036,-0.0972,-0.014599999999999998,-0.014353934426229458,-1.384864382095056,,-0.357792137086034,-0.48534999999999995,-0.1713616666666667,-0.6663,-0.37629999999999997,-0.14323248359012314,0.2602455932062766,0.11382557532921576
261.0,0.49344217687074626,0.38304195804195806,0.4333351022636265,0.1728301886792453,-0.20750000000000002,-0.015000000000000003,-0.0296780327868851,-1.3437307323970402,,-0.36621630649027803,-0.5074166666666666,-0.18534629629629631,-0.6950000000000001,-0.4325,-0.17198449029809068,0.2460568628256121,0.11382672043161077
262.0,0.29353061224489546,0.3826798076923077,0.36350828547121466,0.1718867924528302,-0.3117,-0.013000000000000001,-0.05521300546448031,-1.2933391016809055,-0.46699999999999997,-0.37765920980200673,-0.5281799999999999,-0.19933092592592594,-0.7219333333333333,-0.49085,-0.23190000559610027,0.2422097977880937,0.11382787669612736
263.0,0.018868600071605224,0.3563905594405594,0.2908191652525132,0.157989218328841,-0.3863,-0.011,-0.10276131147540908,-1.2125675130509872,-0.5243333333333349,-0.39212084702122013,-0.5433366666666666,-0.21331555555555556,-0.7427333333333334,-0.5359,-0.2743072155244992,0.24318242183062777,0.11382904421540742
264.0,-0.18542105263158165,0.30417421328671324,0.21526774160752232,0.13113746630727763,-0.43129999999999996,-0.009000000000000003,-0.17232295081967142,-1.0903728807471147,-0.5583333333333347,-0.40636681780792944,-0.5528866666666665,-0.2273001851851852,-0.7574,-0.56765,-0.3076981761421408,0.24501914514547687,0.1138302230701413
265.0,-0.2840526315789497,0.2260307692307692,0.13685401453624188,0.09133153638814019,-0.44670000000000004,-0.007000000000000001,-0.2510275956284146,-1.0078903935265244,-0.5040000000000042,-0.415285705387738,-0.5568299999999999,-0.24128481481481484,-0.7659333333333334,-0.5861,-0.32942058243675915,0.2364308328962029,0.11383141329926455
266.0,-0.22842795966293955,0.12196022727272729,0.05557798403867196,0.04180952380952382,-0.4325,-0.005000000000000001,-0.32313934426229446,-0.9532397537865702,-0.4386666666666702,-0.41887750976064597,-0.5551666666666667,-0.25526944444444444,-0.7683333333333333,-0.5912499999999999,-0.33932306739018875,0.20785819187245586,0.11383261490258223
267.0,-0.024903025279737222,0.017027759740259753,-0.00882384322553687,-0.01419047619047622,-0.40454999999999997,0.001199999999999999,-0.38748306010928946,-0.8722996057818675,-0.3946666666666702,-0.41714223092665315,-0.5543266666666666,-0.26766274074074076,-0.7647333333333333,-0.58975,-0.33445027779862224,0.16734132672843532,0.11383382783563743
268.0,0.2251363378339291,-0.06370146103896102,-0.06291755311092913,-0.0637142857142858,-0.3787,0.0158,-0.4358498108448926,-0.7724310118265449,-0.33400000000000113,-0.41007986888575976,-0.56074,-0.27807318518518526,-0.7552666666666666,-0.58825,-0.3187705361028069,0.15169676501068619,0.11383505200789584
269.0,0.3458597640465195,-0.12022743506493505,-0.10298597616176801,-0.10676190476190492,-0.35495,0.0388,-0.47564312736443864,-0.6725624178712225,-0.29700000000000115,-0.3985381223886798,-0.5744066666666667,-0.2865007777777778,-0.7399333333333333,-0.58675,-0.3093999998103006,0.1657126942200467,0.1138362873019212
270.0,0.3372672533580341,-0.15255016233766233,-0.12902911237805353,-0.1433333333333336,-0.33330000000000004,0.0702,-0.5109466162253046,-0.5726938239159001,-0.2803333333333332,-0.39270885328251914,-0.5953266666666667,-0.2929455185185185,-0.7187333333333333,-0.5852499999999999,-0.30712024999761367,0.18200147073896494,0.11383753360720107
271.0,0.21195393675338017,-0.16066964285714286,-0.14104696175978565,-0.17666666666666705,-0.31375,0.10999999999999999,-0.5520121899957962,-0.48761666466310416,-0.2456666666666672,-0.3977109785467022,-0.6235,-0.29740740740740745,-0.6916666666666667,-0.58375,-0.31067927917689714,0.19874315130212417,0.11383879083527339
272.0,0.03306270200387792,-0.14734642857142857,-0.13903952430696437,-0.2100000000000005,-0.29525,0.15019999999999997,-0.5785039932744848,-0.4246162736230342,-0.17433333333333628,-0.4135444981812288,-0.64468,-0.3014777777777778,-0.6616333333333333,-0.5788,-0.31328303288555087,0.22241092511848526,0.11384005891234487
273.0,-0.10728377504848148,-0.11534107142857142,-0.13331491739840629,-0.2342222222222225,-0.27675,0.18280000000000002,-0.586828499369483,-0.38369265079569026,-0.1276666666666706,-0.44020941218609916,-0.6446200000000001,-0.3055481481481481,-0.6315333333333333,-0.56695,-0.3122257640426505,0.2462493035611071,0.11384133776407482
274.0,-0.16646584787761326,-0.0646535714285714,-0.1275903104898482,-0.24325925925925934,-0.25825,0.20780000000000004,-0.5783422866750735,-0.36484579618107216,-0.047333333333337016,-0.4777057205613131,-0.62332,-0.3096185185185185,-0.6013666666666667,-0.5481999999999999,-0.3002250936422339,0.2612850210802713,0.11384262729867425
275.0,-0.1299242979242983,0.00471607142857145,-0.12186570358129012,-0.23711111111111105,-0.23975,0.2252,-0.5714202185792349,-0.36807570977918,-0.0013333333333355013,-0.5203209459159515,-0.5807800000000001,-0.3136888888888889,-0.5711333333333333,-0.52255,-0.28200267650128946,0.26147559242615215,0.11384392739602664
276.0,-0.010124542124542345,0.09276785714285717,-0.11614109667273205,-0.21577777777777757,-0.22125,0.23500000000000001,-0.5712972677595628,-0.3785909568874871,0.0566666666666645,-0.514531770303407,-0.517,-0.31775925925925924,-0.5408333333333333,-0.49000000000000005,-0.25063367716489865,0.2537417129372149,0.11384523790356524
277.0,0.1338608058608059,0.18406785714285717,-0.11041648976417398,-0.17925925925925895,-0.20274999999999999,0.24100000000000002,-0.5556254128651565,-0.3891062039957941,0.13066666666666335,-0.494892362676515,-0.44632000000000005,-0.32182962962962963,-0.5107333333333333,-0.4532,-0.2124669544181097,0.24777623778805757,0.11384655863387617
278.0,0.29669841269841274,0.26318214285714286,-0.1046918828556159,-0.1358941798941799,-0.18425,0.24700000000000003,-0.47028759587074276,-0.39962145110410113,0.20999999999999658,-0.4614027230352754,-0.38308,-0.3259,-0.4810999999999999,-0.41479999999999995,-0.16743909122888317,0.23915337891102395,0.1138478893696693
279.0,0.4664761904761905,0.3301107142857143,-0.09896727594705781,-0.0886666666666669,-0.16575,0.253,-0.306523707486705,-0.4101366982124082,0.23466666666666072,-0.4140628513796882,-0.32728,-0.32997037037037036,-0.4519333333333332,-0.3748,-0.12027409514054747,0.22522049641517286,0.11384922987329542
280.0,0.622825396825397,0.38485357142857146,-0.09324266903849973,-0.037576719576719916,-0.14725,0.259,-0.09466429476827591,-0.42122837032616245,0.24933333333333169,-0.35287274770975335,-0.27892,-0.33404074074074075,-0.42323333333333324,-0.33320000000000005,-0.07144404099329901,0.2196686202019823,0.11385057989532081
281.0,0.7328253968253969,0.4274107142857143,-0.08751806212994165,0.017375661375660996,-0.12875,0.265,0.13282036865573182,-0.43592269872396094,0.2613333333333317,-0.3262368129926538,-0.238,-0.33811111111111114,-0.3949999999999999,-0.29000000000000004,-0.028769515034416604,0.2285626583653975,0.11385193918625408
282.0,0.7987619047619047,0.45740380952380943,-0.08179345522138357,0.07619047619047586,-0.11025,0.273,0.3332464060329882,-0.45421968340580376,0.2260000000000019,-0.29711185481793934,-0.20801333333333333,-0.34218148148148153,-0.3714333333333332,-0.2532,0.0033142467797074855,0.24179534512628717,0.11385330751439691
283.0,0.825968253968254,0.4744545238095238,-0.07606884831282548,0.13809523809523794,-0.09175,0.28500000000000003,0.44684254688400793,-0.47611932437169074,0.13666666666666866,-0.2644360692788369,-0.1924533333333333,-0.3462518518518519,-0.35673333333333324,-0.23079999999999998,0.01945817635298715,0.24824696428932955,0.11385468468498672
284.0,0.8166418835192074,0.4785628571428571,-0.0703442414042674,0.2,-0.07325,0.30100000000000005,0.4692849816849818,-0.501621621621622,0.12166666666666939,-0.22820945637534643,-0.19132,-0.3578216931216932,-0.3508999999999999,-0.22279999999999997,0.027920669749341844,0.2443338462889334,0.11385607054617917
285.0,0.7765923172242877,0.4697288095238095,-0.06420399484099833,0.2619047619047621,-0.05475,0.321,0.44927912087912114,-0.5301501501501505,0.10499999999999274,-0.18843201610746807,-0.2046133333333333,-0.3817853968253969,-0.35393333333333327,-0.2292,0.026888341781520858,0.23314250609793313,0.11385746498094725
286.0,0.7176802110883007,0.447952380952381,-0.056918826922380164,0.32380952380952416,-0.036250000000000004,0.34500000000000003,0.39974523809523843,-0.5586786786786789,0.040333333333325186,-0.14510374847520174,-0.23233333333333334,-0.41508610052910055,-0.3658333333333333,-0.25,0.01530833328619576,0.21888418539394836,0.11385886790398576
287.0,0.5930301281695611,0.41080507936507943,-0.04848873764841293,0.36874458874458893,-0.021300000000000006,0.3692,0.3147333333333332,-0.5872072072072074,0.014333333333325182,-0.10158456612733427,-0.2679466666666666,-0.44529913756613765,-0.38309999999999994,-0.27460000000000007,-0.004191418019276546,0.20180753177376076,0.11386027926283675
288.0,0.4026420684680689,0.3558584126984128,-0.03891372701909663,0.3924675324675326,-0.013450000000000004,0.3898,0.19989761904761788,-0.6157357357357357,0.0029999999999923534,-0.07067234948838375,-0.30491999999999997,-0.472424507936508,-0.40223333333333333,-0.29240000000000005,-0.033363144345102395,0.19134702724613672,0.11386169903576455
289.0,0.2076774096849101,0.283112380952381,-0.02819379503443124,0.3949783549783549,-0.0127,0.40679999999999994,0.08711190476190336,-0.6442642642642642,-0.04200000000000608,-0.052367098558350186,-0.3432533333333333,-0.48896274074074075,-0.4232333333333333,-0.3034,-0.06847817963477933,0.1965303961616903,0.11386312722927903
290.0,0.04534688548209191,0.1925669841269842,-0.016744581349127777,0.3762770562770559,-0.01905,0.4202,-0.022673809523811195,-0.6727927927927926,-0.09066666666666909,-0.04666881333723362,-0.3829466666666666,-0.49001944444444445,-0.44610000000000005,-0.3076,-0.10434798920675815,0.20984927949829774,0.1138645638686794
291.0,-0.06328952522455582,0.08422222222222231,-0.005295367663824316,0.3363636363636357,-0.032499999999999994,0.43,-0.11068058608058802,-0.701321321321321,-0.10533333333333475,-0.05357749382503403,-0.42399999999999993,-0.4786514814814814,-0.4708333333333334,-0.305,-0.1357068988341154,0.22196042823495118,0.11386600898124159
292.0,-0.07135638549334775,-0.007264444444444351,0.006153846021479144,0.2922077922077915,-0.043699999999999996,0.43360000000000004,-0.17481373626373783,-0.7298498498498495,-0.13000000000000195,-0.07222225083057962,-0.4600133333333333,-0.46728351851851846,-0.49083333333333334,-0.2976,-0.15806965813127688,0.22124681502007199,0.11386746257868208
293.0,0.02114630467571609,-0.047235555555555475,0.017603059706782602,0.24805194805194725,-0.04329999999999999,0.4284,-0.21507326007326064,-0.7583783783783778,-0.1573333333333359,-0.08812259478165782,-0.4845866666666666,-0.4559155555555556,-0.4995,-0.2874,-0.16583171656499748,0.20568899531218326,0.11386892463993968
294.0,0.15085972850678706,-0.03569111111111105,0.03835444054161432,0.20652115626309145,-0.031299999999999994,0.4144,,-0.7246404299035883,-0.1453333333333359,-0.09774956443400175,-0.49772,-0.4445475925925925,-0.49683333333333335,-0.2744,-0.14829719825123464,0.18744488641901358,0.1138703950882799
295.0,0.280573152337858,0.027368888888888908,0.07284487814486021,0.19124088814411405,-0.00769999999999999,0.3916,,-0.6167757230915134,-0.09733333333333324,-0.10110315978761142,-0.4994133333333333,-0.43317962962962964,-0.48283333333333334,-0.25860000000000005,-0.11716109560481641,0.1577662166484259,0.11387187377802538
296.0,0.39658878936189856,0.1419444444444444,0.12107437251652028,0.20221114369501506,0.027500000000000007,0.36,,-0.5030475539775175,-0.06866666666666607,-0.09818338084248682,-0.48966666666666664,-0.4218116666666667,-0.4575,-0.24,-0.07841082482090048,0.13216491423249702,0.11387336051077401
297.0,0.49890663957890863,0.2698666666666666,0.18572800659298555,0.23943192291579446,0.0743,0.3284666666666667,,-0.38781315422343293,-0.007999999999998892,-0.08899022759862796,-0.47556000000000004,-0.41044370370370364,-0.4307333333333333,-0.2234,-0.03215569648520426,0.11513614389202771,0.11387485505604536
298.0,0.5738112398805676,0.37296666666666656,0.2675554616225437,0.2858117398202017,0.13269999999999998,0.3058666666666667,,-0.2710725238292594,0.0466666666666679,-0.07626811311050222,-0.4641733333333334,-0.3990757407407407,-0.4124333333333333,-0.2136,0.012228604546658825,0.11060439027922535,0.11387635716482025
299.0,0.6100808477237047,0.45124444444444434,0.35725457045566633,0.3387255420412484,0.20270000000000002,0.29220000000000007,,-0.22125147119767927,0.08066666666666904,-0.07215735220142186,-0.45550666666666667,-0.38770777777777776,-0.40259999999999996,-0.21059999999999998,0.04563578966296977,0.1055626019243877,0.11387786659382618
300.0,0.6077154631083198,0.5046999999999999,0.4616515110016216,0.37454785827604453,0.2843,0.2874666666666667,,-0.2914304185661006,0.11133333333333506,-0.07725423166170674,-0.44955999999999996,-0.3763398148148148,-0.40123333333333333,-0.2144,0.06397796124157322,0.08928158088737169,0.11387938313303983
301.0,0.5804128728414436,0.5333333333333332,0.5597513834819792,0.39327868852459014,0.37750000000000006,0.2916666666666667,,-0.3913144909517886,0.13866666666666638,-0.09155875149135687,-0.4463333333333333,-0.3649718518518518,-0.4083333333333334,-0.225,0.07363956251411038,0.09205734414999683,0.11388090661516061
302.0,0.5281730769230758,0.5420908496732025,0.6488691049603483,0.3949180327868852,0.46210000000000007,0.30033333333333334,,-0.4427885619560711,0.1786666666666664,-0.11507091169037227,-0.44054666666666653,-0.3536038888888889,-0.42000000000000004,-0.23433333333333334,0.08146339722604606,0.11360188378670204,0.113882436902159
303.0,0.4714402783146493,0.535918954248366,0.711234170246701,0.39655737704918026,0.5179,0.309,,-0.4503684210526318,0.19399999999999884,-0.1477907122587529,-0.42691999999999997,-0.3422359259259259,-0.4323333333333334,-0.23433333333333334,0.08556042431425676,0.13320302781762303,0.11388397386951643
304.0,0.4339324507151135,0.5148176470588235,0.7466935829276394,0.39673004171112625,0.5448999999999999,0.31766666666666665,-0.05086593406593509,-0.4170631578947372,0.1929999999999977,-0.1714493093676413,-0.4054533333333333,-0.33006569348659004,-0.4453333333333333,-0.225,0.07875068768555685,0.14256801464570878,0.11388551740980458
305.0,0.4156495941244683,0.47878692810457507,0.7439842754750098,0.3952730623726841,0.5430999999999999,0.3263333333333333,-0.0972952380952387,-0.3228836594103058,0.1763333333333283,-0.18350871088463433,-0.37614666666666663,-0.3170931915708812,-0.45899999999999996,-0.2063333333333333,0.0797999804844527,0.14606927905724454,0.11388706743050953
306.0,0.4165917085427136,0.42782679738562085,0.7241011476672421,0.392186439033854,0.5125,0.335,,-0.2180049600440896,0.133666666666663,-0.18396891680973212,-0.3389999999999999,-0.30331842017879945,-0.47333333333333333,-0.1783333333333333,0.09662540444055577,0.13776808536786492,0.11388862382084028
307.0,0.432729508106984,0.37759803921568624,0.6870441995043365,0.38747017169463593,0.4734,0.3436666666666667,,-0.1641944337283,0.10566666666666298,-0.17282992714293463,-0.3046233333333333,-0.2887413793103448,-0.4857333333333334,-0.1473666666666666,0.09648481849772916,0.13233075987753926,0.11389018645012497
308.0,0.45047357703550456,0.34376143790849667,0.6461623472730945,0.3811242603550297,0.44609999999999994,0.35233333333333333,,-0.14586811793882598,0.1283333333333294,-0.14892238157073906,-0.28362666666666664,-0.27336206896551724,-0.4936,-0.11979999999999993,0.09948657817134297,0.12604442335608054,0.1138917552003154
309.0,0.4573276841724966,0.32631699346405224,0.5869617526065616,0.37461538461538474,0.4306,0.36100000000000004,,-0.1512470653072469,0.1153333333333294,-0.11995923745617627,-0.27601,-0.25798275862068965,-0.49693333333333334,-0.09563333333333328,0.09727737555934345,0.12233727380933834,0.11389332996675797
310.0,0.4532918295179604,0.3252647058823529,0.5094424155047376,0.36810650887573976,0.42689999999999995,0.3696666666666667,,-0.157500248002204,0.11199999999999846,-0.08788220014132939,-0.2817733333333333,-0.24260344827586205,-0.49573333333333336,-0.07486666666666661,0.09496379683270359,0.12469677151144558,0.11389491065081991
311.0,0.43836601307189565,0.34060457516339865,0.4221631972672045,0.3615976331360947,0.43499999999999994,0.3783333333333333,,-0.12896246276067477,0.17599999999999846,-0.05269126962619841,-0.30091666666666667,-0.22722413793103446,-0.48999999999999994,-0.05749999999999994,0.10038359054752083,0.13927096190323632,0.11389649715148305
312.0,0.4311695178554514,0.36833553921568624,0.34461581070668695,0.35508875739644974,0.4476,0.3857333333333334,,-0.08241775922969526,0.12666666666666526,-0.01539318505673416,-0.3209966666666667,-0.21184482758620687,-0.48156,-0.04183333333333329,0.10118310118708125,0.15992718742074125,0.11389808935803883
313.0,0.44267814720090914,0.4044565359477124,0.2804721634781233,0.3485798816568048,0.4574,0.3906,,-0.0805899111284297,0.1236666666666664,0.017220042527584415,-0.32957000000000003,-0.1964655172413793,-0.47223999999999994,-0.026166666666666633,0.10540444650551882,0.1716748886129985,0.11389968715775355
314.0,0.47289190110826895,0.4489675653594771,0.24437909036186617,0.34207100591715983,0.4643999999999999,0.39293333333333336,,-0.10902149007579824,0.1596666666666664,0.04320388023997598,-0.3266366666666667,-0.1810862068965517,-0.46204,-0.010499999999999975,0.11457273395985774,0.17386615143771997,0.11390129043131697
315.0,0.5218107795775311,0.5018686274509804,0.23633659135791546,0.3355621301775148,0.4686,0.3927333333333333,0.14822477203647405,-0.15534780586527197,0.16633333333333128,0.06255832808044054,-0.31219666666666673,-0.16570689655172416,-0.45095999999999997,0.005166666666666686,0.12535594235218028,0.1632370619444831,0.11390289904611918
316.0,0.5855972719522585,0.5631597222222222,0.2477858051666894,0.3290532544378698,0.47,0.39,0.15089832826747734,-0.2291002507926651,0.10833333333333203,0.0752833860489781,-0.28625,-0.1503275862068965,-0.43899999999999995,0.020833333333333346,0.13116189984018564,0.1580089336574321,0.11390451286643723
317.0,0.6321793880837355,0.6206708333333333,0.265714406897822,0.3225443786982249,0.476,0.37839999999999996,0.16824361702127705,-0.3265674123010489,0.07566666666666524,0.07931006814122073,-0.25823999999999997,-0.13494827586206895,-0.42468000000000006,0.033933333333333336,0.13630192885803524,0.1577927368925255,0.11390613176403319
318.0,0.6574420005683432,0.6622319444444444,0.2962371439547561,0.3160355029585799,0.49399999999999994,0.3516,0.20026063829787305,-0.3343395641997816,0.07133333333333129,0.08002217693096661,-0.23761000000000002,-0.12209655172413791,-0.40652,0.04190000000000001,0.14789261604031245,0.15897587922213655,0.11390775561022917
319.0,0.6613851094060814,0.6878430555555556,0.3393540163374917,0.30952662721893487,0.5239999999999999,0.3096,0.24254787234042635,-0.25963430104188695,0.01399999999999467,0.07741971241821577,-0.22435999999999998,-0.11429999999999998,-0.38452,0.04473333333333333,0.15911395896915329,0.16523392897817868,0.11390938426574627
320.0,0.6440087145969502,0.6975041666666668,0.4373353169365747,0.3030177514792899,0.5660000000000001,0.2524,0.28483510638297965,-0.17861324841030818,-0.0026666666666698507,0.07150267460296819,-0.21849,-0.11155862068965514,-0.35868,0.04243333333333334,0.17350203773086634,0.167259848582628,0.11391101758330704
321.0,0.6119782135076257,0.6912152777777777,0.5439035276612317,0.29031065088757396,0.6199999999999999,0.18,0.32712234042553295,-0.09171272485009882,0.035999999999995806,0.06410526059747454,-0.21999999999999992,-0.1138724137931034,-0.329,0.034999999999999996,0.18893215230100066,0.175032072043655,0.11391265540927185
322.0,0.5847407407407411,0.665251282051282,0.6525792605891045,0.27140532544378687,0.6654,0.11259999999999999,0.3694095744680862,-0.004812201289889492,0.22399999999999584,0.05907335624103355,-0.22650999999999993,-0.1212413793103448,-0.30236,0.025,0.21246685420955685,0.18397273100739156,0.11391429757814384
323.0,0.5622962962962967,0.6158870726495727,0.755175945410226,0.24630177514792884,0.6816,0.07039999999999999,0.3803449341438691,0.02694729238099549,0.24533333333333357,0.0566458096858232,-0.23563999999999993,-0.13113793103448274,-0.28564,0.014999999999999996,0.21453675200096872,0.19597728338203937,0.11391594392782367
324.0,0.5446448801742922,0.5431226495726496,0.8509031018619904,0.2356206896551724,0.6685999999999999,0.0534,0.331751418439712,0.005996859336358571,0.28000000000000114,0.056822620931843495,-0.24738999999999994,-0.14103448275862063,-0.27884000000000003,0.0049999999999999975,0.20775698122952843,0.19479265333393744,0.11391759433385462
325.0,0.5317864923747279,0.4469580128205128,0.8974904370538516,0.2445172413793105,0.6264,0.06160000000000001,0.2236290273556148,0.00749159617846364,0.28600000000000414,0.05602669743043905,-0.2617599999999999,-0.15093103448275857,-0.28196000000000004,-0.005000000000000003,0.19158917643644036,0.18826681936176398,0.11391924871366274
326.0,0.5384565108094519,0.3273931623931624,0.9265125365196523,0.27918965517241406,0.5549999999999999,0.095,0.09492456912839056,0.03774808556948046,0.2853333333333343,0.04855656811439239,-0.27874999999999994,-0.1608275862068965,-0.29500000000000004,-0.015000000000000003,0.17418120248809865,0.18402343743776006,0.11392090700948347
327.0,0.5626897938662642,,0.9349260514211089,0.33963793103448314,0.4715999999999999,0.1356,-0.039712239382247834,0.07173761436529222,0.14533333333333434,0.03364207229472354,,-0.17072413793103441,-0.31260000000000004,-0.025600000000000005,0.16900794825409557,0.19335322022097381,0.11392256916300442
328.0,0.5726954297542541,,0.9248028046647445,0.4258620689655178,0.3933999999999999,0.1654,-0.14892952380953,0.09806692710967573,0.11999999999999582,0.011283209971432482,,-0.18062068965517236,-0.3294,-0.0374,0.15806043225401176,0.19871554807390895,0.11392423510054232
329.0,0.5207870507870521,,0.8969332765131657,0.5172413793103452,0.3203999999999999,0.18439999999999998,-0.20455028314028625,0.1134805180490496,0.10466666666666488,-0.017631200791711547,,-0.19051724137931025,-0.3454,-0.0504,0.14424792717184937,0.20731688980251106,0.11392590475007755
330.0,0.4069646569646583,,0.8513174669663724,0.5447892720306518,0.2525999999999999,0.1926,-0.2065745173745166,0.10489104436483924,0.09166666666666186,-0.0453067898944414,,-0.2004137931034482,-0.3606,-0.0646,0.1207415805556667,0.21271342158160586,0.1139275780577553
331.0,0.25239893921783835,,0.8020947728849789,0.5121033447240351,0.18999999999999992,0.19,-0.19394903474903405,0.06051209699641793,0.09366666666666526,-0.06787628338179023,,-0.2103103448275861,-0.375,-0.08,0.087933759798229,0.21843659523144218,0.11392925499686947
332.0,0.06617564020713798,,0.7379881005479675,0.4335739877808852,0.12999999999999995,0.18239999999999998,-0.1813235521235515,0.0135129236704326,0.07166666666666488,-0.08533968125375808,,-0.220206896551724,-0.39127999999999996,-0.096,0.04522767908260646,0.2364497716173131,0.1139309355736204
333.0,-0.1199143282765325,,0.6589974499553385,0.3092012012012021,0.06999999999999994,0.1756,-0.16869806949806893,-0.025136842105263478,0.038999999999999604,-0.0976969835103449,,-0.22972699507389152,-0.41212,-0.11200000000000002,-0.00257746727169484,0.26436375477276136,0.11393261982363954
334.0,-0.2581845985468033,,0.5082541432372041,0.13898498498498596,0.009999999999999957,0.1696,-0.15787949898211306,-0.07834081014053466,-0.019666666666664535,-0.10805497709792918,,-0.23887064039408856,-0.43751999999999996,-0.128,-0.059842758629893356,0.28665770921628086,0.11393430780795319
335.0,-0.32702887139107617,,0.3506413085550366,-0.0007927927927921241,-0.05000000000000003,0.16440000000000002,-0.16642070106822276,-0.1854677321576199,-0.08599999999999508,-0.12694099622615124,,-0.24763783251231514,-0.46748,-0.14400000000000002,-0.11709688812882606,0.2940578951559923,0.11393599960815552
336.0,-0.36518110236220475,,0.18672248160515226,-0.1012792792792789,-0.11000000000000003,0.16,-0.19432167575639808,-0.30628878478919813,-0.1733333333333284,-0.15435504089501104,,-0.2560285714285713,-0.502,-0.16,-0.1745416955159679,0.2989589631230293,0.11393769531391813
337.0,-0.38172703412073494,,0.03640820182729344,-0.1768648648648647,-0.17000000000000004,0.1578,-0.24158242304663896,-0.3819729953155138,-0.20233333333332806,-0.19029711110450867,,-0.264042857142857,-0.5334066666666667,-0.17709999999999998,-0.22029617697671636,0.30684697113321346,0.11393939500480021
338.0,-0.37666666666666665,,-0.0832794307120138,-0.22754954954954956,-0.23000000000000004,0.1592,-0.3082029429389454,-0.38360799189787886,-0.2616666666666614,-0.23476720685464408,,-0.2720571428571427,-0.5540266666666667,-0.19640000000000002,-0.2572882753969122,0.317984070537173,0.1139410987323345
339.0,-0.35,,-0.11547173814288166,-0.25333333333333335,-0.29000000000000004,0.16419999999999998,-0.3923763233237908,-0.4377303396520838,-0.280499999999998,-0.28554735926280805,,-0.28007142857142847,-0.56386,-0.21790000000000004,-0.28508546351992503,0.3122935244055824,0.11394280651441259
340.0,-0.32333333333333336,,-0.12505184862678248,-0.2546666666666667,-0.3500000000000001,0.1728,-0.47654970370863625,-0.5454039644565978,-0.26316666666666916,-0.33299013902049124,,-0.28808571428571417,-0.5629066666666667,-0.24159999999999998,-0.30911581194869453,0.3013890725908182,0.11394451834177444
341.0,-0.3114117647058824,,-0.11201976216371623,-0.2440634920634921,-0.41,0.185,-0.5607230840934816,-0.6430957182711019,-0.28650000000000253,-0.3709587444453499,,-0.2960999999999999,-0.5511666666666667,-0.2675,-0.3322478560302059,0.29720718906283705,0.11394623418953354
342.0,-0.3142352941176473,,-0.08196557563412395,-0.22158730158730164,-0.45549999999999996,0.19090000000000001,-0.5919485601694642,-0.8005303145337453,-0.2725000000000025,-0.3994531755373841,,-0.3041142857142856,-0.53718,-0.29450000000000004,-0.35008746227056103,0.2914911253810123,0.11394795402304717
343.0,-0.3318039215686278,,-0.029621758919058327,-0.18723809523809531,-0.472,0.1806,-0.5669319527610699,-1.052809598767427,-0.26966666666667066,-0.41847343229659373,,-0.31212857142857137,-0.5294866666666667,-0.3215,-0.36912464202212975,0.2907847709942281,0.1139496777984088
344.0,-0.3486134453781513,,0.02071844517624654,-0.14101587301587315,-0.45949999999999996,0.15410000000000001,-0.5185169655720033,-1.2392043356095295,-0.20816666666666994,-0.42801951472297894,,-0.320142857142857,-0.5280866666666666,-0.3485,-0.37361524329593837,0.29780798751886045,0.11395140545623736
345.0,-0.35432773109243676,,0.06905503665179062,-0.09492063492063514,-0.418,0.11139999999999999,-0.4662302652689304,-1.288503036908231,-0.19766666666666813,-0.43142879546702034,,-0.32815714285714276,-0.53298,-0.3755,-0.3688078563735042,0.29035992933498045,0.11395313690454581
346.0,-0.3342016806722684,-0.0053021978021978115,0.11014024691837757,-0.04888888888888918,-0.34750000000000003,0.052500000000000005,-0.41547925925925855,-1.2950481251989905,-0.18300000000000144,-0.4348380762110618,-0.5045,-0.33617142857142845,-0.5441666666666667,-0.40249999999999997,-0.33492543402517033,0.2601896197243922,0.11395487199703824
347.0,-0.28823529411764637,0.08689330669330667,0.13987165343873373,-0.006644358644358805,-0.271,-0.008750000000000004,-0.4310883950617276,-1.3032430573027174,-0.2510000000000012,-0.4382473569551032,-0.51524,-0.3441857142857142,-0.5588666666666666,-0.4255999999999999,-0.32966684877870683,0.24587790879894142,0.11395661055341447
348.0,-0.21642857142857044,0.1340072927072927,0.13595962602738576,0.01666409266409262,-0.21150000000000002,-0.058499999999999996,-0.5163518518518517,-1.311872863978126,-0.32849999999999974,-0.44165663769914465,-0.52546,-0.3521999999999999,-0.5743,-0.44089999999999996,-0.33507420811135163,0.23769474284933614,0.11395835242675573
349.0,-0.13428571428571362,0.13603976023976022,0.12269740748956778,0.021036465036465092,-0.16900000000000004,-0.09675,-0.5583562393162389,-1.3082149692412846,-0.4087999999999995,-0.4429301745210813,-0.53516,-0.36021428571428565,-0.5904666666666667,-0.4484,-0.3409146012128198,0.22846539586914302,0.11396009751355571
350.0,-0.015238095238094839,0.09299070929070931,0.1000849978252798,0.00647275847275863,-0.14350000000000004,-0.12349999999999998,-0.5374603418803414,-1.3100850991114141,-0.4508999999999995,-0.44033985983310436,-0.5443399999999999,-0.36822857142857135,-0.6073666666666666,-0.4481,-0.3421078691835318,0.2123761147641486,0.11396184571598837
351.0,0.14071428571428593,0.004860139860139901,0.07337016562371816,-0.023957033957033722,-0.135,-0.13874999999999998,-0.47776626780626763,-1.312728639781271,-0.4313999999999991,-0.4338856936352138,-0.5529999999999999,-0.37624285714285705,-0.625,-0.43999999999999995,-0.33777042150889275,0.19337949776625665,0.11396359692345631
352.0,0.33357142857142863,-0.09329435897435892,0.04665533342215653,-0.0633957033957033,-0.14070000000000005,-0.14825000000000002,-0.39793639126305785,-1.278249035834304,-0.3863999999999993,-0.42356767592740957,-0.56057,-0.3842571428571428,-0.638,-0.4297999999999999,-0.3260138247327423,0.1807640754397775,0.11396535100501981
353.0,0.42200000000000004,-0.1664151981351981,0.019940501220594896,-0.09669438669438672,-0.15780000000000005,-0.15775,-0.29797071225071187,-1.2230200507202018,-0.31289999999999896,-0.4093858067096917,-0.56648,-0.3922714285714285,-0.641,-0.4231999999999999,-0.3144962201329302,0.1755636567723293,0.11396710781200668
354.0,0.40599999999999997,-0.21450237762237756,-0.006774330980966745,-0.123853083853084,-0.18630000000000005,-0.16724999999999998,-0.25793891737891717,-1.1800792784239253,-0.2815999999999993,-0.3934758299041651,-0.57073,-0.4002857142857142,-0.6340000000000001,-0.4201999999999999,-0.31649925231779646,0.17331670920149456,0.11396886720119362
355.0,0.24866666666666673,-0.2375558974358974,-0.018540799339684035,-0.10538461538461555,-0.22620000000000004,-0.17675000000000002,-0.2779555555555554,-1.1622606218846425,-0.2507499999999994,-0.37756585309863844,-0.57332,-0.40829999999999994,-0.617,-0.42079999999999995,-0.32883690543088334,0.16648146175546055,0.11397062906173948
356.0,0.05200000000000003,-0.23557575757575755,-0.013228857168855393,-0.04951131221719484,-0.2775,-0.18624999999999997,-0.3260861629629627,-1.1404328706884708,-0.26899999999999913,-0.36165587629311174,-0.5742499999999999,-0.4163142857142857,-0.5900000000000001,-0.42499999999999993,-0.34377179447290274,0.1698450353318773,0.11397239331447424
357.0,-0.18399999999999997,-0.22212643356643352,0.009161495531519185,0.027206636500753906,-0.33180000000000004,-0.188,-0.37140639999999964,-1.159483903206866,-0.2882499999999982,-0.34574589948758505,-0.57271,-0.42432857142857133,-0.5579000000000001,-0.4299999999999999,-0.3599559339755129,0.20213666109035372,0.11397415989454499
358.0,-0.31799999999999995,-0.21077240093240093,0.04863025876143969,0.1247692307692307,-0.38070000000000004,-0.17425,-0.41391626666666614,-1.1926999013079815,-0.2632499999999989,-0.33129112643772207,-0.56789,-0.4323428571428571,-0.5256000000000001,-0.43299999999999994,-0.36216521878263974,0.23521153009617135,0.11397592872916014
359.0,-0.3516666666666667,-0.20151365967365967,0.10517743252090614,0.24317647058823555,-0.4242000000000001,-0.14500000000000002,-0.45361576296296224,-1.2292626831736357,-0.26474999999999893,-0.3187682791428158,-0.5597899999999999,-0.44035714285714284,-0.4931,-0.4339999999999999,-0.35483359224055294,0.2585246248916658,0.11397769971385582
360.0,-0.28500000000000003,-0.19435020979020975,0.16412112127068723,0.34294117647058886,-0.46230000000000004,-0.10024999999999999,-0.4895907433824892,-1.254899521531101,-0.2637499999999987,-0.30817735760286646,-0.54841,-0.44837142857142853,-0.46040000000000003,-0.43299999999999994,-0.33867406879548695,0.2679347559131572,0.11397947270760662
361.0,-0.22000000000000003,-0.18928205128205128,0.22621334401879106,0.4235456719273084,-0.4950000000000001,-0.04000000000000002,-0.5031147203908344,-1.3070649350649353,-0.26471428571428407,-0.29951836181787395,-0.5337500000000001,-0.4563857142857142,-0.42749999999999994,-0.43,-0.3226122180435425,0.2832889223978789,0.11398124754566237
362.0,-0.15666666666666668,-0.18242183150183147,0.29145410076521755,0.49470014347202396,-0.5143000000000001,0.02119999999999998,-0.4945731162102203,-1.305533064636513,-0.2234642857142851,-0.29279129178783814,-0.5170399999999999,-0.4643999999999999,-0.40169999999999995,-0.4236,-0.29779542944857956,0.29137084710968275,0.11398302404798606
363.0,-0.09500000000000001,-0.16988219780219777,0.35762175924149087,0.5564045911047355,-0.5122000000000001,0.06879999999999999,-0.4798612188922129,-1.273312285415734,-0.1714642857142844,-0.2865409437570956,-0.4995099999999999,-0.4724142857142857,-0.3903,-0.4124,-0.2700042047821132,0.29265296536565694,0.11398480201666779
364.0,-0.03333333333333337,-0.15166315018315016,0.41520250740435694,0.6086590148254432,-0.4887,0.10279999999999997,-0.46126812106334975,-1.2360785191819679,-0.1389642857142843,-0.28029059572635295,-0.48116000000000003,-0.4804285714285713,-0.3933,-0.3964,-0.24392321817151502,0.289209867218616,0.11398658124235554
365.0,0.012250000000000021,-0.1277646886446886,0.4639298769502025,0.6288943089430898,-0.4438000000000001,0.1232,-0.39162923259784566,-1.2172699067417763,-0.09321428571428395,-0.2740402476956103,-0.46199,-0.48844285714285707,-0.41069999999999995,-0.37560000000000004,-0.21829835947455503,0.2795916347435847,0.11398836151632848
366.0,0.04724999999999986,-0.09818681318681315,0.5009218021843181,0.6002113821138214,-0.37750000000000006,0.13,-0.2820425409023982,-1.2252958807677505,-0.03799999999999923,-0.26778989966486766,-0.442,-0.4964571428571428,-0.4425,-0.35,-0.19581350664863093,0.2645685359476168,0.11399014263473203
367.0,0.07991666666666654,-0.06323479853479849,0.5261782831067037,0.5725760362521658,-0.3007000000000001,0.139,-0.2235811494252869,-1.1943110047846899,-0.016749999999999033,-0.2606724784213008,-0.42182,-0.5044714285714285,-0.4721,-0.3217,-0.17583356240799772,0.2459166357759327,0.1139919244016139
368.0,0.11025000000000004,-0.023213919413919364,0.541920951985835,0.5459882713581233,-0.22430000000000008,0.166,-0.2260370557029177,-1.1801811346548194,0.000750000000000578,-0.25264591809977244,-0.40208000000000005,-0.5074142857142856,-0.48290000000000005,-0.29280000000000006,-0.1590473635886969,0.2342702968178772,0.11399370663076529
369.0,0.15775000000000064,0.02187582417582423,0.5565605609414612,0.5204480874316938,-0.14830000000000004,0.211,-0.23475671087533115,-1.1507265892002738,0.04325000000000069,-0.2437102187002826,-0.38278,-0.5052857142857142,-0.47490000000000004,-0.2633,-0.13520534003661586,0.2228672841740267,0.11399548913749002
370.0,0.2515000000000006,0.07203443223443229,0.5684332765895068,0.5185245901639342,-0.07270000000000006,0.274,-0.2570665959328016,-1.085859312312402,0.07725000000000025,-0.2338653802228312,-0.36392,-0.49808571428571424,-0.44810000000000005,-0.23320000000000002,-0.10221819312613398,0.20795491654721274,0.11399727171962337
371.0,0.32585294117647123,0.12726190476190483,0.5775390989299718,0.5627868852459011,0.0024999999999999523,0.355,-0.31827464190981447,-0.9737960712056818,0.13024999999999992,-0.22311140266741827,-0.34550000000000003,-0.4858142857142857,-0.4025,-0.20249999999999999,-0.06216468367021087,0.20163326001704987,0.11399905414683739
372.0,0.3725588235294122,0.18297142857142862,0.5838780279628565,0.6070491803278681,0.07059999999999995,0.4311999999999999,-0.34165671087533045,-0.9198600546938142,0.2117499999999982,-0.21231535924686812,-0.33039999999999997,-0.46847142857142854,-0.3516,-0.1789,-0.02451400664256275,0.2097569961259357,0.11400083617067101
373.0,0.3916176470588234,0.23457619047619055,0.5874500636881604,0.6351337359792921,0.12489999999999997,0.4798,-0.2992839080459754,-0.868392522226282,0.22924999999999854,-0.20151931582631794,-0.3215,-0.45112857142857143,-0.3089,-0.1701,0.004421665691094112,0.20521943147037497,0.1140026175482612
374.0,0.4008868778280544,0.28207619047619054,0.5893582660293892,0.6452430255967786,0.16539999999999996,0.5007999999999999,-0.24097494252873425,-0.811288626122386,0.2873214285714271,-0.19072327240576775,-0.3188,-0.4337857142857143,-0.2744,-0.1761,0.030358088082802635,0.19691414461728374,0.11400439805657342
375.0,0.41227149321267015,0.3254714285714286,0.591266468370618,0.6373770491803279,0.19209999999999997,0.49420000000000003,-0.20153122900088363,-0.7558664293260478,0.3373214285714271,-0.17987465408846587,-0.3223,-0.4164428571428571,-0.2481,-0.19690000000000002,0.04778519273915834,0.18645575720991803,0.11400617749276129
376.0,0.4859185520361996,0.36476190476190473,0.5931746707118467,0.61153580672994,0.205,0.45999999999999996,-0.1575200353669315,-0.8044751249782219,0.4148214285714283,-0.16868510524297697,-0.33199999999999996,-0.39909999999999995,-0.23000000000000004,-0.2325,0.05792372123022772,0.18654922170477667,0.11400795567772729
377.0,0.577657114127703,0.400703663003663,0.5950828730530755,0.5677192982456147,0.21579999999999994,0.42400000000000004,-0.10285693191865537,-0.7910006151743003,0.38007142857142984,-0.15715462586930107,-0.34175,-0.3817571428571428,-0.2184,-0.2641,0.06457250437014898,0.16571362337806853,0.11400973245550461
378.0,0.6874871794871806,0.43405274725274723,0.6052868680683492,0.5234015226746116,0.23619999999999997,0.41200000000000003,-0.07212509283819528,-0.7724606942256836,0.4035714285714307,-0.14528321596743812,-0.3454,-0.3644142857142857,-0.2116,-0.27290000000000003,0.07984403266490828,0.15968192885573673,0.1140115076751127
379.0,0.7780512820512824,0.4648091575091575,0.6271308968120041,0.4855650446871902,0.26619999999999994,0.42400000000000004,-0.06491980548187352,-0.7742821510297488,0.39325000000000376,-0.1330708755373882,-0.34295,-0.34707142857142853,-0.2096,-0.2589,0.09344372288851414,0.16123471125402458,0.11401328117518958
380.0,0.8244444444444443,0.4929728937728937,0.6606149592840401,0.4542098642833503,0.30579999999999996,0.4600000000000001,-0.07128604774535734,-0.8208086388178465,0.4285000000000035,-0.12057017947590294,-0.3343999999999999,-0.32972857142857137,-0.2124,-0.22210000000000002,0.10823205173693232,0.17924347081050473,0.1140150527888768
381.0,0.8266666666666665,0.518543956043956,0.7019957495296715,0.429335981463092,0.355,0.52,-0.09799103448275763,-0.8116190963341865,0.377000000000003,-0.10806948341441766,-0.31975,-0.31238571428571427,-0.22000000000000003,-0.1625,0.12115907322759371,0.18110959346842223,0.11401682235044665
382.0,0.8288888888888888,0.53947326007326,0.7504368883508353,0.4109433962264153,0.4074,0.5820000000000001,-0.1252847126436774,-0.856640325384466,0.3960000000000024,-0.09556878735293242,-0.3007099999999999,-0.2950428571428571,-0.2225,-0.0995,0.13713541078681915,0.20416480931273684,0.11401858969386597
383.0,0.831111111111111,0.5537117216117216,0.7976425830734866,0.397735849056604,0.4566,0.624,-0.11983487179487151,-0.8661534984068935,0.39800000000000135,-0.08306809129144718,-0.27898999999999996,-0.27769999999999995,-0.21000000000000002,-0.052500000000000005,0.15503962881140798,0.2155319290898286,0.1140203546479089
384.0,0.8333333333333333,0.5612593406593407,0.8402685926432891,0.40093163440333235,0.5025999999999999,0.6459999999999999,-0.06969490716180307,-0.8401586154014691,0.42925,-0.07072863148061678,-0.2545899999999999,-0.26035714285714284,-0.18250000000000002,-0.021500000000000002,0.17957954315273308,0.21546643671821253,0.11402211702977323
385.0,0.8355555555555554,0.5621161172161171,0.8783149170602428,0.4223533447684387,0.5453999999999999,0.648,0.009229319186561885,-0.7579166027677374,0.48657142857142954,-0.0588437424356586,-0.22750999999999993,-0.2430142857142857,-0.13999999999999999,-0.006500000000000003,0.2109825751029045,0.2020735679575332,0.11402387663770391
386.0,0.8379999999999999,0.5562820512820512,0.9152800680110051,0.46200098015192276,0.585,0.63,0.07025023872679104,-0.6188081936685299,0.5100714285714292,-0.0474134241565726,-0.19774999999999995,-0.22567142857142852,-0.08249999999999999,-0.007499999999999998,0.2419458371676191,0.17743178663904252,0.11402563325286785
387.0,0.8406666666666667,0.5452871794871795,0.9430858478553077,0.5198745405537848,0.6211499999999999,0.6053,0.09355851458885953,-0.4816013437032174,0.5990714285714285,-0.03643767664335878,,-0.20832857142857142,-0.026299999999999997,-0.013449999999999998,0.27769074228844676,0.1728090383708831,0.1140273866473176
388.0,0.8435555555555554,0.5306615384615385,0.961732256593151,0.5959740259740245,0.6536000000000001,0.5871999999999999,0.12328557029177753,-0.4326334392229902,0.7300714285714284,-0.02591649989601716,,-0.19098571428571426,0.012300000000000002,-0.013299999999999998,0.3064344450649602,0.18491064222834458,0.11402913659151023
389.0,0.8539999999999999,0.5124051282051283,0.9712192942245343,0.6738961038961025,0.6823499999999999,0.5757000000000001,0.15598123784261717,-0.4010370178805879,0.8235714285714278,-0.015688657663892866,,-0.17364285714285713,0.03330000000000001,-0.007050000000000001,0.3302390556810924,0.19685844560478272,0.11403088286845332
390.0,0.8719999999999999,0.49051794871794885,0.971546960749458,0.7518181818181805,0.7074,0.5708,0.16033049574240404,-0.3606008264790813,0.7549999999999987,-0.005460815431768574,,-0.15629999999999997,0.036699999999999997,0.0053,0.3390119237629899,0.18312157565615736,0.1140326252891237
391.0,0.8973333333333333,0.465,0.9629600504360507,0.8258437156064264,0.72875,0.5725,0.17120425960268548,-0.3635221546853268,0.8535000000000001,0.004767026800355718,,-0.13895714285714283,0.0225,0.023749999999999997,0.3564409347721623,0.2024586394077524,0.11403436368765697
392.0,0.9591428571428576,0.4489041666666667,0.9551840199254642,0.8803865287255113,0.74825,0.57785,0.18983748170131454,-0.38062206131464577,0.7965000000000014,0.014994869032480013,,-0.12161428571428572,0.00475,0.04525,0.363608972305161,0.19679574976096045,0.11403609790542936
393.0,1.0403928571428578,0.4552833333333334,0.9508427535451209,0.9154466211754343,0.76775,0.5839000000000001,0.16475834933201552,-0.2679946103342527,0.7595000000000034,0.025601270979861156,,-0.10427142857142854,-0.0025000000000000066,0.06675,0.38181247772343646,0.1869667458842326,0.11403782778486818
394.0,1.122392857142858,0.4841375000000001,0.9499362512950213,0.9310239929561963,0.78725,0.5906499999999999,0.09543788157581871,-0.12543978255333849,0.7385000000000035,0.0368895290760506,,-0.0869285714285714,0.0007499999999999827,0.08824999999999998,0.40161174783582826,0.1888953828048666,0.11403955315711532
395.0,1.1959383116883124,0.5354666666666668,0.954415214207712,0.9271186440677969,0.8067499999999999,0.5981,0.056188817053287335,-0.04393633817163338,0.7930000000000035,0.04885964332104832,,-0.06958571428571426,0.014499999999999968,0.10974999999999999,0.4257437160268622,0.20201398135148751,0.1140412738375706
396.0,1.2610292207792215,0.6092708333333334,0.9680535481923236,0.907627118644068,0.8262499999999999,0.60625,0.05741677419354772,0.0685571683218746,0.764250000000002,0.06151161371485433,,-0.05224285714285711,0.03874999999999995,0.13125,0.45046742183369975,0.20129640482517272,0.11404298963259328
397.0,1.2885227272727273,0.6875930555555556,0.9900403734460358,0.8881355932203393,0.844,0.6147499999999999,0.11175301075268615,0.20525846702317355,0.8390000000000015,0.07484544025746862,,-0.03489999999999997,0.06424999999999995,0.15389999999999998,0.48732705625613193,0.20668187809626792,0.1140447003336215
398.0,1.2954545454545454,0.7524763888888889,1.0169868247974456,0.8686440677966104,0.85825,0.6232499999999999,0.228110752688169,0.30587559808612386,0.8432499999999974,0.08848256323363433,,-0.017557142857142827,0.08174999999999993,0.17885,0.5178405124530769,0.19659142339587707,0.11404640571644067
399.0,1.276204545454545,0.8039208333333333,1.0479405011018095,0.8491525423728816,0.869,0.63175,0.384987030603802,0.3637197539302794,0.7872499999999978,0.10211968620980008,,-0.0002142857142856891,0.09124999999999993,0.2061,0.5400987439302993,0.17628408582796315,0.11404810556491185
400.0,1.2286590909090904,0.8419263888888888,1.08095070132658,0.829661016949153,0.87625,0.64025,0.5204638047973509,0.45143301435406596,0.7817499999999974,0.11575680918596579,,0.017128571428571448,0.09274999999999994,0.23564999999999997,0.5631332662801072,0.1757585676379315,0.11404979968250208
401.0,1.1803917112299462,0.8664930555555553,1.1002766679372544,0.8101694915254241,0.8800000000000001,0.6487499999999999,0.6343872043010738,0.530757689678741,0.7829999999999977,0.1293939321621315,0.1105,0.0344714285714286,0.08624999999999995,0.26749999999999996,0.5758815129258252,0.17902153560776526,0.11405148788788554
402.0,1.1299091937474288,0.8832039215686274,1.0961317465868279,0.7906779661016954,0.8821,0.6537999999999999,0.7168095698924724,0.5910601503759382,0.727749999999997,0.14174847765250492,0.08718,0.05181428571428574,0.07449999999999997,0.29423999999999995,0.5800660936885553,0.18932470286083627,0.11405317002482346
403.0,1.0737273755656105,0.8976420751633987,1.0692809181192804,0.8087457627118647,0.8844,0.65195,0.7651674193548386,0.6217819548872169,0.6954999999999989,0.1524057736645379,0.07042,0.06110986772486775,0.06024999999999999,0.30846,0.580060081942258,0.19717449138315465,0.11405484596499128
404.0,1.0243107088989443,0.9098075163398691,1.0233004677689492,0.8207118644067799,0.8869,0.6432,0.7845821588089329,0.6348468899521522,0.7144999999999992,0.16136582019823043,0.060219999999999996,0.06235817460317463,0.0435,0.31015999999999994,0.5771259714983594,0.20432043069900424,0.1140565155978116
405.0,0.9849773755656109,0.9197002450980392,0.9595737359016429,0.8265762711864408,0.8896000000000001,0.6275499999999999,0.7917289081885854,0.6116626794258356,0.6914999999999997,0.16862861725358244,0.05658,0.05555920634920639,0.02425,0.29933999999999994,0.5648019313549244,0.2050864383967305,0.11405817883008297
406.0,0.920153846153846,0.9273202614379084,0.8900675741427341,0.8263389830508476,0.8924999999999998,0.6049999999999999,0.7860688006617031,0.6138964456596014,0.5985000000000001,0.17419416483059408,0.0595,0.04071296296296302,0.0025000000000000022,0.27599999999999997,0.543768074207157,0.21403035233644446,0.11405983559551082
407.0,0.8353333333333334,0.9330974673202614,0.8245686368392274,0.8200000000000001,0.8926000000000001,0.5804,0.7690538544251437,0.5247246190342147,0.5480000000000012,0.17934504041505744,0.06121,0.017819444444444516,-0.01935,0.24639999999999995,0.5152287425579773,0.21000598472635176,0.11406148585809008
408.0,0.5781904761904735,0.9374617647058823,0.7630769239911228,0.77,0.8869,0.5586,0.7406840694789072,0.4629935265972399,0.507000000000001,0.1844959159995209,0.05394,-0.005074074074073983,-0.038900000000000004,0.21679999999999996,0.47258347163493386,0.23545855040364108,0.1140631296151495
409.0,0.2748571428571401,0.9404131535947713,0.7029685515088266,0.7200000000000001,0.8754,0.5396,0.6980893300248128,0.4529675525712653,0.4580000000000005,0.1896467915839843,0.03769,-0.027967592592592478,-0.05615,0.18719999999999998,0.4280510663963005,0.28821249689815254,0.11406476689715307
410.0,-0.036476190476193236,0.941951633986928,0.6428601790265305,0.67,0.8581,0.5234,0.6422141935483857,0.4142307104660029,0.39350000000000285,0.13492263818975972,0.012459999999999999,-0.05086111111111098,-0.0711,0.15759999999999996,0.3737715752593075,0.34808732552262867,0.11406639775903497
411.0,-0.3573333333333365,0.942077205882353,0.5827518065442343,0.62,0.835,0.51,0.5852713978494616,0.3570359052711981,0.3065000000000021,0.08316878032224757,-0.02175,-0.07375462962962946,-0.08375,0.12799999999999997,0.31522979520760935,0.4134841100327731,0.1140680222784658
412.0,-0.6618297872340457,0.938891911764706,0.5226434340619381,0.5700000000000001,0.8109999999999999,0.499,0.5400275268817198,0.36570257193786493,0.3305000000000045,0.03438521798144786,-0.05834999999999999,-0.09664814814814797,-0.09525,0.09839999999999997,0.2713194805175348,0.4840954160778893,0.11406964053674953
413.0,-0.7843039513677816,0.9304977941176471,0.4542158943425865,0.52,0.791,0.49000000000000005,0.5088143258891638,0.3233888464476694,0.28650000000000475,-0.011428048832639408,-0.09075,-0.11954166666666646,-0.10675000000000001,0.06879999999999997,0.23288879956642733,0.5092822656948479,0.11407125258920876
414.0,-0.8463748733535972,0.9168948529411765,0.37720144408069883,0.4561038961038961,0.775,0.483,0.5084791397849455,0.28267904345692674,0.3205000000000055,-0.05427102012001424,-0.11894999999999997,-0.14243518518518494,-0.11825000000000001,0.03919999999999997,0.20562694983634655,0.5226254006542166,0.11407285845972467
415.0,-0.878233029381966,0.8980830882352941,0.2928623024398186,0.37831168831168827,0.763,0.4779999999999999,0.5403226137303556,0.288260244501313,0.361444444444447,-0.03426866690198865,-0.14295,-0.16532870370370345,-0.12975,0.009599999999999964,0.18995385583394703,0.5351913207225966,0.1140744581384322
416.0,-0.8703546099290781,0.8740625,0.21711007117003459,0.28662337662337645,0.755,0.475,0.5660482051282048,0.26662595607433526,0.5074444444444471,-0.01426631368396305,-0.16275,-0.18822222222222196,-0.14125000000000001,-0.02000000000000004,0.1822193862575096,0.5410881666074824,0.11407605157921771
417.0,-0.8526241134751775,0.8402794117647059,0.1499447502713469,0.18103896103896072,0.7381,0.46519999999999995,0.5641608933002482,0.2614593969180354,0.5161944444444453,0.005736039534062547,-0.18357,-0.2111157407407404,-0.1555,-0.04960000000000005,0.16212171736113473,0.5418058415142757,0.1140776387232984
418.0,-0.8348936170212768,0.7921801470588236,0.09968550698081112,0.061558441558441035,0.6994,0.43979999999999997,0.5329037717121597,0.26299738903394176,0.559305555555554,0.02573839275208814,-0.21063,-0.23400925925925894,-0.17525000000000002,-0.07920000000000003,0.13854188059794875,0.542046850787185,0.11407921952990824
419.0,-0.8171631205673762,0.7297647058823529,0.06660008460390755,-0.05792207792207861,0.6388999999999999,0.39879999999999993,0.4647368072787441,0.2180887728459524,0.45680555555555136,0.03723285711572024,-0.24393000000000004,-0.2569027777777774,-0.20049999999999998,-0.10880000000000005,0.09469362907249967,0.5275709470026696,0.11408079399306166
420.0,-0.7976613393469953,0.6530330882352942,0.0494262639770929,-0.17740259740259826,0.5566,0.34219999999999995,0.3602631964519333,0.173180156657963,0.43413888888888563,0.03791926124612266,-0.28347,-0.27979629629629593,-0.23125,-0.13840000000000002,0.049912901600814345,0.5128175563454626,0.11408236214619413
421.0,-0.7729498970487308,0.561985294117647,0.035814704539556236,-0.282179401993356,0.45249999999999996,0.26999999999999996,0.2586983708241618,0.12827154046997355,0.3701388888888856,0.0277976051432954,-0.32925,-0.30268981481481444,-0.2675,-0.16800000000000004,-0.0012401935623844729,0.49353080306180336,0.11408392404788577
422.0,-0.7430287936725829,0.46016289592760184,0.0347972802053247,-0.3379438236182424,0.33849999999999997,0.1994,0.17172401774034213,0.08546711923411643,0.31338888888888494,0.006867888807238466,-0.37485,-0.32558333333333295,-0.30650000000000005,-0.19760000000000003,-0.04822841855861791,0.46955716656822827,0.11408547976537196
423.0,-0.7078980292185515,0.3511074660633484,0.04637399097439826,-0.34469586227725746,0.22649999999999998,0.1476,0.08959236270031258,0.046871087902523846,0.21527777777777626,-0.024869887762048144,-0.41384999999999994,-0.3484768518518514,-0.34550000000000003,-0.2272,-0.09208342469223928,0.43897517769402006,0.11408702936186157
424.0,-0.6675576036866364,0.23481900452488688,0.07054483684677693,-0.30243551797040125,0.11649999999999996,0.11460000000000001,0.010744350777157935,0.01248344647519581,0.17905050505050463,-0.05890783571017093,-0.44625000000000004,-0.3684518518518516,-0.38449999999999995,-0.25680000000000003,-0.12472576182460993,0.40731218391360896,0.11408857288216359
425.0,-0.6197345622119819,0.11129751131221721,0.10730981782246071,-0.2111627906976737,0.008499999999999952,0.1004,-0.06410515136750933,-0.017695805047867674,0.08218181818181833,-0.09294578365829372,-0.47205,-0.3811305555555554,-0.42350000000000004,-0.2864000000000001,-0.15421682151588473,0.37119805147174517,0.11409011034654634
426.0,-0.5678672811059909,-0.01945701357466064,0.1531066727121716,-0.14287158746208234,-0.09750000000000006,0.10500000000000001,-0.14716629346883248,-0.04366666666666661,-0.03227272727272692,-0.12698373160641652,-0.49124999999999996,-0.38651296296296295,-0.4625,-0.31600000000000006,-0.18399582795772634,0.3431224055865965,0.11409164176068982
427.0,-0.5135114697112242,-0.13870548014077427,0.2262350194157155,-0.13187057633973642,-0.19100000000000006,0.119,-0.23843907552681148,-0.08027999999999993,-0.08990909090909077,-0.1610216795545393,-0.50656,-0.38459907407407423,-0.49379999999999996,-0.34214000000000006,-0.2090429590600383,0.3255874131948672,0.11409316712428455
428.0,-0.45822283737024216,-0.22770879839115135,0.29764598421963384,-0.148489082029989,-0.2615,0.133,,-0.1423866666666666,-0.07290909090909284,-0.1950596275026621,-0.52069,-0.37538888888888916,-0.5097,-0.36136,-0.2178886573391262,0.32454995357427674,0.11409468641535055
429.0,-0.40200138408304475,-0.2864669683257919,0.3673395671239266,-0.18001110083256214,-0.30900000000000005,0.14700000000000002,,-0.22998666666666664,-0.13818181818181957,-0.22909757545078485,-0.53364,-0.36180092592592616,-0.5102,-0.37366,-0.2330377238624808,0.309666887864103,0.11409619958550296
430.0,-0.35902283737024215,-0.31497998994469584,0.4223314919413852,-0.2264366327474558,-0.3335,0.161,,-0.34307999999999994,-0.17800000000000274,-0.26179494172439605,-0.5454100000000001,-0.34821296296296317,-0.4953,-0.37904,-0.24547918543676547,0.29803156003032977,0.11409770658123052
431.0,-0.335764705882353,-0.31324786324786325,0.4538525288275254,-0.23047548566142453,-0.3350000000000001,0.175,,-0.48166666666666663,-0.16509090909091195,-0.2904222925917546,-0.5559999999999999,-0.33462500000000023,-0.465,-0.3775,-0.24967107170638686,0.285618492575712,0.11409920734297756
432.0,-0.3306712802768169,-0.29349641025641027,0.4345711859685145,-0.19212765957446834,-0.32770000000000005,0.1862,,-0.6262,-0.24905454545454891,-0.31497962805286034,-0.5632599999999999,-0.32103703703703723,-0.4344,-0.3725,-0.261110685581016,0.2740068189706635,0.11410070180115746
433.0,-0.3362076124567478,-0.26795145299145295,0.39072503209033754,-0.16460992907801433,-0.3258000000000001,0.1918,,-0.7571333333333333,-0.3416000000000016,-0.3354669481077134,-0.56504,-0.30744907407407424,-0.41859999999999997,-0.36750000000000005,-0.27650898890927544,0.2712881561785547,0.11410218989538162
434.0,-0.35004844290657483,-0.23661299145299144,0.321118146861609,-0.1606382978723405,-0.3293000000000001,0.19180000000000003,,-0.8744666666666665,-0.3241454545454562,-0.3518842527563137,-0.56134,-0.29386111111111124,-0.4176,-0.36250000000000004,-0.28763558525534044,0.2713212098357662,0.11410367157505892
435.0,-0.3620622837370246,-0.1994810256410256,0.23873480646953743,-0.18021276595744684,-0.33820000000000006,0.18619999999999998,,-0.9782,-0.35796363636363776,-0.36557212367317293,-0.55216,-0.2802731481481483,-0.4314,-0.35750000000000004,-0.3052210549938845,0.27690480516112936,0.11410514679157226
436.0,-0.3646228373702424,-0.15655555555555556,0.15995962579008138,-0.22333333333333333,-0.35250000000000004,0.175,,-1.0683333333333331,-0.4125090909090926,-0.37925999459003207,-0.5375,-0.2666851851851853,-0.45999999999999996,-0.35250000000000004,-0.32527871095048255,0.28546420148672125,0.1141066155062979
437.0,-0.3574948096885814,-0.11516444444444444,0.0866228214355958,-0.2796969696969697,-0.36350000000000005,0.1638,,-1.1439333333333332,-0.3845090909090926,-0.39294786550689126,-0.5217,-0.2530972222222223,-0.4902,-0.3498,-0.33780034247965546,0.29280113124308604,0.11410807768431462
438.0,-0.3466574394463669,-0.08263555555555555,0.02153569839355395,-0.31545454545454554,-0.36250000000000004,0.1582,,-1.2040666666666664,-0.36560000000000115,-0.4066357364237505,-0.5091,-0.2395092592592593,-0.5088000000000001,-0.3517,-0.3463620801755517,0.30081147422112514,0.11410953327668265
439.0,-0.33443598615916964,-0.05896888888888888,-0.034105823004658496,-0.3306060606060607,-0.34950000000000003,0.15820000000000004,,-1.2487333333333333,-0.3726909090909102,-0.4203236073406097,-0.4997,-0.22592129629629634,-0.5158,-0.35819999999999996,-0.35235149558380835,0.3080875832876898,0.11411098221917029
440.0,-0.3208304498269897,-0.04416444444444444,-0.08030174275904155,-0.3251515151515153,-0.3245,0.1638,,-1.2779333333333331,-0.33905454545454633,-0.43401147825746894,-0.49350000000000005,-0.21233333333333335,-0.5112000000000001,-0.3693000000000001,-0.3506357215715579,0.3121984350735634,0.11411242443331333
441.0,-0.3071925438106932,-0.0382222222222222,-0.12410964735732984,-0.2990909090909093,-0.2875000000000001,0.175,,-1.2916666666666665,-0.27196363636363796,-0.4476993491743281,-0.49050000000000005,-0.19874537037037038,-0.49499999999999994,-0.385,-0.34242106791736443,0.3145483148869729,0.11411385981976405
442.0,-0.29761312646500737,-0.03970666666666663,-0.13213875862781926,-0.26272727272727303,-0.24720000000000003,0.187,,-1.2886833333333334,-0.2639999999999999,-0.46138722009118727,-0.48872,-0.18515740740740738,-0.47625,-0.4008,-0.33439748639909805,0.31348945364039443,0.11411528826174158
443.0,-0.29784703649960936,-0.04718222222222219,-0.10438907657050985,-0.22636363636363668,-0.21230000000000002,0.195,,-1.2677333333333334,-0.22236363636363654,-0.47507509100804646,-0.48617999999999995,-0.17156944444444439,-0.46399999999999997,-0.4122,-0.3216913088211554,0.30912853573997495,0.11411670963346623
444.0,-0.31364911262417683,-0.06064888888888884,-0.014262217190295922,-0.1900000000000004,-0.18280000000000005,0.199,-0.22374264150943315,-1.2288166666666664,-0.08472727272727294,-0.4887629619249056,-0.48288000000000003,-0.15798148148148142,-0.45824999999999994,-0.4192,-0.2933372316437945,0.29258428289263383,0.11411812378800533
445.0,-0.34501935483870977,-0.08010666666666662,0.08473778281832361,-0.1536363636363641,-0.15870000000000004,0.199,-0.21025858490566013,-1.1719333333333333,-0.06563636363636163,-0.5024508328417648,-0.47881999999999997,-0.14439351851851842,-0.45899999999999996,-0.4218,-0.27914408825421827,0.28721031351406534,0.1141195305598922
446.0,-0.36713665689149566,-0.10555555555555549,0.192053124911609,-0.11727272727272782,-0.14000000000000004,0.195,-0.2229830188679247,-1.0970833333333334,-0.0836363636363607,-0.514226836696446,-0.47400000000000003,-0.13320555555555547,-0.46624999999999994,-0.42000000000000004,-0.2681640659212708,0.27965346035448874,0.11412092979784885
447.0,-0.3761454545454546,-0.13398222222222217,0.2724628143055011,-0.08090909090909153,-0.12825000000000006,0.192,-0.2432764150943394,-1.0209499999999998,-0.06279999999999816,-0.5240664392849059,-0.46798,-0.1250175925925925,-0.47465,-0.4135,-0.25621888573879315,0.27542971440869884,0.11412232136803926
448.0,-0.36629090909090917,-0.1623733333333333,0.325966851,-0.044545454545455235,-0.12500000000000006,0.195,-0.25038615384615354,-0.9602166666666665,-0.04879999999999796,-0.5319696406071448,-0.46032,-0.11982962962962959,-0.47885,-0.40199999999999997,-0.24497249547994931,0.2718931747558671,0.11412370513877788
449.0,-0.3318181818181819,-0.19072888888888884,0.325966851,0.00879480519480349,-0.13025000000000006,0.20400000000000001,-0.24972085631349755,-0.9148833333333333,-0.17079999999999887,-0.5379364406631625,-0.45102000000000003,-0.11764166666666664,-0.47885,-0.3855,-0.2443134079634948,0.2624620744908928,0.11412508098838106
450.0,-0.2727272727272729,-0.2190488888888888,0.325966851,0.10457662337662069,-0.14400000000000007,0.219,-0.2451109978229316,-0.8849499999999999,-0.18800000000000067,-0.5419668394529592,-0.44008,-0.1184537037037037,-0.47465,-0.364,-0.23167458772993835,0.2540958369937732,0.11412644880419985
451.0,-0.2136363636363638,-0.24733333333333327,0.325966851,0.24279999999999635,-0.16625000000000006,0.24,-0.24993887518142227,-0.8704166666666666,-0.12919999999999976,-0.5459727040387128,-0.42750000000000005,-0.11986574074074072,-0.46624999999999994,-0.3375,-0.2117926308998031,0.25278380337893924,0.11412780845616309
452.0,-0.1545454545454548,-0.26843555555555554,0.325966851,0.42346493506493044,-0.19275000000000006,0.25739999999999996,-0.2751582619738754,-0.8685499999999999,-0.13760000000000067,-0.5499785686244663,-0.41858000000000006,-0.12127777777777778,-0.45640000000000003,-0.31410000000000005,-0.1964674166008715,0.2614735337871121,0.11412915979566578
453.0,-0.09545454545454574,-0.27520888888888884,0.3227348070504697,0.57066439232409,-0.21925000000000003,0.26159999999999994,-0.31631130624092896,-0.8766166666666667,-0.1776000000000005,-0.5539844332102197,-0.41861999999999994,-0.12268981481481481,-0.44785,-0.3019,-0.1893204611358219,0.2738287327086612,0.11413050268330475
454.0,-0.03636363636363667,-0.26765333333333335,0.3120607740226228,0.6589876332622582,-0.24575000000000005,0.25260000000000005,-0.34803411949685564,-0.8946166666666666,-0.1381454545454543,-0.5579902977959733,-0.42762,-0.12410185185185182,-0.4406,-0.3009,-0.1827233537692066,0.2804079981249963,0.11413183699879244
455.0,0.022727272727272395,-0.24576888888888893,0.2939447519164592,0.6629697228144987,-0.27225000000000005,0.2304,-0.3472769654088057,-0.92255,-0.10954545454545436,-0.5619961623817268,-0.44558,-0.12551388888888887,-0.43465,-0.31110000000000004,-0.18329925804682393,0.27392412776657715,0.11413316263661871
456.0,0.08181818181818144,-0.20955555555555558,0.2702379944757983,0.5826106609808117,-0.29875000000000007,0.19499999999999998,-0.3208443275278188,-0.9604166666666666,-0.14954545454545526,-0.5660020269674805,-0.4725,-0.12692592592592591,-0.43,-0.3325,-0.19552665142243658,0.2540297252994658,0.11413447951481716
457.0,0.1409090909090905,-0.16975333333333334,0.2425240121414994,0.4179104477611971,-0.3188000000000001,0.1762,-0.278426566279633,-0.9946166666666667,-0.08914545454545483,-0.5671718913080526,-0.5017466666666667,-0.12833796296296293,-0.4258,-0.3546,-0.20363249935364175,0.22758086978565797,0.11413578757480283
458.0,0.19999999999999957,-0.1371022222222222,0.2140348488630929,0.2447761194029879,-0.3259500000000001,0.20380000000000004,-0.2443624310595074,-1.0115500000000002,-0.045145454545454725,-0.5645794841639054,-0.5266866666666666,-0.12974999999999998,-0.42119999999999996,-0.36690000000000006,-0.20790109217083402,0.21285528160575817,0.11413708675814069
459.0,0.2590909090909086,-0.1116022222222222,0.19874479377377327,0.08099853672812606,-0.32020000000000004,0.27779999999999994,-0.26351299709724285,-1.0112166666666664,-0.06332727272727319,-0.558224805535039,-0.54732,-0.13116203703703702,-0.4162,-0.36940000000000006,-0.21253798297804813,0.21165160078811243,0.11413837699700664
460.0,0.3181818181818176,-0.0932533333333333,0.2020597111529306,-0.03599531752999584,-0.30155000000000004,0.3982,-0.33415173923560715,-0.9936166666666665,-0.0355272727272713,-0.5481078554214533,-0.5636466666666666,-0.13257407407407404,-0.41079999999999994,-0.3621,-0.20663438545145146,0.22763834477287986,0.11413965821227096
461.0,0.3772727272727267,-0.0820555555555555,0.22212834725674555,-0.10620544337137783,-0.27,0.565,-0.4267820029027575,-0.9587499999999999,0.029272727272728654,-0.5342286338231483,-0.5756666666666667,-0.13398611111111108,-0.40499999999999997,-0.34500000000000003,-0.18885718654488687,0.25913144884077466,0.11414093029706868
462.0,0.4363636363636358,-0.07439269841269834,0.2573671916443588,-0.12963184079601991,-0.23420000000000002,0.7278,-0.4996501257861633,-0.9130999999999998,0.09461818181818456,-0.5194231409853055,-0.5839733333333333,-0.13539814814814813,-0.39770000000000005,-0.32300000000000006,-0.16388001983110642,0.2924599181688327,0.11414219310908638
463.0,0.4954545454545448,-0.06664857142857135,0.3077762443157702,-0.10627450980392208,-0.20280000000000004,0.8362,-0.5103580188679231,-0.8631499999999999,0.1966181818181841,-0.5046176481474628,-0.58916,-0.13681018518518515,-0.38780000000000003,-0.30100000000000005,-0.13089785441746898,0.3127369030073615,0.11414344647682852
464.0,0.554545454545454,-0.05882317460317452,0.3635911612665717,-0.04549019607843181,-0.17580000000000004,0.8901999999999999,-0.4625608276729545,-0.8088999999999998,0.31825454545454834,-0.48981215530961997,-0.5912266666666667,-0.1382222222222222,-0.3753,-0.279,-0.0927531486633212,0.31875506225934624,0.11414469020475704
465.0,0.6116629711751658,-0.05091650793650785,0.41110476059360695,0.015294117647058453,-0.15320000000000006,0.8897999999999999,-0.38873319622641367,-0.75035,0.37625454545454695,-0.4750066624717772,-0.5901733333333333,-0.1396342592592592,-0.3602,-0.257,-0.06150696888263673,0.3094304230611178,0.11414592408800663
466.0,0.6589135254988909,-0.04292857142857135,0.4488865282436267,0.07607843137254873,-0.13500000000000006,0.835,-0.3048727345911936,-0.6875,0.33774545454545724,-0.4594150241423092,-0.5860000000000001,-0.14104629629629625,-0.3425,-0.23500000000000001,-0.041259906199846264,0.28189480645495707,0.11414714793935321
467.0,0.6962971175166295,-0.03564571428571421,0.476936464216631,0.136862745098039,-0.12120000000000004,0.7623777777777778,-0.24304274465408682,-0.6283000000000001,0.2110181818181843,-0.4411839851359057,-0.57928,-0.14164444444444443,-0.3215,-0.21739999999999998,-0.03183604300663504,0.2490291996650615,0.11414836160665681
468.0,0.7238137472283811,-0.029854285714285656,0.49525456851261984,0.19764705882352926,-0.11180000000000005,0.7085111111111111,-0.23589582641509396,-0.5807,0.1319272727272752,-0.42031354545256655,-0.5705866666666667,-0.13817314814814818,-0.2965,-0.20859999999999998,-0.023947836713846114,0.2313806336498783,0.11414956496807079
469.0,0.7414634146341461,-0.02555428571428566,0.5038408411315931,0.25843137254901954,-0.10680000000000005,0.6734,-0.26120682264150885,-0.5447,0.073479720279724,-0.396803705092292,-0.55992,-0.13063240740740747,-0.26749999999999996,-0.20859999999999998,-0.017935848018643712,0.22407982576440083,0.11415075791608184
470.0,0.7512195121951217,-0.022745714285714248,0.511246493443149,0.25496243798724316,-0.10620000000000004,0.6570444444444445,-0.27420612075471695,-0.5203,0.10335664335664721,-0.37065446405508184,-0.54728,-0.11902222222222232,-0.2345,-0.21739999999999998,-0.009605642135080753,0.2234346566530507,0.11415194034641428
471.0,0.7609756097560975,-0.0214285714285714,0.5226593705791412,0.24921615875265787,-0.11000000000000006,0.6594444444444444,-0.264964664150944,-0.5075000000000001,0.1688811188811214,-0.34265196783256135,-0.5326666666666666,-0.10334259259259271,-0.19749999999999998,-0.23500000000000001,0.00329444569586609,0.22665132450829295,0.11415311214910345
472.0,0.7707317073170731,-0.008403174603174586,0.5380794725395697,0.2411925348452637,-0.10670000000000006,0.6712222222222223,-0.23110104499274414,-0.48246666666666665,0.28439627039627247,-0.31464947161004087,-0.5241333333333333,-0.08440740740740749,-0.15839999999999999,-0.2527,0.024475793479073776,0.23257889916329771,0.11415427319774024
473.0,0.7804878048780486,0.029530158730158747,0.5575067993244341,0.23089156626506058,-0.08480000000000004,0.683,-0.15757757619738902,-0.42136666666666667,0.38148717948718147,-0.28664697538752043,-0.5297333333333333,-0.06547222222222228,-0.11910000000000001,-0.2618,0.05260048106269649,0.23435023284983464,0.11415542334225055
474.0,0.7902439024390242,0.09237142857142859,0.580941350933735,0.21831325301204857,-0.04430000000000005,0.6947777777777777,-0.06116331979620445,-0.32419999999999993,0.4395256410256422,-0.2586444791649999,-0.5494666666666667,-0.04653703703703706,-0.0796,-0.2623,0.08499727507819622,0.2328883628262193,0.1141565624103283
475.0,0.7999999999999998,0.18012063492063493,0.6081332336216403,0.2677108433734943,0.014799999999999952,0.7065555555555555,0.017397223877404944,-0.1909666666666666,0.414948717948718,-0.22358308626778456,-0.5833333333333333,-0.027601851851851843,-0.039900000000000005,-0.2542,0.12072009079841504,0.2248832079082096,0.11415769021406806
476.0,0.8097560975609754,0.2927777777777778,0.637269442591751,0.31710843373494,0.09249999999999994,0.7183333333333334,0.09360059082600711,-0.021666666666666567,0.4280833333333337,-0.17565528673094882,-0.6313333333333333,-0.008666666666666632,-2.7755575615628915e-18,-0.23749999999999996,0.16532907541146444,0.2293747283241416,0.11415880654911925
477.0,0.8195121951219511,0.4067333333333334,0.6735614103450768,0.3665060240963857,0.17659999999999992,0.7301111111111112,0.17332918624165344,0.14740000000000011,0.42775000000000035,-0.11486108055449289,,0.010268518518518583,0.0372,-0.2081,0.2503164432319436,0.2032693126043978,0.11415991115856265
478.0,0.8292682926829267,0.4983777777777778,0.7170091368816178,0.42810671256454425,0.25489999999999996,0.7418888888888888,,0.2799333333333334,0.3675000000000001,-0.04120046773841658,,0.029203703703703798,0.0688,-0.1619,0.3025172420022105,0.20925910404966283,0.11416100373694592
479.0,0.8390243902439023,0.5677111111111112,0.7665352739450271,0.47868502581755623,0.3273999999999999,0.7536666666666666,,0.3759333333333334,0.3835000000000002,0.045326551717280006,,0.048138888888889016,0.09480000000000001,-0.09889999999999999,0.350011730637993,0.20763140762230592,0.11416208400557658
480.0,0.8487804878048779,0.6147333333333334,0.8203548659798097,0.5093838209982791,0.3940999999999999,0.7654444444444445,,0.4354000000000001,,0.13766108113790196,,0.06707407407407422,0.11520000000000001,-0.019099999999999985,0.3973901698737528,0.21141768269547317,0.11416315172332106
481.0,0.8585365853658535,0.6394444444444445,0.8765235867037596,0.5320818859855007,0.45499999999999996,0.7772222222222223,,0.45833333333333337,,0.22999561055852397,,0.08600925925925944,0.13,0.07750000000000003,0.4366278807919507,0.20045257850539666,0.11416420666126904
482.0,0.8682926829268292,0.6585686868686869,0.9212928178355873,0.549748917748918,0.5136999999999999,0.7843888888888888,,0.4586,,0.3109057423503862,,0.10494444444444466,0.14240000000000003,0.17220000000000005,0.4697547219911184,0.18949797596004078,0.11416524861093708
483.0,0.8780487804878048,0.6888303030303031,0.9454534638938812,0.5501818181818182,0.5738,0.7823333333333333,,0.45006666666666667,,0.36937152603757495,,0.12387962962962987,0.15560000000000002,0.24630000000000002,0.4951022983726883,0.18271446814321915,0.11416627738917713
484.0,0.8878048780487804,0.7302292929292931,0.9500828731349884,0.5591818181818182,0.6352999999999999,0.7710555555555556,,0.43273333333333336,,0.4053929616200901,,0.14281481481481506,0.1696,0.2998,0.5151141171324759,0.17515445145727399,0.11416729283720929
485.0,0.897560975609756,0.7827656565656567,0.9369660011144039,0.5881818181818183,0.6981999999999999,0.7505555555555555,,0.40659999999999996,,0.4189700490979317,,0.16175000000000028,0.18439999999999998,0.3327,0.530991801542153,0.16482431587452523,0.11416829481680295
486.0,0.9036831782750816,0.8464393939393939,0.9061028478321276,0.6253030303030304,0.7625,0.7208333333333333,0.4388885632183885,0.3716666666666667,,0.4101027884710997,,0.1806851851851855,0.2,0.34500000000000003,0.5319373571610374,0.15289440600180032,0.11416928321545255
487.0,0.9046141025180502,0.9124303030303033,0.8660305990684407,0.6675757575757577,0.8253,0.6869333333333334,0.4554858045977003,0.33413333333333334,0.6202205882352938,0.3902155773683538,,0.19962037037037073,0.2083,0.3466,0.5404279102486667,0.14517338257190684,0.11417025794458094
488.0,0.9003537483386616,0.971918181818182,0.8364322140766521,0.7150000000000002,0.8836999999999999,0.6538999999999999,0.534429080459772,0.3002000000000001,0.6566911764705881,0.3703283662656079,,0.21855555555555597,0.2012,0.34740000000000004,0.5537085682143654,0.1478088786970893,0.11417121891230674
489.0,0.8909021157369159,1.0249030303030304,0.8220040374033253,0.7650000000000002,0.9376999999999999,0.6217333333333334,0.6115717624521089,0.2698666666666667,0.634338235294118,0.3512411479655942,,0.2353490740740744,0.1787,0.34739999999999993,0.5614471128485304,0.15596484438027713,0.11417216601769624
490.0,0.876259204712813,1.0713848484848485,0.8227460690484598,0.8150000000000002,0.9873,0.5904333333333334,0.6462470114942538,0.24313333333333337,0.6461176470588238,0.3338585445315161,,0.24857314814814843,0.14079999999999998,0.3465999999999999,0.5674274003036353,0.167586915080651,0.11417309916780538
491.0,0.8600589101620031,1.1113636363636363,0.838658309012056,0.8650000000000004,1.0325,0.5599999999999999,0.6911030459770128,0.22000000000000003,0.7300000000000006,0.3181805559633736,0.14525000000000002,0.25822777777777794,0.0875,0.34500000000000003,0.5759173025182758,0.1765161839375821,0.11417401827638346
492.0,0.8438586156111929,1.1450762845849802,0.8697407572941135,0.9150000000000004,1.0700333333333332,0.54125,0.7388901149425323,0.19946666666666665,0.7989558823529421,0.3042071822611665,0.14390999999999998,0.264312962962963,0.0351,0.34299999999999997,0.5866287000007064,0.1929936858760358,0.11417492325344332
493.0,0.827658321060383,1.1727596837944663,0.9055195501227338,0.9650000000000004,1.0966333333333331,0.545,0.7599705747126462,0.18053333333333332,0.8499852941176483,0.29193842342489507,0.13409,0.2668287037037037,-9.999999999999731e-05,0.34099999999999997,0.5954869441145101,0.2054566207863727,0.11417581400560115
494.0,0.8114580265095729,1.1944138339920947,0.9487671061793943,1.019428571428572,1.1122999999999998,0.57125,0.7895184674329527,0.16319999999999998,0.8785882352941183,0.28057428665182693,0.11578999999999999,0.2679166666666667,-0.018099999999999998,0.33899999999999997,0.6052932281539427,0.21406957238039337,0.11417669044097385
495.0,0.7952577319587629,1.2100387351778656,1.0003153420020818,1.0886190476190485,1.117033333333333,0.6199999999999999,0.8281525287356348,0.14746666666666666,0.8830441176470595,0.2692101498787588,0.08900999999999999,0.2690046296296297,-0.018899999999999993,0.337,0.6168037344749172,0.2198672037514558,0.11417755246720578
496.0,0.7790574374079529,1.2196343873517788,1.070052910735863,1.1725714285714295,1.1108333333333333,0.6912499999999999,0.8193704597701167,0.13333333333333336,0.8585367647058829,0.2611415356087122,0.05375,0.2700925925925926,-0.0024999999999999996,0.3350000000000001,0.626580298815071,0.22086436255529276,0.11417839999071734
497.0,0.7628571428571428,1.2242939064558631,1.1354970243697118,1.2712857142857152,1.0991666666666666,0.76175,,0.12523333333333336,0.828955882352942,0.2607437059925961,0.019099999999999995,0.27118055555555554,0.022600000000000002,0.3323,0.6250138764615343,0.23132300501639605,0.11417923293035796
498.0,0.7466568483063327,1.2251104084321476,1.196647682903628,1.3847619047619057,1.0875,0.8082499999999999,,0.12760000000000005,0.8139558823529415,0.2680166610304103,-0.005850000000000004,0.2722685185185185,0.047900000000000005,0.3282,0.6393257206489464,0.24663823915761998,0.11418005121345279
499.0,0.730886211888572,1.2220838932806326,1.2460361231095725,1.5085714285714293,1.0758333333333332,0.8307500000000001,,0.14043333333333335,0.8452058823529416,0.2829604007221548,-0.0211,0.2733564814814815,0.07339999999999999,0.32270000000000004,0.65702565770799,0.26767292565611545,0.1141808547477517
500.0,0.7186960599128881,1.2152143610013177,1.2828304284495573,1.6323809523809527,1.0641666666666665,0.82925,,0.16373333333333337,0.8748750000000003,0.30557492506782974,-0.02665,0.27444444444444444,0.09910000000000001,0.31579999999999997,0.6738178948759546,0.2894681997227899,0.11418164342322012
501.0,0.7100863923792811,1.204501811594203,1.2971419457785167,1.6674285714285717,1.0525,0.80375,,0.19750000000000004,0.891625,0.3325647115644134,-0.022500000000000003,0.27553240740740736,0.125,0.3075,0.6809882540217547,0.29429653085192964,0.11418241713789659
502.0,0.705057209287751,1.191525,1.311453463107476,1.6137142857142859,1.0431333333333335,0.7676000000000001,,0.23810000000000003,0.8883749999999999,0.3595544980609972,-0.012140000000000001,0.27662037037037035,0.1484,0.2983,0.6799930478465102,0.28242536565548254,0.11418317581548411
503.0,0.7036085106382977,1.1778626811594202,1.325764980436435,1.4979749373433584,1.0383666666666667,0.73415,,0.28190000000000004,0.8651249999999997,0.383497886682734,0.0009399999999999992,0.27770833333333333,0.16660000000000003,0.2887,0.6732627275685127,0.2610467803359252,0.11418391940828096
504.0,0.7053106382978722,1.1635148550724637,1.3400764977653945,1.3469473684210524,1.0382,0.7034,,0.3289000000000001,0.82575,0.3996283960604031,0.016739999999999998,0.2787962962962963,0.17959999999999998,0.27869999999999995,0.6627523472341463,0.23874998059966285,0.1141846478900077
505.0,0.7070127659574468,1.1484815217391304,1.3551172968160086,1.1769473684210527,1.0426333333333335,0.67535,0.6676506291224804,0.37910000000000005,0.7927500000000001,0.4079460261940048,0.03526,0.2798842592592593,0.18739999999999998,0.2682999999999999,0.6517023714887653,0.21502487392179662,0.1141853612474964
506.0,0.7087148936170212,1.1327626811594205,1.3724479386433104,1.0876140350877197,1.0516666666666667,0.6499999999999999,0.6036781901856995,0.4325,0.750625,0.4084507770835387,0.05650000000000001,0.28097222222222223,0.19,0.25749999999999995,0.6416737431903998,0.2151223688857889,0.11418605947201736
507.0,0.7104170212765958,1.1177670724637683,1.3920684232473,1.0546140350877196,1.0616666666666668,0.6329999999999999,0.5585975436339765,0.4816,0.6827500000000001,0.4011426487290051,0.07906,0.28206018518518516,0.19160000000000002,0.2487999999999999,0.6353673997350153,0.2212881443422073,0.11418674255141545
508.0,0.7121191489361701,1.1049034347826088,1.4121619209505405,1.0451271929824562,1.0690000000000002,0.63,0.5230568142991641,0.5189,0.6454999999999997,0.3890680390052509,0.10154,0.28314814814814815,0.1964,0.24469999999999992,0.633973192793167,0.22806996206109068,0.11418741046303668
509.0,0.7138212765957446,1.0941717681159422,1.4302518062020604,1.0324166666666668,1.0736666666666668,0.641,0.4861957447331372,0.5444,0.6250283333333334,0.37699342928149665,0.12394000000000001,0.2842361111111111,0.2044,0.24519999999999992,0.6339801287647255,0.23308948963715995,0.11418806317236678
510.0,0.715523404255319,1.085572072463768,1.445608797280205,1.0001666666666664,1.0756666666666665,0.666,0.44653249999999867,0.5581,0.5874400000000005,0.36491881955774247,0.14626,0.285324074074074,0.2156,0.2502999999999999,0.6316437857831743,0.23682010212479315,0.11418870064134036
511.0,0.7172255319148936,1.079104347826087,1.456672333129942,0.9374999999999997,1.0750000000000002,0.705,0.40275191506410124,0.56,0.6127199999999992,0.35284420983398823,0.1685,0.2823703703703703,0.23000000000000004,0.2599999999999999,0.63140633629567,0.23768374772303827,0.11418932283403162
512.0,0.718927659574468,1.0756789307568437,1.4634424137512707,0.8999999999999998,1.0764,0.744,0.3694425400641029,0.5574000000000001,0.6817200000000007,0.340769600110234,0.18356,0.275375,0.24135,0.27059999999999995,0.6356190103040656,0.23884118318723221,0.11418992971015804
513.0,0.7206297872340425,1.076206157809984,1.4677358688216282,0.8937499999999998,1.0846,0.7689999999999999,0.37487014423077103,0.5576000000000001,0.6782200000000033,0.3286949903864798,0.18434,0.26433796296296297,0.2434,0.2784,0.6372703508175622,0.2396055685479506,0.1141905212232325
514.0,0.722331914893617,1.0806860289855074,1.4682273690025123,0.91875,1.0996000000000001,0.7799999999999999,0.4221151923076958,0.5606000000000002,0.6585666666666695,0.3166203806627256,0.17084000000000002,0.2492592592592593,0.23615,0.2834,0.6405104865555703,0.23832896871743586,0.11419109732709148
515.0,0.7240340425531915,1.089118544283414,1.462708032015819,0.975,1.1214,0.7769999999999999,0.49683910256410535,0.5664000000000001,0.6587800000000019,0.3045457709389713,0.14306,0.23013888888888895,0.21960000000000002,0.28559999999999997,0.6467303129460279,0.23785584725621356,0.1141916579735739
516.0,0.7257361702127658,1.1015037037037039,1.451177857861548,1.0380769230769231,1.15,0.76,0.557375312500002,0.575,0.6248333333333358,0.2924711612152171,0.10099999999999998,0.21101851851851858,0.19375,0.28500000000000003,0.6476387843158581,0.2439457331954307,0.11419220311370384
517.0,0.7274382978723404,1.1131401481481482,1.4336368465396996,1.0767307692307693,1.1709999999999998,0.7408,0.5886903124999998,0.5814,0.6191666666666655,0.2823832642025848,0.05179,0.1918981481481482,0.16255,0.2792,0.6442731752363111,0.2514163279157309,0.11419273270997267
518.0,0.7291404255319148,1.1193265185185186,1.4100849980502737,1.090961538461539,1.17,0.7312,0.5704558333333323,0.5805999999999999,0.6926666666666639,0.2786878274078551,0.0025599999999999954,0.17277777777777786,0.12995,0.2658,0.6388722561248482,0.25462424750404966,0.11419324673979203
519.0,0.7308425531914893,1.1200628148148148,1.3843242672827438,1.0807692307692314,1.1469999999999998,0.7312000000000001,0.5337968749999982,0.5726,0.7566666666666633,0.28138485083102804,-0.04669000000000001,0.15365740740740755,0.09595,0.24480000000000005,0.6275974761402411,0.2557822168499599,0.11419374519404055
520.0,0.7325446808510638,1.1153490370370371,1.3426595842154145,1.046153846153847,1.1019999999999999,0.7407999999999999,0.4945338541666663,0.5574,0.7789333333333285,0.2904743344721035,-0.09596000000000002,0.13453703703703718,0.06054999999999999,0.21620000000000003,0.6082982648047499,0.25232375498706255,0.1141942280836462
521.0,0.7342468085106383,1.1051851851851853,1.2821036980088407,1.0197435897435905,1.035,0.76,0.48996591346153834,0.535,0.761199999999998,0.3059562783310816,-0.14525000000000002,0.11541666666666683,0.023749999999999997,0.18000000000000002,0.5858798671362527,0.24349617532047152,0.11419469544238875
522.0,0.7359489361702127,1.0914299259259261,1.202656608663022,1.003589743589744,0.9593999999999999,0.7822,0.4911722115384616,0.4852,0.751466666666669,0.3258439696968404,-0.18743000000000004,0.09629629629629648,-0.011200000000000005,0.14040000000000002,0.5619267398962264,0.23116655376751405,0.11419514731887462
523.0,0.7266516004296454,1.075941925925926,1.118677645331757,0.9976923076923077,0.8886,0.8008000000000001,0.4902152483974344,0.38780000000000003,0.7294666666666684,0.3457316610625991,-0.21537,0.07717592592592612,-0.04105000000000001,0.10160000000000002,0.534566641530876,0.21590104253845324,0.11419558377114909
524.0,0.6996131946888499,1.0587211851851854,1.0309776875255925,1.0020512820512817,0.8225999999999999,0.8158,0.4559700240384584,0.2428,0.7262166666666687,0.3617659662300762,-0.22907000000000002,0.05805555555555577,-0.0658,0.06360000000000002,0.5030929687101191,0.20368661501462765,0.11419600486917415
525.0,0.6548337189478257,1.0397677037037039,0.9554606875443279,1.016666666666666,0.7613999999999999,0.8272,0.4113040865384584,0.0502,0.754450000000004,0.3635947630355319,-0.22853000000000004,0.03893518518518542,-0.08545000000000001,0.026400000000000014,0.47044520083012165,0.20237983971560272,0.1141964106951183
526.0,0.5923131732065732,1.0190814814814817,0.8951138962274087,1.0333333333333325,0.7049999999999998,0.835,0.3661878605769212,-0.19000000000000003,0.7788500000000006,0.3512180514789661,-0.21375000000000002,0.019814814814815073,-0.1,-0.009999999999999992,0.4344401865085356,0.21753602521249926,0.11419680134075177
527.0,0.5120515574650923,0.9867892390572391,0.8499373135748346,1.0377333333333332,0.6455999999999998,0.8220000000000001,0.34954218749999955,-0.43390000000000006,0.7153749999999989,0.32463583156037906,-0.19540000000000002,0.0006944444444447251,-0.1149,-0.0445,0.3896899219239514,0.23832125969735746,0.11419717691334538
528.0,0.42504833512352463,0.9330176969696969,0.7848278789278158,1.0268000000000008,0.5753999999999999,0.7709999999999999,0.32837737980769177,-0.6376000000000001,0.6587499999999992,0.2838481032797705,-0.18415,-0.018425925925925624,-0.1356,-0.076,0.33823524772732666,0.26120461354801444,0.11419753754512704
529.0,0.338045112781957,0.8577668552188552,0.7248705904688412,1.0005333333333346,0.4944,0.6819999999999999,0.2905659375000008,-0.8011000000000001,0.6089999999999994,0.23270825283542235,-0.18,-0.03754629629629597,-0.1621,-0.1045,0.2817602704172938,0.2787063693743095,0.11419788339293634
530.0,0.2510418904403894,0.7610367138047138,0.6700654481979108,0.9589333333333354,0.4025999999999999,0.5549999999999999,0.21324031250000192,-0.9244,0.5554999999999998,0.1815684023910741,-0.18295,-0.05666666666666631,-0.19440000000000002,-0.13,0.21861210242862558,0.2883711122926109,0.11419821463494545
531.0,0.16403866809882167,0.6428272727272727,0.6204124521150247,0.9107666666666688,0.29999999999999993,0.39,0.11925125000000111,-1.0075,0.5067500000000018,0.13194287393367155,-0.19299999999999998,-0.07578703703703667,-0.2325,-0.15250000000000002,0.15176443903603037,0.292968436891885,0.11419853146946303
532.0,0.08402792696026029,0.5253332307692308,0.575911602220183,0.8704916666666683,0.20886666666666662,0.2372,0.023309062500000595,-1.0508000000000002,0.4729779411764727,0.08885191864855681,-0.20572999999999997,-0.0945314814814811,-0.2683,-0.1735,0.09243632386618265,0.29802494104795807,0.11419883410145089
533.0,0.026573576799142427,0.43074928671328677,0.5573066300183772,0.8411750000000012,0.15146666666666664,0.14679999999999999,-0.041596562499998026,-1.0547,0.3991323529411782,0.0522955365357299,-0.21671999999999994,-0.11233611111111075,-0.2937,-0.1945,0.049424741147376626,0.2951763025148902,0.11419912271282244
534.0,-0.008324382384531901,0.35907544055944063,0.543615384679568,0.8228166666666674,0.12779999999999997,0.11879999999999998,-0.0614413701923056,-1.0192,0.3014656862745115,0.022273727595190848,-0.22596999999999995,-0.12920092592592555,-0.30870000000000003,-0.21549999999999997,0.023393587662329594,0.2831228654955236,0.11419939743684884
535.0,-0.0206659505907627,0.3103116923076924,0.5433769656261969,0.8154166666666669,0.13786666666666664,0.15319999999999995,-0.034891947115384035,-0.9443000000000001,0.1960212418300675,-0.0012135081730603667,-0.23347999999999997,-0.14512592592592558,-0.3133,-0.2365,0.016193992949439764,0.2641090547322648,0.1141996583477526
536.0,-0.010451127819549974,0.284458041958042,0.5565913728582637,0.8102083333333333,0.18166666666666662,0.24999999999999992,0.009597956730769894,-0.8300000000000001,0.12181472009093577,-0.019680492755969378,-0.23924999999999996,-0.16011111111111076,-0.3075,-0.25749999999999995,0.02784602571081287,0.24277689086006263,0.1141999054568925
537.0,0.015327604726100019,0.2723300699300699,0.5785956227317033,0.8049999999999999,0.23479999999999998,0.3611999999999999,0.053477019230769994,-0.7213,0.08380960500142096,-0.03814747733887839,-0.24692999999999996,-0.17453240740740705,-0.2982,-0.2734,0.046573574062412706,0.22783829219499582,0.11420013872133607
538.0,0.04110633727175002,0.2647433566433567,0.6041300468113813,0.7997916666666666,0.27286666666666665,0.4387999999999999,0.085767540064103,-0.6632,0.07139130434782628,-0.056232318071128495,-0.26017,-0.18895370370370332,-0.2923,-0.2791,0.059902921192636974,0.22154327908425356,0.11420035807509785
539.0,0.06688506981740001,0.2616979020979021,0.6282809182343007,0.7945833333333333,0.2958666666666666,0.48279999999999995,0.1045727644230768,-0.6557000000000001,0.07939130434782624,-0.0723283799813179,-0.27897,-0.20337499999999958,-0.28980000000000006,-0.27459999999999996,0.06709318420994195,0.2185949256398167,0.114200563461646
540.0,0.09266380236305,0.2631937062937063,0.6425091375780205,0.7858690476190466,0.30379999999999996,0.49319999999999986,0.11360490384615514,-0.6988000000000001,0.10739130434782547,-0.08643566306944658,-0.30333,-0.2177962962962959,-0.29070000000000007,-0.2599,0.06751928162014718,0.21675890310730248,0.11420075484655665
541.0,0.11844253490869998,0.2692307692307693,0.6468147048425407,0.7596249999999983,0.2966666666666666,0.4699999999999999,0.13477145833333548,-0.7925,0.13745893719806712,-0.09855416733551456,-0.33324999999999994,-0.23221759259259217,-0.29500000000000004,-0.23500000000000001,0.060463450803712133,0.2169887385501904,0.11420093221986706
542.0,0.14456552094521996,0.27660769230769233,0.6458606036719263,0.7158511904761882,0.2793666666666666,0.43420000000000003,0.17191343750000185,-0.9007999999999999,0.1651111111111107,-0.10868389277952181,-0.36086,-0.24663888888888846,-0.30100000000000005,-0.20800000000000002,0.05053524578645678,0.2211389761722993,0.11420109559386515
543.0,0.17103276047260998,0.2821230769230769,0.644906502501312,0.6545476190476162,0.2568,0.40679999999999994,0.23230084166666892,-0.9877,0.19377777777777738,-0.11720698325212728,-0.37829,-0.2610601851851847,-0.30700000000000005,-0.187,0.04314510071083918,0.22712468861360935,0.11420124499101911
544.0,0.19784425349086995,0.28577692307692304,0.6439524013306975,0.5757142857142823,0.22896666666666662,0.38780000000000003,0.2874564750000029,-1.0532,0.2179999999999996,-0.12573007372473272,-0.38554,-0.275481481481481,-0.31300000000000006,-0.172,0.03575424643380195,0.23268840774636126,0.11420138043279097
545.0,0.22499999999999995,0.2875692307692308,0.6429983001600832,0.4828571428571398,0.19586666666666663,0.3772,0.33233471250000163,-1.0973,0.23777777777777756,-0.13373342614031855,-0.38261,-0.2899027777777773,-0.319,-0.16299999999999998,0.02828983048662877,0.2369410426924398,0.11420150193940781
546.0,0.25249999999999995,0.2875,0.6453353168107232,0.40218131868131646,0.15749999999999997,0.375,0.3450280541666679,-1.1199999999999999,0.24718518518518523,-0.13832754236686223,-0.36949999999999994,-0.3043240740740736,-0.325,-0.16,0.021077018457353998,0.23766867797151872,0.1142016095319053
547.0,0.27999999999999997,0.2856466666666667,0.6518703784507207,0.3418076923076908,0.12349999999999994,0.37279999999999996,0.32553650000000167,-1.1326666666666667,0.244,-0.13951242240436376,-0.35361999999999993,-0.3187453703703699,-0.3296,-0.15985,0.013654769855977054,0.2352189106491901,0.11420170323202368
548.0,0.30749999999999994,0.2820866666666667,0.6626034850800757,0.3017362637362629,0.10349999999999995,0.36219999999999997,0.2775677500000015,-1.1466666666666667,0.22933333333333322,-0.1372880662528231,-0.34237999999999996,-0.33316666666666617,-0.33140000000000003,-0.15940000000000001,0.005444721373584517,0.23106607346119576,0.11420178306322425
549.0,0.33499999999999996,0.27682000000000007,0.6693952404645092,0.2819670329670327,0.09749999999999996,0.3432,0.2295990000000013,-1.162,0.2235555555555558,-0.13165447391224033,-0.3357799999999999,-0.34758796296296246,-0.3304,-0.15865,-0.0006454005634360452,0.22816362190739542,0.11420184904956701
550.0,0.36249999999999993,0.26984666666666673,0.671225669876876,0.28250000000000025,0.10549999999999997,0.31579999999999997,,-1.1786666666666668,0.23111111111111154,-0.12313138343963499,-0.33381999999999995,-0.3620092592592587,-0.3266,-0.15760000000000002,-0.01793287689080664,0.22983760849103593,0.11420190122271678
551.0,0.38999999999999996,0.2611666666666667,0.6648036554959218,0.29115384615384643,0.12749999999999997,0.27999999999999997,,-1.1966666666666668,0.252592592592593,-0.11460829296702968,-0.3364999999999999,-0.37643055555555505,-0.32,-0.15625,-0.017155560934600314,0.232786121034964,0.11420193961713732
552.0,0.4175,0.25612571428571435,0.6492222701535435,0.29980769230769255,0.15239999999999995,0.24220000000000003,,-1.2067999999999999,0.27777777777777823,-0.1063734961661689,-0.33769999999999994,-0.39085185185185134,-0.3154,-0.15475,-0.015894263950990164,0.23473695198415886,0.11420196424612193
553.0,0.44499999999999995,0.26006952380952386,0.624481513849741,0.30846153846153873,0.16909999999999997,0.2088,,-1.1998666666666666,0.30666666666666725,-0.10069562771780927,-0.3313,-0.4052731481481476,-0.3176,-0.15325,-0.01347613366267179,0.23334767916866803,0.11420197510632567
554.0,0.4725,0.2729980952380952,0.5987207828187937,0.31711538461538497,0.17759999999999995,0.17980000000000002,,-1.1758666666666666,0.3280000000000003,-0.09757468762195083,-0.3173,-0.413946296296296,-0.32659999999999995,-0.15175,-0.00969899429094001,0.22774233110165518,0.1142019721916737
555.0,0.4999999999999999,0.2949114285714286,0.5729600517878461,0.32576923076923114,0.17789999999999995,0.1552,,-1.1347999999999998,0.3352592592592594,-0.09701067587859358,-0.29569999999999996,-0.41543425925925925,-0.3424,-0.15025,-0.004875269432282164,0.21714324727969403,0.11420195549269865
556.0,0.5275,0.3258095238095239,0.5471993207568988,0.3343076923076926,0.16999999999999993,0.135,,-1.0766666666666667,0.3284444444444446,-0.09900359248773749,-0.2665,-0.40973703703703734,-0.365,-0.14875,0.0009861651736567379,0.20185205348387467,0.11420192499691607
557.0,0.5549999999999999,0.3549419047619048,0.5237590316462093,0.34226923076923105,0.1663999999999999,0.122,,-0.9994666666666667,0.33155555555555594,-0.10326514377763807,-0.23933999999999997,-0.3968546296296302,-0.3871,-0.1445,0.010431980368414251,0.1845181619740323,0.11420188068690332
558.0,0.5824999999999999,0.3715580952380952,0.5117679562933617,0.3496538461538464,0.1795999999999999,0.119,,-0.9012,0.35318518518518544,-0.10752669506753865,-0.22386,-0.3767870370370378,-0.40140000000000003,-0.13474999999999998,0.025535216376640905,0.16550424023609872,0.11420182253409292
559.0,0.61,0.37565809523809524,0.5112260946983562,0.35646153846153866,0.20959999999999993,0.126,,-0.7818666666666667,0.39422222222222203,-0.1113731119348675,-0.22006,-0.35528240740740813,-0.4079,-0.11950000000000001,0.045954017441668396,0.14647770805058197,0.11420175049326703
560.0,0.6375,0.36724190476190477,0.5221334468611927,0.3626923076923078,0.2563999999999999,0.14300000000000002,,-0.6414666666666667,0.4407407407407405,-0.10953742611164871,-0.22793999999999998,-0.33377777777777834,-0.40659999999999996,-0.09875,0.07091176858695933,0.1293011320113588,0.11420166450203173
561.0,0.6649999999999998,0.34630952380952384,0.544490012781871,0.3684615384615385,0.31999999999999995,0.17,,-0.4800000000000001,0.4909629629629627,-0.10201963759788231,-0.2475,-0.31227314814814866,-0.39749999999999996,-0.07249999999999998,0.1002805934154065,0.1210681050910085,0.11420156448257987
562.0,0.6924999999999999,0.32729809523809533,0.5759753505401335,0.36507692307692313,0.3869999999999999,0.20599999999999996,,-0.3390000000000001,0.5271375661375648,-0.08881974639356825,-0.26852,-0.29076851851851887,-0.38249999999999995,-0.04859999999999999,0.12869201017008067,0.1253594463575141,0.1142014503472535
563.0,0.72,0.324644761904762,0.6370526982954932,0.3525384615384616,0.44399999999999995,0.25,,-0.26,0.5212222222222206,-0.06993775249870655,-0.28078,-0.26926388888888925,-0.3635,-0.034899999999999994,0.15240715113105854,0.12595665717956142,0.1142013220112234
564.0,0.7474999999999999,0.3383495238095239,0.7015648103442773,0.3308461538461539,0.491,0.302,,-0.24300000000000002,0.4732169312169302,-0.045788790335868954,-0.28428,-0.24775925925925946,-0.3404999999999999,-0.0314,0.1693819870578597,0.11890956914046527,0.11420117940541678
565.0,0.775,0.36841238095238105,0.7695116866864856,0.3192820512820514,0.5279999999999999,0.362,,-0.288,0.41032804232804115,-0.021639828173031346,-0.27902,-0.22625462962962972,-0.3135,-0.038099999999999995,0.18278739735205518,0.11059448234008484,0.11420102248056528
566.0,0.7751818181818181,0.41483333333333344,0.8605482358839233,0.31784615384615406,0.5549999999999999,0.43,,-0.3949999999999999,0.351142857142856,0.002442671982368244,-0.265,-0.20475000000000004,-0.2824999999999999,-0.05499999999999999,0.193458579423144,0.1156850120920486,0.11420085120275895
567.0,0.7480454545454545,0.4699038095238096,0.9481500209559979,0.33569230769230807,0.5737,0.4957999999999999,,-0.5039333333333332,0.3005238095238095,0.024536482507664145,-0.2435,-0.1832453703703703,-0.24849999999999994,-0.0708,0.20435304947505845,0.13675460547879573,0.1142006655466858
568.0,0.6990454545454545,0.5259152380952382,1.0027250319056127,0.3713996247654788,0.5857999999999999,0.5491999999999999,,-0.5547333333333333,0.2680687830687831,0.044641603402856354,-0.21580000000000005,-0.16174074074074057,-0.2124999999999999,-0.0742,0.21831062491075148,0.1537729739618969,0.11420046548731647
569.0,0.6445454545454545,0.5828676190476191,1.05043051443644,0.4121801125703568,0.5912999999999999,0.5902000000000001,,-0.5474,0.24955555555555525,0.06275803466794488,-0.1819,-0.14023611111111084,-0.17449999999999993,-0.06520000000000001,0.23729366475712912,0.16448465203155002,0.11420025099071332
570.0,0.5845454545454546,0.6407609523809523,1.0912664685484805,0.4387517198248907,0.5902,0.6188,,-0.48193333333333327,0.2337777777777775,0.07888577630292973,-0.1418,-0.11873148148148112,-0.13449999999999993,-0.04379999999999999,0.2589569074381608,0.1703629437696895,0.11420002201020174
571.0,0.5465454545454546,0.6995952380952382,1.1055779856799286,0.45111444652908067,0.5824999999999999,0.635,,-0.3583333333333333,0.2283703703703698,0.0930912903152489,-0.0955,-0.0972268518518514,-0.09249999999999994,-0.009999999999999998,0.28449623557542736,0.16844732181804375,0.11419977848770597
572.0,0.5307272727272727,0.7507266666666668,1.1159409265881683,0.4492682926829266,0.5676499999999999,0.6376000000000001,0.5171255769230882,-0.22920000000000001,0.23333333333333212,0.10729680432756808,-0.05797,-0.07572222222222166,-0.058099999999999964,0.0259,0.3224697607876285,0.17071504990140238,0.11419952034629285
573.0,0.5316363636363637,0.7855114285714286,1.1208654909933655,0.4362276422764227,0.5450999999999999,0.6254000000000001,0.6893878846153918,-0.1471333333333333,0.25229629629629563,0.12150231833988726,-0.044180000000000004,-0.05421759259259194,-0.04089999999999998,0.053599999999999995,0.34822117848594497,0.18867548532265452,0.11419924749568569
574.0,0.5329090909090908,0.8039495238095238,1.12035167889552,0.424780487804878,0.5148499999999999,0.5984,0.7992515729783067,-0.11213333333333333,0.2749629629629625,0.1305727657111934,-0.05413000000000001,-0.03271296296296222,-0.04089999999999999,0.07309999999999997,0.3595179847696556,0.20349607512725262,0.1141989598695663
575.0,0.5345454545454544,0.8060409523809524,1.1143994902946317,0.4149268292682926,0.47689999999999994,0.5566,0.8383346893491129,-0.1242,0.3013333333333328,0.1344766302864308,-0.08782000000000001,-0.012574999999999472,-0.0581,0.08439999999999996,0.3556615985327291,0.20810388278284997,0.11419865745145202
576.0,0.5363636363636364,0.7917857142857143,1.103008925190701,0.4066666666666666,0.4312499999999999,0.5,0.8243460798816569,-0.18333333333333335,0.3051851851851848,0.13321391206559946,-0.14525,0.000729629629629925,-0.0925,0.08749999999999995,0.335640458281104,0.20598411497994035,0.11419834027872511
577.0,0.569110698824984,0.7583607142857143,1.0901285598069361,0.4,0.3817499999999999,0.44720000000000004,0.8044505029585796,-0.26963333333333334,0.2853333333333335,0.12678461104869937,-0.20733000000000001,0.00720092592592597,-0.1332,0.07909999999999992,0.30994685806077416,0.2022521950171177,0.11419800843588841
578.0,0.6271228200371047,0.7029428571428571,0.9839842760999005,0.3933333333333333,0.3322499999999999,0.4168,0.7854395414201176,-0.3632,0.24800000000000014,0.11518872723573052,-0.25497,0.006838888888888664,-0.1693,0.055899999999999915,0.2771664602969951,0.18995493053178364,0.11419766203845708
579.0,0.70537736549165,0.6255321428571429,0.8649596266040256,0.38666666666666666,0.2827499999999999,0.4088,0.7841145710059151,-0.46403333333333335,0.21570370370370373,0.10356132726770592,-0.28817000000000004,-0.0003564814814819947,-0.2008,0.017899999999999923,0.24585754205585666,0.18547482839289048,0.11419730121887356
580.0,0.7761677800979643,0.5261285714285714,0.7330546113434815,0.38,0.23324999999999996,0.4232,0.74590510848126,-0.5721333333333334,0.18933333333333346,0.0924401515792588,-0.30693000000000004,-0.013018518518519017,-0.2277,-0.03490000000000008,0.21034269317228688,0.18402450066418818,0.11419692611779636
581.0,0.8357158972527758,0.4047321428571428,0.5882692308970169,0.37333333333333335,0.1837499999999999,0.45999999999999996,0.6708111538461523,-0.6875,0.16822222222222277,0.08577517553497856,-0.31124999999999997,-0.025680555555556046,-0.25,-0.10250000000000006,0.17097704288486182,0.19087484688009615,0.11419653688620192
582.0,0.8592052951395909,0.29799107142857145,0.43060348526463166,0.36666666666666664,0.14319999999999994,0.5004,0.5518569230769216,-0.7887,0.14785185185185246,0.08356639913486522,-0.31037,-0.038342592592593074,-0.26749999999999996,-0.17060000000000003,0.12898779285503612,0.20318065831591497,0.11419613368861173
583.0,0.8586617425928471,0.24255357142857142,0.356884827494602,0.36,0.12054999999999993,0.5256000000000001,0.41296198717948496,-0.8543,0.12822222222222254,0.0858138223789188,-0.31353,-0.05100462962963011,-0.27999999999999997,-0.22490000000000002,0.09767953883335825,0.20740129953849418,0.11419571668909496
584.0,0.8391078741208938,0.23841964285714287,0.3077819797262823,0.35333333333333333,0.11579999999999994,0.5356,0.2583309615384608,-0.8843,0.12052991452991527,0.09251744526713927,-0.32073,-0.06366666666666712,-0.2875,-0.26539999999999997,0.0742731774790357,0.20381141403852385,0.1141952860295133
585.0,0.8282502448143862,0.28558928571428577,0.2832949419355022,0.3466666666666666,0.12894999999999995,0.5304,0.1623149802761354,-0.8787,0.1366837606837616,0.10317104351994921,-0.33197,-0.07632870370370415,-0.29,-0.2921,0.06687301570764156,0.19799450602550087,0.1141948418157551
586.0,0.8387021276595744,0.38406250000000003,0.2859940492519278,0.33999999999999997,0.15999999999999998,0.51,0.1314231360946762,-0.8375,0.17912820512820574,0.10964963683104238,-0.34725,-0.08899074074074118,-0.2875,-0.30500000000000005,0.07662277958747747,0.18797876476436207,0.11419438410508197
587.0,0.8649020309477755,0.4924341666666667,0.3236132585211805,0.33333333333333337,0.20479999999999995,0.4843333333333334,0.14915023668639293,-0.7929999999999999,0.20125925925926,0.10746099962165319,-0.36195,-0.10165277777777819,-0.2817,-0.311,0.09371313147084404,0.17936431850752135,0.11419391290561835
588.0,0.8931425531914892,0.5692991666666667,0.3925890350182547,0.32666666666666666,0.2592,0.46333333333333326,0.1549968392504935,-0.7775,0.20307692307692443,0.09660513189178159,-0.37145,-0.11431481481481523,-0.27430000000000004,-0.317,0.10745320244862813,0.1755184417396874,0.11419342820165258
589.0,0.9270739108409319,0.6146575000000001,0.46963918441930713,0.32121212121212117,0.32319999999999993,0.44699999999999995,0.13603735207100423,-0.7909999999999999,0.1930655270655275,0.07708203364142761,-0.37575000000000003,-0.12697685185185226,-0.2653,-0.323,0.1162100555284619,0.1789191075836993,0.11419292998211455
590.0,0.9672537158796572,0.6285091666666667,0.5506965582592438,0.3181818181818182,0.39679999999999993,0.43533333333333335,0.08087307692307077,-0.8335000000000001,0.19994871794871868,0.04889170487059127,-0.37485,-0.13963888888888928,-0.25470000000000004,-0.32899999999999996,0.12105708594101497,0.19153752078871666,0.11419241825175479
591.0,0.9953290296871886,0.6108541666666667,0.6331908208296497,0.31757575757575757,0.47999999999999987,0.42833333333333334,0.05965889546350529,-0.905,0.22372649572649803,0.0162091505209893,-0.36875,-0.1523009259259263,-0.2425,-0.33499999999999996,0.12580905170554724,0.2119316353459715,0.11419189302739088
592.0,1.0107488851455377,0.5765323076923077,0.7063676160870624,0.3193939393939394,0.5606,0.42366666666666664,0.07361384615383819,-0.9678000000000001,0.2666495726495735,-0.016473403828612666,-0.35762,-0.16496296296296334,-0.229,-0.33549999999999996,0.13330117621409637,0.23210283660907124,0.11419135432789833
593.0,1.0363807033273562,0.5403833974358975,0.7666640455555107,0.32363636363636367,0.6264,0.41900000000000004,0.13952621794871228,-0.9842000000000001,0.3072649572649567,-0.03849650273951523,-0.34163,-0.17762500000000037,-0.2145,-0.32499999999999996,0.14841458445923433,0.24424833525954903,0.11419080216174783
594.0,1.0535565101429731,0.502407435897436,0.8163100288850529,0.3290909090909091,0.6774,0.41433333333333333,0.23540493589743292,-0.9542000000000002,0.3239686609686615,-0.046312298458676335,-0.32077999999999995,-0.1902870370370374,-0.199,-0.3035,0.1670280341942917,0.2461002463988995,0.11419023651965345
595.0,1.04013930972258,0.46260442307692307,0.8593727145407823,0.3593729128014842,0.7135999999999999,0.4096666666666667,0.3612500000000002,-0.8778000000000002,0.3299316239316244,-0.03992079098609602,-0.29507,-0.2029490740740744,-0.1825,-0.27099999999999996,0.19047841326284923,0.23673789783280572,0.11418965737633201
596.0,1.005646934303674,0.420974358974359,0.8958521025226996,0.38448237476808905,0.735,0.40499999999999997,0.4301722879684392,-0.7550000000000001,0.3251538461538452,-0.01932198032177427,-0.26449999999999996,-0.21561111111111142,-0.16499999999999998,-0.22749999999999995,0.2110963438041585,0.2164343993424692,0.114189064698417
597.0,0.9500793838862555,0.3853594871794872,0.928768592028646,0.40441929499072343,0.7378,0.4003333333333334,0.43286183431952485,-0.6245,0.33802564102564137,0.015484133534288924,-0.23487999999999998,-0.22642592592592617,-0.1476,-0.18009999999999998,0.22711612674085524,0.19102946023233985,0.11418845845814268
598.0,0.865026959643831,0.3636020512820513,0.9509753499655105,0.41918367346938756,0.7182,0.3956666666666667,0.38231863905325225,-0.525,0.368333333333335,0.053838095143394146,-0.21202000000000001,-0.2341620370370372,-0.1314,-0.13589999999999997,0.23419019510859931,0.16676221300715216,0.11418783864683764
599.0,0.7857500272870886,0.3557020512820513,0.9571532085105885,0.42885034013605416,0.6761999999999999,0.391,0.3441417601849944,-0.4565,0.4100000000000016,0.09219205675249935,-0.19592,-0.23881944444444453,-0.11639999999999999,-0.09489999999999998,0.2384607142649166,0.14992086657187206,0.11418720527867433
600.0,0.7338279707022834,0.36165948717948715,0.9473021676638804,0.4092653061224487,0.6117999999999999,0.3863333333333333,0.33720603958375717,-0.41900000000000004,0.43992307692307764,0.12287454166403433,-0.18658,-0.24039814814814817,-0.1026,-0.0571,0.23889384107315378,0.13970324570297218,0.1141865583846817
601.0,0.7092607898894154,0.3814743589743589,0.921422227425386,0.39042857142857124,0.525,0.38166666666666665,0.37173662517853556,-0.4125,0.46600000000000097,0.14276110108045964,-0.184,-0.2388981481481481,-0.09,-0.022500000000000013,0.23870372803537468,0.13345465088443415,0.1141858980064211
602.0,0.7120484848484846,0.4117307692307691,0.8795133877951056,0.3723401360544217,0.44289999999999996,0.37606666666666666,0.409999642930015,-0.42610000000000003,0.504056497175142,0.1518517350017753,-0.18828,-0.23616666666666664,-0.07799999999999999,0.006999999999999987,0.23849718950255092,0.13440906392026425,0.11418522419077763
603.0,0.7350787878787877,0.44901282051282043,0.8322853803421207,0.3550000000000001,0.39259999999999995,0.3686,0.4518351458885944,-0.44889999999999997,0.552395480225989,0.15014644342798128,-0.19952,-0.2334351851851851,-0.066,0.029499999999999988,0.24061420522079338,0.14408209108681594,0.1141845369840861
604.0,0.7581090909090906,0.49332051282051276,0.7963599657951378,0.34239215686274493,0.37409999999999993,0.3592666666666666,0.46969535809018537,-0.48089999999999994,0.6110169491525421,0.13764522635907764,-0.21772,-0.2307037037037037,-0.05399999999999999,0.044999999999999984,0.24311301592516094,0.15823498783555343,0.11418383642922614
605.0,0.7811393939393936,0.5446538461538462,0.773314916804799,0.3433137254901957,0.38739999999999997,0.34806666666666664,0.45262851458885833,-0.5221,0.6483311603650589,0.12201956049263454,-0.24287999999999998,-0.2279722222222222,-0.042,0.05349999999999999,0.24424396873423068,0.16879981688539547,0.11418312256847629
606.0,0.8041963636363633,0.6030128205128206,0.7631502333711044,0.35776470588235243,0.43249999999999994,0.33499999999999996,0.40063461538461365,-0.5725,0.6564406779661015,0.10639389462619146,-0.275,-0.2252407407407407,-0.03,0.05500000000000001,0.2436680407599147,0.17637821994799793,0.11418239544852551
607.0,0.8299199999999995,0.6596769230769232,0.7726130468451609,0.38574509803921525,0.4875,0.32859999999999995,0.36439053254437753,-0.6125999999999999,0.6411864406779662,0.09302200712002723,-0.3003,-0.22250925925925924,-0.023399999999999997,0.053200000000000004,0.24693177064602925,0.18286603427195897,0.1141816551177646
608.0,0.8583103030303028,0.705925641025641,0.8018257543638503,0.42725490196078403,0.5305,0.33740000000000003,0.34771005917159736,-0.6228999999999999,0.6254628422425035,0.08300950544504083,-0.305,-0.21977777777777777,-0.027599999999999996,0.0518,0.2567086592472815,0.18428053687219875,0.11418090161463504
609.0,0.8897931953195315,0.7417589743589744,0.8393863154765479,0.4772928526249213,0.5614999999999999,0.3614,0.34745857988165696,-0.6033999999999999,0.6081747066492833,0.07635638960123228,-0.2891,-0.2170462962962963,-0.04259999999999999,0.0508,0.2715553369725608,0.17885275099899076,0.11418013495942926
610.0,0.9255809180918089,0.7671769230769232,0.8826714835011404,0.5226185958254278,0.5805,0.4006,0.364770118343196,-0.5541,0.5893220338983053,0.07306265958860154,-0.25260000000000005,-0.2143148148148148,-0.06839999999999999,0.0502,0.2905062798221848,0.1670839483542988,0.11417935515531363
611.0,0.9656468046804679,0.7821794871794873,0.9316812584376282,0.5632321315623035,0.5875,0.45499999999999996,0.4049342209072986,-0.475,0.5667509778357234,0.07312831540714868,-0.19550000000000003,-0.21158333333333332,-0.10499999999999998,0.05,0.3137835616197659,0.15059963055410203,0.11417856219106551
612.0,1.0073508550855086,0.7839758241758241,0.979668508934904,0.5991334598355482,0.5837,0.5038,0.4630988165680476,-0.38986666666666664,0.539538461538461,0.07429957869659477,-0.14003000000000002,-0.20885185185185184,-0.1437,0.0456,0.3355512133083121,0.13829940129938956,0.11417775604659235
613.0,1.039691577376915,0.7697750915750916,1.026510837856086,0.6303225806451621,0.5702999999999999,0.5262,0.5204469822485208,-0.3224666666666666,0.5068430769230758,0.07547084198604087,-0.10842,-0.20612037037037037,-0.1758,0.0324,0.348939567969561,0.13465782565340956,0.11417693670882895
614.0,1.023237759392377,0.7395772893772894,1.0723076927457975,0.6577419354838716,0.5472999999999999,0.5222,0.5756289743589743,-0.2728,0.45796307692307525,0.07664210527548697,-0.10067,-0.2033888888888889,-0.20129999999999998,0.010399999999999998,0.3503457103334274,0.13520863752872328,0.11417610419184844
615.0,0.9568305494406131,0.6933824175824176,1.1106434343201872,0.685161290322581,0.5146999999999999,0.4918,0.6194061538461534,-0.24086666666666665,0.3928984615384596,0.07720730995961794,-0.11677999999999997,-0.2006574074074074,-0.2202,-0.02040000000000001,0.33879468163828247,0.13978293814837714,0.11417525854991957
616.0,0.8404868073740991,0.6311904761904762,1.1237909054111597,0.6975077330976582,0.4725,0.43499999999999994,0.6457858974358969,-0.22666666666666666,0.33089846153846003,0.07321910663987917,-0.15675,-0.19792592592592592,-0.2325,-0.06000000000000001,0.31260977107821686,0.1483824480967255,0.11417439988377452
617.0,0.6742065331928353,0.5594547619047618,1.1117501060187152,0.6947812638091029,0.4185,0.3624,0.6547682051282051,-0.22584999999999997,0.28428307692307575,0.06467749531627064,-0.20744999999999997,-0.19519444444444445,-0.2439,-0.10340000000000002,0.27493049984632295,0.16327901924413363,0.11417352834163104
618.0,0.48935641569412586,0.4846285714285714,1.0703901393916158,0.6769818824569153,0.3504999999999999,0.2846,0.6395837684354573,-0.23406666666666665,0.2543630769230762,0.05158247598879236,-0.25575,-0.19246296296296297,-0.2601,-0.1456,0.22957190719206602,0.1819104635863952,0.11417264411187561
619.0,0.33639716768587224,0.4067119047619047,0.9935376106365723,0.6441095890410953,0.2684999999999999,0.2016,0.5789524491808787,-0.25131666666666663,0.21884307692307664,0.03393404865744433,-0.30165,-0.19218256038647344,-0.2811,-0.18660000000000002,0.17640975855955024,0.19277001991053533,0.11417174741380896
620.0,0.21727362456232865,0.3257047619047619,0.8886536330689058,0.5961643835616429,0.17249999999999993,0.11340000000000003,0.47305578582600794,-0.27759999999999996,0.17772307692307715,0.012338271927541673,-0.34514999999999996,-0.19435323671497584,-0.3069,-0.22640000000000002,0.11617216436137777,0.19464623737043724,0.11417083849389689
621.0,0.13796360125230486,0.24160714285714285,0.7812796428131497,0.5482191780821906,0.06249999999999996,0.020000000000000007,0.3290869396721617,-0.3129166666666666,0.13595384615384615,-0.009257504802360988,-0.38625,-0.19897499194847018,-0.3375,-0.265,0.05333651338666408,0.19205032562946978,0.11416991762070379
622.0,0.09846709775580081,0.16814523809523813,0.6790577990222447,0.5002739726027382,-0.04140000000000004,-0.0624,0.18752354223626425,-0.35996666666666666,0.10418461538461507,-0.03085328153226365,-0.421,-0.2060478260869565,-0.37039999999999995,-0.2972,-0.0036868220849276033,0.1880737903688447,0.11416898506916763
623.0,0.07841891720552811,0.11904523809523812,0.5861189984474282,0.45292615336167363,-0.11910000000000003,-0.1176,0.07029797892901188,-0.42145,0.08241538461538392,-0.0524490582621663,-0.44544999999999996,-0.21557173913043473,-0.40309999999999996,-0.31779999999999997,-0.05023558048130986,0.18293352552928804,0.11416804109804972
624.0,0.06636363636363637,0.0943071428571429,0.5086366359819904,0.40643174303259155,-0.17060000000000003,-0.1456,4.0131516923710975e-05,-0.4973666666666666,0.0974553846153837,-0.07404483499206896,-0.4596,-0.225095652173913,-0.4356,-0.3268,-0.08296231996178437,0.17839294240907144,0.11416708593161791
625.0,0.0603030303030303,0.09393095238095242,0.4466107116259309,0.3607907416154919,-0.19590000000000005,-0.1464,-0.022137500000000282,-0.5877166666666667,0.14849538461538345,-0.09612644706199333,-0.46345000000000003,-0.23461956521739125,-0.46790000000000004,-0.3242,-0.10202281131466166,0.17528128976485496,0.1141661197499058
626.0,0.05424242424242424,0.1179166666666667,0.39222694642281214,0.3160031491103747,-0.19500000000000003,-0.12,-0.0021187500000003647,-0.6925,0.1974892307692304,-0.11876519058384219,-0.45699999999999996,-0.2441434782608695,-0.5,-0.31,-0.11154635725951463,0.17532795397294326,0.11416514268964258
627.0,0.04818181818181818,0.14570000000000002,0.34930259397766045,0.27206896551724,-0.18240000000000006,-0.08020000000000001,0.019618749999999546,-0.7918900000000001,0.19839076923076976,-0.14196106555761553,-0.44658,-0.2536673913043478,-0.5294000000000001,-0.292,-0.12034539713960545,0.17633470011628302,0.11416415485918359
628.0,0.04212121212121213,0.1567166666666667,0.3224071408501506,0.22839080459770003,-0.17260000000000003,-0.0408,0.04074583333333322,-0.86606,0.1512000000000016,-0.1657140719833134,-0.43852,-0.263191304347826,-0.5536000000000001,-0.27799999999999997,-0.13120740848300544,0.1762853774163265,0.11416315635978987
629.0,0.05630857399707825,0.1509666666666667,0.3115405870402825,0.18471264367816004,-0.16560000000000002,-0.0018000000000000017,0.04869583333333359,-0.91501,0.08917538461538652,-0.1900242098609357,-0.43282,-0.2727152173913042,-0.5726000000000001,-0.268,-0.1412264098515238,0.17199397623634285,0.11416214729557914
630.0,0.09074390380941658,0.12845,0.3167029325480562,0.14103448275862002,-0.16140000000000004,0.0368,0.04235625000000069,-0.9387399999999999,0.01601230769230987,-0.21440564385046082,-0.42948,-0.2822391304347825,-0.5864,-0.262,-0.1501832069626315,0.16284845191634117,0.11416112777070302
631.0,0.14542720155822708,0.0891666666666667,0.3378941773734716,0.09735632183908002,-0.16,0.075,0.0211208333333345,-0.93725,-0.0479876923076914,-0.23878707783998596,-0.4285,-0.29176304347826076,-0.595,-0.26,-0.15666590091822566,0.15054126638040818,0.11416009788521206
632.0,0.22035846724350977,0.0430666666666667,0.3636549087585617,0.0608195902048973,-0.16020000000000004,0.10739999999999998,-0.00993685897435756,-0.9212400000000001,-0.06878769230769267,-0.26316851182951106,-0.42854000000000003,-0.30128695652173904,-0.6003000000000001,-0.2616,-0.15855431333997613,0.1386429445617857,0.11415905773056842
633.0,0.3155377008652646,0.00010000000000003894,0.38059711027251697,0.031424287856071834,-0.16080000000000005,0.1286,-0.04593701923076794,-0.90141,-0.04638769230769395,-0.28754994581903615,-0.42826000000000003,-0.31081086956521725,-0.6042,-0.2664,-0.15682117342349014,0.13014329610067174,0.11415800738557912
634.0,0.4107169344870195,-0.03973333333333329,0.38799830026725884,0.009170414792603629,-0.16180000000000005,0.1386,-0.07431298076922958,-0.87776,-0.03054153846153986,-0.3119313798085613,-0.42766000000000004,-0.32033478260869547,-0.6066999999999999,-0.27440000000000003,-0.15562059753103416,0.12773948620603198,0.1141569469198423
635.0,0.5058961681087745,-0.07643333333333328,0.38585847874278734,-0.005942028985507296,-0.16320000000000007,0.1374,-0.09506474358974247,-0.85029,-0.03008000000000175,-0.33631281379808636,-0.42674,-0.32985869565217374,-0.6077999999999999,-0.28559999999999997,-0.15558335489337743,0.13025449453891852,0.11415587640234072
636.0,0.6010754017305293,-0.10999999999999996,0.37417764569910245,-0.013913043478260945,-0.16500000000000004,0.125,-0.13264807692307334,-0.819,-0.04607384615384735,-0.3548984489279633,-0.4255,-0.339382608695652,-0.6075,-0.3,-0.15811878405351182,0.13648762079568375,0.11415479590735787
637.0,0.6402282173647718,-0.1333384615384615,0.3529558011362042,-0.021884057971014594,-0.16620000000000004,0.11440000000000002,-0.1953570512820459,-0.7945,-0.07563692307692371,-0.3662214512499909,-0.42510999999999993,-0.3489065217391302,-0.6064999999999999,-0.316,-0.1672907463111851,0.14049993308940215,0.11415370552099033
638.0,0.617813540705042,-0.1393538461538461,0.3310114749252274,-0.02985507246376824,-0.16580000000000006,0.1186,-0.2857423076923014,-0.7874,-0.11876923076923085,-0.3702818207641692,-0.42674,-0.3584304347826085,-0.6054999999999999,-0.33199999999999996,-0.18231769264254688,0.14016971003415674,0.11415260534873645
639.0,0.5338313717513404,-0.12804615384615384,0.3090671487142506,-0.03782608695652189,-0.16380000000000006,0.1376,-0.3779288461538407,-0.7977,-0.13971076923076917,-0.3670795574704983,-0.43038999999999994,-0.36795434782608677,-0.6045,-0.348,-0.19874551721559144,0.13730929869665176,0.11415149551379306
640.0,0.38828171050366694,-0.0994153846153846,0.2871228225032738,-0.04579710144927554,-0.16020000000000006,0.1714,-0.4319062499999955,-0.8253999999999999,-0.12452923076922999,-0.3566146613689781,-0.43606,-0.377478260869565,-0.6035,-0.364,-0.212721168290392,0.13526028692091666,0.11415037614529637
641.0,0.21399493670885908,-0.05346153846153845,0.26690650273130756,-0.053768115942029196,-0.15500000000000008,0.21999999999999997,-0.42321874999999914,-0.8705,-0.08006769230769187,-0.344682931319257,-0.44375,-0.38700217391304326,-0.6024999999999999,-0.38,-0.22093212589309946,0.14386397874916232,0.11414924736488827
642.0,0.0628102095870491,-0.002802564102564109,0.2539413516772561,-0.06173913043478284,-0.14970000000000008,0.2692,-0.3486458333333352,-0.9201799999999999,-0.05175999999999974,-0.3327512012695357,-0.45183,-0.39596906832298123,-0.6028,-0.39380000000000004,-0.22328758829992104,0.1620467927951595,0.11414810927753725
643.0,-0.06485926540776314,0.03994358974358973,0.24822736934111939,-0.0697101449275365,-0.14580000000000007,0.3048,-0.2536541666666697,-0.9616199999999999,-0.03960615384615364,-0.3208194712198146,-0.45867,-0.3999960869565218,-0.6057,-0.4032,-0.2236188807099822,0.18627397274670413,0.11414696197182236
644.0,-0.16901348827557763,0.07477692307692305,0.24976455572289744,-0.07768115942029015,-0.14330000000000007,0.3268,-0.16906875000000282,-0.99482,-0.051926153846154066,-0.3088877411700933,-0.46426999999999996,-0.3990832298136648,-0.6112,-0.4082,-0.22472207455185453,0.2107707546853077,0.11414580552892041
645.0,-0.23698914434226315,0.10169743589743589,0.2585529108225903,-0.08825225225225312,-0.14220000000000005,0.3352,-0.13490000000000305,-1.0197800000000001,-0.09304615384615451,-0.2969560111203721,-0.46863,-0.39423062111801266,-0.6193,-0.4088,-0.22911670256850236,0.22780039927959164,0.11414464003296051
646.0,-0.2873367053178727,0.1207051282051282,0.27286442820118734,-0.11182373678025978,-0.14250000000000004,0.32999999999999996,-0.14761666666666937,-1.0364999999999998,-0.15935384615384646,-0.285024281070651,-0.47175,-0.38849888198757787,-0.6300000000000001,-0.40499999999999997,-0.23870246868361164,0.23965512243427026,0.11414346557946287
647.0,-0.3158689124350258,0.1343989010989011,0.27661538482657444,-0.14839561300431012,-0.14350000000000004,0.309,-0.2021562500000023,-1.05248,-0.19566153846153866,-0.27334664662407004,-0.47714999999999996,-0.3824450310559007,-0.6402000000000001,-0.40049999999999997,-0.25083497897538376,0.24665397592613844,0.11414228227851889
648.0,-0.317457896841263,0.14537765567765568,0.29009817286205636,-0.19796788092440415,-0.14450000000000002,0.26999999999999996,-0.25305208333333595,-1.07522,-0.20196923076923112,-0.265601771860823,-0.48834999999999995,-0.3804519254658384,-0.6468,-0.399,-0.26177821147537034,0.24884050022723755,0.11414109024860128
649.0,-0.2921036585365843,0.15364139194139195,0.3133127923076332,-0.23748566748566874,-0.14550000000000002,0.213,-0.2953541666666693,-1.10472,-0.18492923076923126,-0.26178965678090993,-0.50535,-0.38251956521739106,-0.6498,-0.40049999999999997,-0.2700069829433879,0.24530763976094383,0.11413988960645521
650.0,-0.2524695121951209,0.15919010989010987,0.3358249047257763,-0.24129402129402125,-0.14650000000000002,0.13799999999999996,-0.32622435897436086,-1.14098,-0.15268923076923138,-0.2619103013843308,-0.5281499999999999,-0.3876478260869562,-0.6492000000000001,-0.40499999999999997,-0.2756464454348669,0.23698607761008753,0.11413868046131004
651.0,-0.21283536585365753,0.16202380952380951,0.349177646080299,-0.1989926289926274,-0.14750000000000002,0.044999999999999964,-0.3489471153846171,-1.1840000000000002,-0.1052492307692315,-0.2659637056710856,-0.5567499999999999,-0.39277608695652144,-0.6450000000000001,-0.4125,-0.2795937627159738,0.2273009367481796,0.11413746291454265
652.0,-0.17320121951219414,0.1563457875457875,0.36393157712441127,-0.1136845208845183,-0.14850000000000002,-0.04370000000000004,-0.3685849358974374,-1.21926,-0.07032615384615445,-0.273695774038034,-0.5860899999999999,-0.3979043478260867,-0.6404000000000001,-0.4245,-0.2813978276667305,0.2177762125723459,0.1141362370609434
653.0,-0.13356707317073074,0.13635934065934058,0.3597943056948082,0.0022181818181852275,-0.14950000000000002,-0.10580000000000003,-0.3861974358974379,-1.2322400000000002,-0.048480000000000384,-0.28142784240498253,-0.61111,-0.4030326086956519,-0.6386000000000001,-0.4425,-0.2810059379997479,0.207571341358645,0.11413500298865897
654.0,-0.09393292682926732,0.10206446886446881,0.3367658317914898,0.12566060606060997,-0.15050000000000002,-0.14130000000000004,-0.40839326923077107,-1.22294,-0.03625846153846185,-0.28915991077193104,-0.63181,-0.4081608695652171,-0.6396,-0.4665,-0.28029032365850576,0.19827538761287572,0.11413376078032743
655.0,-0.05429878048780392,0.05346117216117212,0.3052804938519847,0.23073073593073926,-0.15150000000000002,-0.15020000000000003,-0.4380105769230781,-1.19136,-0.028098461538461718,-0.29689197913887944,-0.6481899999999999,-0.4132891304347822,-0.6434,-0.4965,-0.28016189475565073,0.1902968387695007,0.11413251051706545
656.0,-0.014664634146340515,-0.009450549450549484,0.27379515591247955,0.3060000000000024,-0.15250000000000002,-0.1325,-0.47529615384615365,-1.1375,-0.024,-0.3046240475058279,-0.6602500000000001,-0.4184173913043475,-0.6499999999999999,-0.5325,-0.28085054431005274,0.1824728785912125,0.11413125228186698
657.0,0.02496951219512289,-0.07052527472527473,0.24230981797297443,0.35457142857143026,-0.15570000000000003,-0.1145,-0.49688750000000254,-1.0795,-0.035680000000001016,-0.3123561158727764,-0.67038,-0.42354565217391266,-0.6552666666666666,-0.5681999999999999,-0.282906460764222,0.17508121425056022,0.11412998616126396
658.0,0.056125564588979694,-0.1136175824175824,0.21082448003346932,0.38885714285714384,-0.16330000000000006,-0.12250000000000001,-0.48899375000000367,-1.0355,-0.06976000000000203,-0.3219826876854097,-0.6809700000000001,-0.4286739130434779,-0.6550666666666667,-0.5973,-0.2872755294523964,0.16869712551495633,0.11412871224729507
659.0,0.06305849141824779,-0.13872747252747247,0.1768593291646253,0.41492987012987087,-0.17530000000000007,-0.1565,-0.4450062500000048,-1.0055,-0.12299076923077137,-0.3342475129839361,-0.69202,-0.4338021739130431,-0.6494,-0.6198,-0.29417474913874886,0.1638948976594658,0.11412743063980561
660.0,0.04576829268292719,-0.14585494505494498,0.14003187490574004,0.4382493506493518,-0.19170000000000006,-0.2165,-0.3707479166666716,-0.9894999999999999,-0.1816061538461561,-0.34915059176835567,-0.7035300000000001,-0.4389304347826083,-0.6382666666666666,-0.6357,-0.302674085039099,0.16532250495930245,0.11412614144683042
661.0,0.010995709123758125,-0.1349999999999999,0.10034211725681356,0.4702441558441571,-0.21250000000000005,-0.3025,-0.2976354166666724,-0.9875,-0.2456061538461563,-0.36669192403866824,-0.7154999999999999,-0.44405869565217354,-0.6216666666666667,-0.645,-0.31371977676040064,0.17946969416597502,0.11412484478398077
662.0,-0.0376296296296297,-0.11923076923076914,0.05779005621784585,0.5109142857142872,-0.23540000000000005,-0.38359999999999994,-0.24903125000000242,-1.00016,-0.29777230769230917,-0.38687150979487395,,-0.4491869565217388,-0.6044,-0.6482,-0.32574423208734316,0.21141382803142653,0.11412354077391024
663.0,-0.0916296296296297,-0.11161538461538449,0.012375691788836879,0.5602597402597418,-0.25810000000000005,-0.42889999999999995,-0.23766666666666655,-1.02814,-0.3306153846153851,-0.4077948455912879,,-0.454315217391304,-0.5912666666666667,-0.6458,-0.338854253794309,0.23711366990082097,0.11412222954449816
664.0,-0.11843120133886302,-0.11215384615384605,-0.031036973652340084,0.6122077922077934,-0.28060000000000007,-0.43839999999999996,-0.26260320512820334,-1.0714400000000002,-0.34784615384615414,-0.42871818138770185,,-0.4594434782608691,-0.5822666666666667,-0.6378,-0.35003298849424014,0.257072915499031,0.11412091122504733
665.0,-0.1171486574983623,-0.12084615384615374,-0.04296430094970183,0.664155844155845,-0.30290000000000006,-0.41209999999999997,-0.3175461538461521,-1.13006,-0.3284307692307694,-0.4496415171841158,,-0.46457173913043437,-0.5774,-0.6242000000000001,-0.35504233720985506,0.27033007539492965,0.11411958593745522
666.0,-0.09452273884886772,-0.13769230769230761,-0.02340629010324834,0.7161038961038966,-0.32500000000000007,-0.35,-0.3710788461538446,-1.204,-0.2723692307692308,-0.47056485298052975,,-0.46969999999999956,-0.5766666666666668,-0.6050000000000001,-0.35198415179300535,0.28194780875684805,0.1141182537845874
667.0,-0.054183075020009054,-0.155076923076923,0.024900339602365863,0.7539586339586343,-0.34640000000000004,-0.2738,-0.4232012820512808,-1.2718399999999999,-0.20959999999999993,-0.48810611849648317,,-0.4748282608695648,-0.5789333333333333,-0.5838000000000001,-0.34406207349883583,0.2918107632370606,0.11411691484607944
668.0,0.003870333988213745,-0.16538461538461532,0.08952209885164646,0.7777200577200579,-0.3666000000000001,-0.2052,-0.44427836538461474,-1.31216,-0.16990769230769182,-0.5003406773651318,,-0.47995652173913,-0.5830666666666666,-0.5642,-0.331682998806631,0.2970365017222838,0.11411556918259663
669.0,0.06280943025540393,-0.16861538461538458,0.16807479819605908,0.7873881673881675,-0.38560000000000005,-0.14420000000000002,-0.43134599358974357,-1.32496,-0.15329230769230665,-0.5072685295864756,,-0.48362827329192537,-0.5890666666666666,-0.5462,-0.31598474583085717,0.2966696490015125,0.11411421684030362
670.0,0.12174852652259413,-0.16476923076923072,0.23145728894032286,0.7829629629629631,-0.4034000000000001,-0.09080000000000002,-0.38487596153846215,-1.3102399999999998,-0.17693846153846032,-0.5088896751605146,,-0.4832434658385096,-0.5969333333333333,-0.5298,-0.300432175842377,0.2897144914907848,0.11411285785619653
671.0,0.18068762278978434,-0.1538461538461538,0.2796695710844378,0.7644444444444446,-0.4200000000000001,-0.045000000000000026,-0.31364326923077,-1.268,-0.23876923076922935,-0.5052041140872489,,-0.4788020993788825,-0.6066666666666667,-0.515,-0.28554052552758125,0.2772233395991908,0.11411149226554884
672.0,0.23962671905697452,-0.1365483516483516,0.31544836391305847,0.7459259259259261,-0.42780000000000007,-0.004600000000000029,-0.23121666666666751,-1.21784,-0.30976923076922924,-0.49959391664713887,,-0.4703041739130443,-0.6158666666666667,-0.5005999999999999,-0.26961807181641617,0.26713582226245863,0.11411012010434424
673.0,0.2985658153241647,-0.11357802197802194,0.3505206119468391,0.7274074074074076,-0.4192,0.032599999999999976,-0.16723125000000066,-1.17936,-0.36153846153846037,-0.4939837192070288,,-0.45774968944099487,-0.6221333333333334,-0.4854,-0.2525367366936692,0.26088634982473213,0.11410874140667822
674.0,0.36401533530062025,-0.08493516483516479,0.383780067855208,0.7088888888888892,-0.3942000000000001,0.06659999999999996,-0.12558958333333373,-1.15256,-0.3940769230769227,-0.48837352176691884,,-0.4425951552795041,-0.6254666666666666,-0.4694,-0.234293050700928,0.2559781603067515,0.11410735620306632
675.0,0.43791995100339454,-0.0506197802197802,0.415226731638165,0.6903703703703707,-0.35280000000000006,0.09739999999999997,-0.11352499999999988,-1.13744,-0.39827076923076754,-0.4803277982312739,,-0.42744062111801345,-0.6258666666666667,-0.4526,-0.21460542451175713,0.2501096917667193,0.11410596452008426
676.0,0.5144506903775861,-0.010631868131868102,0.4448606032957102,0.6718518518518523,-0.29500000000000004,0.12499999999999997,-0.12304999999999966,-1.134,-0.364279999999997,-0.4696153137593053,-0.6765,-0.4122860869565227,-0.6233333333333333,-0.43499999999999994,-0.19910953261827705,0.23438260974106143,0.11410456638476713
677.0,0.5800066186284207,0.03186465201465204,0.47268168282784356,0.6533333333333339,-0.23073333333333337,0.14809999999999998,-0.14059583333333275,-1.1312799999999998,-0.29866461538461275,-0.4562360683510131,-0.66455,-0.39713155279503193,-0.6130666666666666,-0.41669999999999996,-0.17592655593283868,0.22640744011846406,0.11410316182384009
678.0,0.6345877357558988,0.07370586080586083,0.499396515029405,0.6348148148148154,-0.16993333333333338,0.16539999999999996,-0.15486250000000026,-1.11832,-0.2284338461538436,-0.4401900620063973,-0.6491,-0.3819770186335412,-0.5902666666666666,-0.39780000000000004,-0.15164132145627165,0.21839557238457463,0.11410175085371234
679.0,0.6955860570751454,0.11489175824175826,0.5261113472309664,0.6162962962962968,-0.11260000000000006,0.17689999999999997,-0.14965000000000156,-1.0951199999999999,-0.15358769230768957,-0.4214772947254577,-0.6301500000000001,-0.36682248447205046,-0.5549333333333333,-0.37829999999999997,-0.12377538185674049,0.2111601696498328,0.1141003334794502
680.0,0.7656097560975617,0.15542234432234436,0.5528261794325279,0.5977777777777785,-0.058733333333333394,0.18259999999999996,-0.1177250000000035,-1.06168,-0.08208615384615206,-0.4017468193316446,-0.6077,-0.3516679503105597,-0.5070666666666666,-0.35819999999999996,-0.09231213327558203,0.20516840564109942,0.1140989096961796
681.0,0.837203252032521,0.19529761904761908,0.5795410116340893,0.57925925925926,-0.008333333333333406,0.18249999999999997,-0.05830000000000597,-1.018,-0.01261538461538404,-0.3792339436262026,-0.58175,-0.336513416149069,-0.44666666666666666,-0.3375,-0.05750797160122666,0.19996818006427922,0.11409747948713571
682.0,0.9022926829268302,0.23060714285714293,0.6101504465865814,0.5607407407407414,0.040199999999999916,0.18469999999999998,0.019765048543682467,-0.9694933333333331,0.06184615384615453,-0.3539386676091318,-0.55617,-0.3213588819875782,-0.38758666666666663,-0.3161,-0.021024666721112705,0.19662632305089303,0.11409604282554243
683.0,0.9608780487804889,0.2574404761904763,0.6462936682926795,0.540560185185186,0.08846666666666658,0.19729999999999998,0.09994635922329445,-0.9215733333333332,0.09630769230769343,-0.3258609912804321,-0.53483,-0.3062043478260875,-0.34368,-0.2939,0.011510316014759396,0.1952933542772148,0.11409459968260827
684.0,1.0100000000000002,0.2757976190476191,0.6879706767523837,0.5183020833333343,0.13646666666666657,0.22029999999999994,0.16604393203882933,-0.87424,0.09076923076923268,-0.2950009146401036,-0.5177299999999999,-0.29104981366459676,-0.31494666666666665,-0.27090000000000003,0.038698772402621304,0.19428806249125996,0.11409315003995306
685.0,1.0469268292682932,0.2856785714285715,0.7300905238166238,0.4939664351851862,0.18419999999999992,0.2537,0.21805776699028717,-0.8274933333333332,0.05523076923076977,-0.2621449109602312,-0.5048699999999999,-0.27589527950310605,-0.3013866666666667,-0.24710000000000001,0.06064005038974239,0.19349832684946272,0.11409169389683707
686.0,1.066991869918699,0.2870833333333334,0.7714470899146728,0.4675532407407418,0.23166666666666655,0.2975,0.25553075549603643,-0.7813333333333332,0.021230769230768366,-0.22500428726448152,-0.49624999999999997,-0.2607407453416153,-0.30300000000000005,-0.22249999999999998,0.07929823995439196,0.19206530133955477,0.11409023126950332
687.0,1.0707967479674791,0.2929583333333334,0.8081457722956005,0.4390625000000011,0.2797333333333333,0.3433,0.2864685805155659,-0.7236199999999999,-0.01123076923077152,-0.18129246283275735,-0.4850199999999999,-0.24558621118012453,-0.3122,-0.19729999999999998,0.09744398744297565,0.18809405189996337,0.11408876218528391
688.0,1.0583414634146333,0.31625000000000003,0.838547386956731,0.410156250000001,0.32926666666666654,0.38269999999999993,0.3160950284566441,-0.6422133333333333,0.030036923076918992,-0.13100943766505874,-0.46433,-0.23043167701863382,-0.3214,-0.1717,0.12287923361104063,0.17418855647782291,0.11408728666932355
689.0,1.027359930788939,0.3569583333333334,0.8626519338980648,0.38125000000000087,0.38026666666666664,0.4157,0.3444100993192711,-0.5371133333333333,0.14481230769230144,-0.07415521176138559,-0.43418,-0.21527714285714308,-0.3306,-0.1457,0.15545597026762245,0.15199948639091343,0.11408580472877115
690.0,0.976031011879013,0.41508333333333336,0.8855503612686719,0.35234375000000073,0.4327333333333332,0.4423,0.3714137931034468,-0.40831999999999996,0.29273538461537935,-0.01072978512173799,-0.39457,-0.20012260869565232,-0.3398,-0.11929999999999999,0.19252489812255622,0.13302675434981787,0.11408431634857151
691.0,0.9223059261970518,0.490625,0.9084487886392789,0.3234375000000006,0.4866666666666665,0.4625,0.39619770114942376,-0.25583333333333325,0.4045046153846112,0.054647773817291447,-0.3455,-0.18496807453416161,-0.3490000000000001,-0.0925,0.23010946885620207,0.12962030464188895,0.11408282149964713
692.0,0.8872578444747614,0.5694423913043478,0.9313472160098859,0.2945312500000005,0.5420666666666666,0.47835,0.4173609195402285,-0.1108333333333333,0.4801199999999971,0.10439690188174697,-0.29524,-0.16981354037267088,-0.3582,-0.0672,0.26454187972654497,0.14397349683783744,0.11408132015128647
693.0,0.870886766712142,0.6373945652173914,0.9523172545799495,0.26562500000000044,0.5989333333333333,0.49189999999999995,0.43490344827586097,-0.004499999999999979,0.5276399999999988,0.1385175990716286,-0.25205999999999995,-0.15738867080745347,-0.36740000000000006,-0.04529999999999999,0.2922478068844893,0.16482700465164682,0.11407981228406695
694.0,0.854515688949523,0.6944815217391305,0.9575446240929552,0.23671875000000037,0.6572666666666666,0.50315,0.4488252873563211,0.06316666666666668,0.5503600000000006,0.15700986538693634,-0.21595999999999999,-0.15074931677018638,-0.3766,-0.026799999999999997,0.31092355386342957,0.1836691247500192,0.11407829790124448
695.0,0.8381446111869035,0.7407032608695652,0.9470293245489033,0.20781250000000023,0.7170666666666665,0.5121,0.459126436781609,0.09216666666666669,0.5576676923076928,0.15987370082767016,-0.18694,-0.1498954782608696,-0.38580000000000003,-0.011699999999999999,0.3212396701139148,0.1991842968005892,0.11407677703527437
696.0,0.8425365462339874,0.7760597826086957,0.9207713559477938,0.19237980769230778,0.7783333333333332,0.51875,0.4696834659593284,0.08249999999999999,0.5695907692307698,0.14744355381454555,-0.16499999999999998,-0.15482715527950314,-0.395,-6.938893903907229e-19,0.327372961395804,0.21013798245569038,0.11407524974502499
697.0,0.877918052638839,0.8025572463768116,0.8787707182896265,0.19042067307692295,0.8352666666666666,0.52425,0.48642970822281234,0.0536,0.5861292307692315,0.1366055805536596,-0.14855333333333334,-0.165544347826087,-0.4042,0.0024999999999999996,0.33258215681679637,0.21871075272538082,0.1140737161051212
698.0,0.9442891304014583,0.8222018115942029,0.8229558003749451,0.2019350961538458,0.8820666666666666,0.52975,0.509365163572061,0.0249,0.5991876923076926,0.129850836980765,-0.13601333333333332,-0.17931739130434785,-0.41340000000000005,-0.010000000000000002,0.3376979623867111,0.22683330437778312,0.11407217619594337
699.0,0.9993344237166013,0.8349934782608696,0.699037822402029,0.2269230769230762,0.9187333333333333,0.53525,0.5384898320070743,-0.003600000000000006,0.6050769230769231,0.12717932309586183,-0.12738,-0.1930904347826087,-0.4226,-0.037500000000000006,0.3357748412880828,0.23706787369737423,0.11407063010538031
700.0,1.0430539325842685,0.8409322463768116,0.5696814684400773,0.26538461538461433,0.9452666666666666,0.5407500000000001,0.5738037135278523,-0.03190000000000001,0.6049230769230769,0.12859103889895002,-0.12265333333333331,-0.20686347826086954,-0.4318000000000001,-0.08,0.3313692819434367,0.2509125822307784,0.11406907793620114
701.0,1.054684644194756,0.840018115942029,0.43488673848908965,0.30986622073578457,0.9616666666666666,0.54625,0.6121972590627772,-0.06000000000000002,0.5955384615384616,0.13408598439002956,-0.12183333333333331,-0.22063652173913045,-0.441,-0.1375,0.3220160168533664,0.26795081840853807,0.11406751980630679
702.0,1.0239999999999998,0.8335456521739131,0.30050114602157685,0.3618729096989952,0.9614666666666667,0.5546,0.6206659593280291,-0.08946666666666668,0.5769230769230771,0.1420719858168618,-0.12547333333333327,-0.23440956521739129,-0.4502,-0.19339999999999996,0.3059069879579805,0.282286387291791,0.1140659558506144
703.0,0.951,0.8228094202898552,0.1740727572801944,0.42140468227424643,0.9381999999999999,0.5686500000000001,0.5992098143236082,-0.12186666666666668,0.5500000000000004,0.14415894866448348,-0.13412666666666662,-0.24818260869565215,-0.45940000000000003,-0.2311,0.28391640577167154,0.291353457493267,0.11406438622556352
704.0,0.8779999999999999,0.8078094202898551,0.12370463232317715,0.48846153846153817,0.8918666666666667,0.5884,0.5478288240495142,-0.15720000000000003,0.5153846153846161,0.138433339725105,-0.14779333333333328,-0.26195565217391303,-0.4686,-0.2506,0.2638385750995161,0.28523335627983687,0.11406281110239329
705.0,0.8049999999999999,0.788545652173913,0.086732087081326,0.5563809523809515,0.8224666666666666,0.61385,0.46652298850574736,-0.19546666666666668,0.47307692307692417,0.12489515899872632,-0.16647333333333328,-0.2757286956521739,-0.47780000000000006,-0.25189999999999996,0.24072155237372,0.2743033127138652,0.11406123065714187
706.0,0.732,0.7650181159420291,0.06315512155464098,0.5924927536231874,0.7299999999999999,0.645,0.3575517241379312,-0.23666666666666666,0.44905846153846196,0.10354440648534753,-0.1901666666666666,-0.28950173913043475,-0.487,-0.23500000000000001,0.21424896505841637,0.2616750206912543,0.1140596450727352
707.0,0.659,0.7366786749482402,0.04712622227061156,0.5952919254658373,0.6300999999999999,0.6685999999999999,0.2827758620689655,-0.28650000000000003,0.447901538461538,0.07438108218496853,-0.2242933333333333,-0.30327478260869556,-0.49638,-0.21270000000000003,0.18705051353272364,0.2529705469906584,0.1140580545415338
708.0,0.586,0.7029791925465838,0.031097322986582153,0.5647784679089012,0.5383999999999999,0.6714,0.2421954022988504,-0.3506666666666667,0.4639818060200664,0.04306215427936683,-0.27427333333333326,-0.3170478260869564,-0.50612,-0.1978,0.1569990371395281,0.248715407584216,0.11405645926287239
709.0,0.513,0.6639196687370601,0.015068423702552746,0.500952380952379,0.45489999999999997,0.6534,0.23581034482758584,-0.4291666666666667,0.4841757859531766,0.009788996960403534,-0.3401066666666666,-0.33082086956521733,-0.51622,-0.1903,0.12317152844532901,0.24767448190492558,0.11405485944525132
710.0,0.44000000000000006,0.6195001035196688,-0.0009604755814766608,0.43566820276497575,0.37959999999999994,0.6146,0.2636206896551719,-0.522,0.5084834782608685,-0.02543838977192135,-0.4217933333333333,-0.3445939130434782,-0.52668,-0.1902,0.08784331160503388,0.2520417627613557,0.11405325530778981
711.0,0.367,0.56972049689441,-0.016989374865506068,0.39557603686635867,0.31249999999999994,0.5549999999999999,0.3203802990254444,-0.6291666666666667,0.4858206211180125,-0.06262000591760783,-0.5193333333333332,-0.358366956521739,-0.5375,-0.1975,0.048894365471383684,0.25830035577994703,0.11405164707889713
712.0,0.29399999999999993,0.5112211180124223,-0.033018274149535475,0.3806758832565279,0.24949999999999992,0.48600000000000004,0.3306648574483996,-0.7307666666666667,0.4116149068322996,-0.10175585147665589,-0.6104633333333334,-0.37213999999999986,-0.5485,-0.2085,0.0041809028516755055,0.25903770848016017,0.11405003499981456
713.0,0.221,0.4406422360248447,-0.049047173433564885,0.36727295285359796,0.18649999999999994,0.41899999999999993,0.29447436492403734,-0.8069000000000001,0.3224647092038409,-0.14260385605163242,-0.6729199999999999,-0.3859130434782608,-0.5595,-0.21950000000000003,-0.04178784356836703,0.253318030503741,0.1140484193262385
714.0,0.14799999999999996,0.357983850931677,-0.06507607271759429,0.35273449131513634,0.12349999999999992,0.354,0.2118088214523576,-0.8575666666666667,0.23493506493506605,-0.17700489710105022,-0.7067033333333332,-0.39968608695652164,-0.5705,-0.2305,-0.08743391629578072,0.24132957279461065,0.11404680032096273
715.0,0.07499999999999998,0.2632459627329193,-0.08110497200162368,0.3118684863523569,0.06049999999999993,0.2909999999999999,0.09253556367565233,-0.8827666666666667,0.1449350649350657,-0.198335296017716,-0.7118133333333333,-0.41345913043478244,-0.5815,-0.2415,-0.13367102291129493,0.22391020815428694,0.11404517824799534
716.0,0.0020000000000000018,0.15642857142857144,-0.09713387128565311,0.2446749379652597,-0.00250000000000008,0.2299999999999999,-0.04585081203173156,-0.8825000000000001,0.08350649350649363,-0.20659505280162987,-0.68825,-0.4272321739130433,-0.5925,-0.25250000000000006,-0.17703227908083816,0.20845281604340976,0.11404355336974137
717.0,-0.071,0.06062142857142862,-0.10266710563226555,0.15115384615384467,-0.06380000000000006,0.18159999999999993,-0.16046047293841006,-0.8749,0.03864935064934951,-0.20178416745279174,-0.6519199999999999,-0.43857514285714283,-0.5990500000000001,-0.25973333333333337,-0.21370468548852298,0.2031164389794593,0.11404192593844674
718.0,-0.144,-0.0010857142857142316,-0.09726634085727467,0.08081447963800781,-0.12170000000000007,0.15639999999999993,-0.2512934190443831,-0.8780999999999999,-0.028610389610390884,-0.18390263997120165,-0.61873,-0.4457610807453416,-0.5967,-0.25943333333333335,-0.24209774558640235,0.20871495015760655,0.11404029618517082
719.0,-0.18391515151515156,-0.028692857142857086,-0.08093157696068047,0.04735294117646939,-0.17620000000000008,0.15439999999999993,-0.2987300699300698,-0.8920999999999999,-0.09885714285714413,-0.15939743388241837,-0.5886800000000001,-0.44878998757763977,-0.58545,-0.2516,-0.2565422341921066,0.21639769048885452,0.1140386643087792
720.0,-0.19074545454545472,-0.02219999999999995,-0.05366281394248294,0.03887974770327659,-0.22730000000000006,0.17559999999999992,-0.30890069930069947,-0.9169,-0.14514285714285835,-0.13673357513941842,-0.56177,-0.44766186335403735,-0.5652999999999999,-0.23623333333333335,-0.25700506064678635,0.22344083794831537,0.1140370304646811
721.0,-0.1644909090909095,0.0183928571428572,-0.01546005180268209,0.06721308103661047,-0.275,0.21999999999999992,-0.2957146853146859,-0.9524999999999999,-0.17977142857142916,-0.11726577864935313,-0.538,-0.44237670807453433,-0.5362499999999999,-0.21333333333333332,-0.24461121118981866,0.2293612381824036,0.11403539476081707
722.0,-0.10515151515151577,0.07906353383458652,0.082984699198159,0.13235294117647106,-0.31450000000000006,0.2709999999999999,-0.2552447552447567,-0.9799,-0.21182857142857112,-0.10099404441222248,-0.5123900000000001,-0.4353645962732921,-0.5007499999999999,-0.191,-0.21726587916436735,0.22861212490489158,0.11403375725775783
723.0,-0.01272727272727367,0.14578984962406022,0.19201997320643766,0.20848484848484777,-0.3410000000000001,0.31199999999999994,-0.18414545454545705,-0.9800999999999999,-0.2249714285714282,-0.08791837242802648,-0.47996,-0.4283524844720499,-0.4612499999999999,-0.1773333333333333,-0.17996169105444457,0.22323717858963496,0.11403211797037538
724.0,0.07969696969696845,0.21857180451127825,0.3116457702221539,0.27915151515151404,-0.35450000000000004,0.34299999999999997,-0.1020363636363681,-0.9530999999999998,-0.22954285714285677,-0.07803876269676513,-0.44071,-0.42134037267080765,-0.41774999999999995,-0.17233333333333328,-0.13837754499272983,0.21828454428722746,0.11403047687961847
725.0,0.17212121212121057,0.2974093984962407,0.43903931070404073,0.3548939393939376,-0.3550000000000001,0.364,-0.01585454545455046,-0.8988999999999999,-0.23815714285714393,-0.0695138678726551,-0.39464,-0.4143282608695654,-0.37024999999999997,-0.176,-0.0932271397384633,0.21537766157725222,0.11402883394732383
726.0,0.26454545454545264,0.38230263157894745,0.566719081639329,0.4293383838383817,-0.3425000000000001,0.375,0.0642666666666617,-0.8175000000000001,-0.21285714285714602,-0.06098897304854504,-0.34175,-0.40731614906832314,-0.31875,-0.18833333333333332,-0.04341595571704114,0.21211193536602843,0.1140271891214421
727.0,0.3569696969696947,0.45238947368421056,0.634881428351165,0.5106515151515137,-0.30450000000000005,0.37839999999999996,0.13439999999999602,-0.7414000000000001,-0.14508571428571768,-0.056438283274966514,-0.29536,-0.4003040372670809,-0.27294999999999997,-0.2055333333333333,0.003294338999677182,0.20382692063461869,0.11402554234150371
728.0,0.44939393939393685,0.4868078947368423,0.6959906514744265,0.548166666666665,-0.22850000000000006,0.3766,0.19119999999999773,-0.7031000000000001,-0.07241904761905099,-0.059275690338337086,-0.26879,-0.39329192546583874,-0.24255,-0.2238,0.0397451777749029,0.18882308699670586,0.11402389355735906
729.0,0.5418181818181789,0.48555789473684213,0.7553824919665019,0.513499999999999,-0.11450000000000005,0.3696,0.23050349650349605,-0.7026000000000001,-0.012419047619052128,-0.06950119423865671,-0.26204,-0.3862798136645965,-0.22755,-0.24313333333333334,0.0627384768692413,0.16752908796367452,0.11402224275111789
730.0,0.6342424242424209,0.44863947368421064,0.815879729368658,0.4419285714285707,0.03749999999999994,0.3574,0.2552447552447553,-0.7399000000000001,0.004480952380948933,-0.08711479497592538,-0.27511,-0.37926770186335423,-0.22794999999999996,-0.2635333333333333,0.07303143401263935,0.15486208530080162,0.11402058994825919
731.0,0.7266666666666632,0.37605263157894747,0.8773555047683862,0.3280079365079363,0.22749999999999995,0.33999999999999997,0.27555710955710977,-0.8150000000000001,-0.04561904761904938,-0.11211649255014315,-0.308,-0.37225559006211206,-0.24375,-0.285,0.06924276563198124,0.1735050984006671,0.11401893522029316
732.0,0.8006666666666638,0.29634641148325364,0.9316755214639869,0.16357142857142834,0.40599999999999997,0.31989999999999996,0.2873055944055954,-0.9028,-0.08971428571428797,-0.14053208191077843,-0.34908999999999996,-0.3652434782608698,-0.26725000000000004,-0.3094,0.05581684119321364,0.22089351974410443,0.11401727868264296
733.0,0.8516363636363616,0.2380698564593302,0.9755886104899985,-0.0007142857142846681,0.5235,0.2996,0.2832965034965045,-0.9782,-0.09857142857143145,-0.16894767127141372,-0.38676,-0.3582313664596276,-0.29075,-0.3385999999999999,0.03935118443324546,0.26889939794096995,0.11401562048240099
734.0,0.8795757575757562,0.20122296650717705,1.0037590308890327,-0.131071428571427,0.58,0.2791,0.26769300699300785,-1.0412000000000001,-0.10111688311688478,-0.19753543909081048,-0.42101,-0.3512192546583853,-0.31425,-0.37259999999999993,0.020096268323390374,0.30507930704585523,0.11401396078279827
735.0,0.8844848484848479,0.18580574162679428,1.0161867826610895,-0.25237499999999846,0.5754999999999999,0.25839999999999996,0.2405638694638698,-1.0917999999999999,-0.08093506493506625,-0.22646788782779273,-0.45183999999999996,-0.3442071428571431,-0.33775,-0.4113999999999999,-0.0025595609559571453,0.32829232141930026,0.11401229975756332
736.0,0.8663636363636362,0.19181818181818183,1.0204802377314468,-0.3510446428571415,0.5099999999999999,0.23749999999999996,0.19907575757575763,-1.13,-0.04948051948052152,-0.2557450174823604,-0.47924999999999995,-0.3371950310559009,-0.36125,-0.4549999999999999,-0.02812338552763588,0.33860810116793816,0.1140106375913235
737.0,0.8523636363636363,0.20223333333333335,1.020412027031904,-0.427080357142856,0.42469999999999997,0.21649999999999997,0.1473636363636355,-1.1594,-0.07213852813853008,-0.2853668280545135,-0.50207,-0.33018291925465865,-0.3843333333333333,-0.4951999999999999,-0.05658566663081309,0.3451360866925215,0.11400897447925559
738.0,0.8344598930481256,0.20002424242424244,1.0140467487213303,-0.48048214285714214,0.36079999999999995,0.19549999999999995,0.09262121212121101,-1.1836,-0.12709090909091017,-0.31533331954425214,-0.51913,-0.3231708074534164,-0.4065833333333333,-0.5237999999999999,-0.08440988685458184,0.34971848882039724,0.11400731062355614
739.0,0.7606737967914385,0.1851909090909091,1.0013844027997258,-0.5112499999999998,0.3182999999999999,0.17449999999999996,0.041067997043605815,-1.2026,-0.158545454545455,-0.34547231349281465,-0.5304300000000001,-0.31615869565217414,-0.42800000000000005,-0.5408,-0.1108670969974832,0.34650197551603285,0.11400564622664654
740.0,0.6310053475935752,0.15773333333333334,0.982424989267091,-0.5284374999999998,0.29719999999999996,0.15349999999999997,-0.005188470066519152,-1.2164,-0.17091774891775002,-0.3756113074413772,-0.53597,-0.30914658385093197,-0.4485833333333333,-0.5462,-0.13675651952970808,0.33827186708111806,0.11400398148751521
741.0,0.4454545454545357,0.11765151515151513,0.9571685081234251,-0.5456249999999999,0.2974999999999999,0.13249999999999998,-0.04331485587583136,-1.225,-0.18551515151515255,-0.4057503013899398,-0.53575,-0.31936293995859116,-0.46833333333333327,-0.54,-0.16559835809595522,0.33128383172041015,0.1140023166055073
742.0,0.20700699300698192,0.06733030303030302,0.9299766251386291,-0.5495083333333332,0.2948999999999999,0.10779999999999998,-0.07331116038433082,-1.2272,-0.19333333333333375,-0.4355193522817006,-0.5349200000000001,-0.3480515983436843,-0.4887999999999999,-0.528,-0.19797356117860493,0.3282438279775936,0.11400065178761103
743.0,-0.05795639654464124,0.009154545454545448,0.8952974915580754,-0.5400874999999999,0.2650999999999999,0.07569999999999999,-0.09517738359201752,-1.2218,-0.17933333333333432,-0.4557365555927249,-0.53863,-0.37784126293995757,-0.5115333333333333,-0.516,-0.23206026630881355,0.3321740474645865,0.11399898725091966
744.0,-0.29745701357466836,-0.05687575757575758,0.8523176781075673,-0.5173625,0.20809999999999987,0.036199999999999975,-0.11513303769401313,-1.2088,-0.17833333333333404,-0.4664019113230128,-0.54688,-0.408731933747411,-0.5365333333333333,-0.504,-0.2671350816052831,0.3405029717990784,0.11399732321932668
745.0,-0.48628875092076707,-0.13076060606060605,0.801037184787105,-0.4813333333333333,0.1238999999999999,-0.010700000000000015,-0.13508869179600874,-1.1882000000000001,-0.21247619047618996,-0.46751541947256425,-0.55967,-0.44072361076604444,-0.5637999999999999,-0.492,-0.3031156727170293,0.3461747775115931,0.11399565992059761
746.0,-0.607647537141384,-0.21249999999999997,0.7414560115966885,-0.43199999999999994,0.012499999999999923,-0.06500000000000002,-0.15504434589800437,-1.1600000000000001,-0.2285833333333323,-0.45907708004137937,-0.5770000000000001,-0.45658782608695664,-0.5933333333333332,-0.48,-0.33377267458840726,0.3441775767523703,0.1139939975801741
747.0,-0.6732462475964541,-0.2880666666666666,0.6735741585363177,-0.3826666666666666,-0.10110000000000005,-0.11460000000000001,-0.175,-1.1317,-0.21033333333333304,-0.44145683608625985,-0.5928899999999999,-0.45508074534161497,-0.6183333333333333,-0.469,-0.3557071193205723,0.338595284784776,0.11399233640732495
748.0,-0.6968347794476387,-0.3434333333333332,0.6048151277797469,-0.3333333333333333,-0.19190000000000004,-0.1474,-0.19495565410199556,-1.1108,-0.17433333333333406,-0.4238365921311402,-0.60136,-0.4535736645962734,-0.6319999999999999,-0.45999999999999996,-0.3684961116069502,0.331368552269914,0.11399067658345896
749.0,-0.6784131326949376,-0.37859999999999994,0.5354836363241031,-0.284,-0.2599,-0.16340000000000002,-0.21491130820399115,-1.0973000000000002,-0.11695833333333498,-0.4062163481760207,-0.60241,-0.4520665838509318,-0.6343333333333333,-0.453,-0.3718589573763177,0.3205817081460367,0.11398901825818318
750.0,-0.6431874145006832,-0.39356666666666656,0.46557968416938617,-0.23466666666666663,-0.30510000000000004,-0.16260000000000002,-0.23486696230598678,-1.0912000000000002,-0.03500000000000191,-0.38859610422090113,-0.59604,-0.4505595031055901,-0.6253333333333333,-0.44800000000000006,-0.36736692618788885,0.3111029133214585,0.11398736154979996
751.0,-0.6079616963064288,-0.38833333333333325,0.3951032713155963,-0.1853333333333333,-0.3275,-0.14500000000000002,-0.25482261640798237,-1.0925,0.04371666666666445,-0.3708936836995904,-0.5822499999999999,-0.44905242236024856,-0.6049999999999999,-0.445,-0.3582019391041898,0.30470857572002313,0.11398570655054148
752.0,-0.5727359781121744,-0.36210256410256403,0.32405439776273337,-0.13599999999999995,-0.33070000000000005,-0.1206,-0.2726159637735623,-1.0856200000000003,0.09321666666666392,-0.35285173268127035,,-0.4475453416149069,-0.5803,-0.44139999999999996,-0.3597767270810271,0.30476044520609374,0.11398405334681817
753.0,-0.53751025991792,-0.314076923076923,0.25249681193280116,-0.08666666666666664,-0.3183,-0.09940000000000002,-0.2812080058777995,-1.05498,0.08371666666666475,-0.33447025116594087,,-0.44603826086956533,-0.5582,-0.4346,-0.34777952501335546,0.28933619364600344,0.1139824020276251
754.0,-0.5022845417236655,-0.2442564102564102,0.18393795115880213,-0.03733333333333331,-0.29030000000000006,-0.08140000000000001,-0.28059874272069385,-1.0005800000000002,0.069341666666666,-0.31574923915360215,,-0.4445311801242237,-0.5387000000000001,-0.42460000000000003,-0.3306885204372871,0.2729874324755388,0.11398075266308237
755.0,-0.4670588235294111,-0.15264102564102558,0.12472928155569725,0.012000000000000021,-0.24670000000000006,-0.06660000000000002,-0.27078817430224544,-0.9224200000000001,0.10446666666666653,-0.296688696644254,,-0.44302409937888204,-0.5218,-0.4114,-0.30383244672859433,0.26281642107308256,0.11397910529400009
756.0,-0.4318331053351566,-0.039230769230769166,0.07487080312348658,0.06133333333333335,-0.18750000000000006,-0.05500000000000003,-0.2517763006224542,-0.8205000000000002,0.17325000000000051,-0.27737080020408766,,-0.4415170186335405,-0.5075,-0.39499999999999996,-0.2684362149051892,0.25985888004160007,0.11397745993219233
757.0,-0.3966073871409022,0.0720461538461539,0.03436251586217008,0.08680000000000002,-0.12740000000000007,-0.033000000000000015,-0.2257254284177359,-0.71591,0.2601666666666681,-0.2580529037639214,,-0.44000993788819887,-0.4959999999999999,-0.3768,-0.23138671207954137,0.2656417860432323,0.1139758165645291
758.0,-0.36138166894664775,0.1572615384615385,0.003204419771747778,0.11224126984126992,-0.08110000000000006,0.01299999999999998,-0.19967455621301763,-0.6297400000000001,0.3536666666666687,-0.23873500732375513,,-0.4385028571428572,-0.4875,-0.35819999999999996,-0.19595054854487112,0.27702404384810597,0.11397417516878879
759.0,-0.32615595075239334,0.21641538461538462,-0.021602210203713463,0.1376571428571431,-0.04860000000000006,0.08299999999999999,-0.17362368400829936,-0.56199,0.41433333333333416,-0.2194171108835888,,-0.43699577639751563,-0.48200000000000004,-0.3392,-0.16539044674137846,0.2856277486365347,0.11397253572813905
760.0,-0.2909302325581389,0.24950769230769235,-0.04640884017917471,0.1630476190476195,-0.029900000000000055,0.177,-0.14757281180358106,-0.5126600000000001,0.4115833333333335,-0.19934533248912392,,-0.4354886956521741,-0.4795,-0.3198,-0.14248955416860143,0.28648073021181764,0.11397089824205375
761.0,-0.25570451436388447,0.25653846153846155,-0.07121547015463595,0.18841269841269914,-0.025000000000000043,0.29500000000000004,-0.12152193959886277,-0.48175,0.36533333333333334,-0.17756755284030612,,-0.4339816149068324,-0.48,-0.3,-0.1256425795983307,0.28452886471120764,0.1139692627325856
762.0,-0.22047879616963,0.258574358974359,-0.0960221001300972,0.23761904761904873,-0.022100000000000043,0.40659999999999996,-0.09547106739414449,-0.44936999999999994,0.334,-0.15408377193713538,,-0.4324745341614908,-0.4779,-0.2783,-0.10625413841518168,0.28881768039344213,0.11396762923654265
763.0,-0.18525307797537557,0.2766820512820513,-0.10859541060836016,0.2868253968253983,-0.009400000000000044,0.4814,-0.06942019518942619,-0.39563000000000004,0.32933333333333337,-0.1288939897796118,,-0.4309674534161491,-0.4676,-0.2532,-0.08204740628664704,0.29552549495064834,0.11396599778720987
764.0,-0.15002735978112117,0.3108615384615385,-0.10189587813815452,0.329786535303778,0.013099999999999955,0.5194,-0.04336932298470791,-0.32053,0.33666666666666667,-0.10199820636773524,,-0.42946037267080756,-0.44909999999999994,-0.22469999999999998,-0.0540894873622165,0.2996663643606866,0.11396436840387056
765.0,-0.11480164158686672,0.36111282051282056,-0.07592350271948026,0.3638259441707729,0.045399999999999954,0.5206,-0.01731845077998962,-0.22407,0.3576666666666667,-0.07415030365580444,,-0.42795329192546594,-0.4224,-0.1928,-0.022516053501201398,0.3013071723384095,0.11396274109180417
766.0,-0.07957592339261228,0.4274358974358976,-0.023905653589018,0.38894362342638295,0.08749999999999995,0.485,0.008732421424728676,-0.10624999999999998,0.377880000000001,-0.04630240094387362,-0.33375,-0.42706258913464923,-0.3875,-0.15750000000000003,0.015260383944775429,0.2887839642589419,0.11396111584120829
767.0,-0.04435020519835784,0.4924923076923079,0.05654441005125106,0.40513957307060816,0.13309999999999994,0.43579999999999997,0.034783293629446974,0.005600000000000022,0.33329333333333533,-0.018454498231942795,-0.31837666666666664,-0.42780747193969837,-0.35479999999999995,-0.12050000000000001,0.04374743398144876,0.2816838838386901,0.11395949263627386
768.0,-0.009124487004103421,0.5389435897435899,0.15319336870412867,0.41241379310344844,0.17589999999999995,0.3962,0.06083416583416527,0.08415000000000002,0.3004188235294142,0.009393404479988024,-0.30445666666666665,-0.4301879403406133,-0.3347,-0.08349999999999999,0.06924843224166786,0.2740651745240946,0.11395787147435908
769.0,0.02610123119015102,0.5667897435897438,0.24498852402236823,0.41701149425287376,0.21589999999999993,0.36619999999999997,0.08688503803888356,0.12940000000000002,0.29213882352941467,0.03460443599902554,-0.29198999999999997,-0.434203994337394,-0.3272,-0.046500000000000014,0.09143752116321895,0.26657140132616136,0.11395625236878194
770.0,0.06132694938440546,0.5760307692307695,0.3293416907565888,0.421609195402299,0.25309999999999994,0.3458,0.11293591024360183,0.14135,0.29445882352941527,0.05572164628738278,-0.28097666666666665,-0.4398556339300404,-0.3323,-0.009500000000000014,0.10921733458841106,0.2568509979451868,0.11395463534487398
771.0,0.0965526675786599,0.5666666666666669,0.399480238143471,0.4262068965517242,0.2875,0.33499999999999996,0.13898678244832013,0.12,0.3173685671191567,0.0727450353450597,-0.27141666666666664,-0.4465264811640277,-0.35,0.027499999999999986,0.12286169328731164,0.24508077970538705,0.11395302044193237
772.0,0.1317783857729143,0.5540666666666668,0.4560951984080542,0.4308045977011495,0.3147999999999999,0.3258,0.1650376546530384,0.0852,0.35636036199094956,0.08567460317205636,-0.26285,-0.45319732839801513,-0.3678,0.05439999999999998,0.13401215285477236,0.23415303713661118,0.11395140771227413
773.0,0.16700410396716878,0.5536000000000001,0.4993527422427698,0.4407327586206898,0.33069999999999994,0.3102,0.1910885268577567,0.0568,0.3442553846153828,0.09451034976837272,-0.25481666666666664,-0.45986817563200233,-0.3732,0.06109999999999999,0.14010421598381936,0.2226621390384775,0.11394979722037485
774.0,0.2069596254973086,0.5652666666666668,0.5432660445435942,0.45599137931034506,0.33519999999999994,0.28819999999999996,,0.034800000000000005,0.2936953846153823,0.10188914632690209,-0.24731666666666668,-0.4665390228659897,-0.36619999999999997,0.04759999999999999,0.1386945399659971,0.2173060674937959,0.11394818904801164
775.0,0.2600534896271296,0.5890666666666668,0.5904232905599083,0.47658045977011537,0.3282999999999999,0.2598,,0.019200000000000002,0.23113538461538172,0.10926794288543147,-0.24034999999999998,-0.473209870099977,-0.3468,0.01389999999999999,0.1405833712426981,0.20288315523066636,0.11394658329135403
776.0,0.32628569635663174,0.6250000000000002,0.6408244802917121,0.5025000000000006,0.30999999999999994,0.225,,0.01,0.16437230769230599,0.11537471268525915,-0.23391666666666663,-0.4798807173339642,-0.315,-0.040000000000000015,0.14313663655043832,0.19191418874265165,0.11394498004662487
777.0,0.4056562456858151,0.6624750000000001,0.6913918407159473,0.5288846153846152,0.29519999999999996,0.1905,,-0.0004599999999999972,0.12599855203619867,0.11479786143264133,-0.23421666666666666,-0.48655156456795157,-0.2846,-0.09996666666666668,0.14764043688341172,0.1852664664310286,0.11394337940418006
778.0,0.4981651376146795,0.6909000000000001,0.7419592011401825,0.5309423076923068,0.29879999999999995,0.16299999999999998,,-0.01983999999999999,0.12865647058823604,0.10753738912757804,-0.24745,-0.4932224118019389,-0.2694,-0.15186666666666668,0.15295368383267668,0.17902477313057433,0.11394178144954695
779.0,0.5623657492354743,0.7102750000000001,0.7925265615644179,0.5086730769230755,0.3207999999999999,0.1425,,-0.04813999999999998,0.15615529411764834,0.09359329577006929,-0.2736166666666667,-0.4998932590359262,-0.2694,-0.1957,0.1546427318491163,0.1771232631182651,0.11394018626813004
780.0,0.5898495412844038,0.7206000000000001,0.8309579269359546,0.462076923076921,0.36119999999999997,0.12899999999999998,,-0.08535999999999996,0.1977011764705901,0.07296558136011505,-0.31271666666666664,-0.5065641062699135,-0.28459999999999996,-0.23146666666666665,0.15029693628116592,0.17906681506978442,0.11393859395597973
781.0,0.580616513761468,0.721875,0.8232107963180564,0.3911538461538438,0.41999999999999993,0.12249999999999998,,-0.13149999999999995,0.2211796380090504,0.04692627265641706,-0.36475,-0.5132349535039007,-0.315,-0.25916666666666666,0.13492514683528367,0.1830612796415265,0.11393700463214446
782.0,0.5346666666666666,0.7046178571428572,0.7692851697107237,0.3007692307692292,0.45829999999999993,0.11949999999999998,,-0.18391999999999994,0.21142262443438847,0.020886963952719058,-0.41662,-0.5199058007378881,-0.3501333333333333,-0.2828333333333333,0.10586557749249605,0.1858964756496122,0.11393541845172167
783.0,0.45199999999999996,0.6593464285714287,0.6731780722963275,0.23927234927234836,0.4371999999999999,0.11649999999999998,,-0.23997999999999994,0.15740085972850532,-0.005152344750978944,-0.45522999999999997,-0.5265766479718754,-0.3795333333333333,-0.3065,0.06401091122637241,0.1789516094834649,0.11393383561401811
784.0,0.3693333333333333,0.5860607142857144,0.5417692321554919,0.2066632016632013,0.3566999999999999,0.11349999999999998,,-0.29967999999999995,0.07363203619909267,-0.031191653454676938,-0.48058000000000006,-0.5332474952058627,-0.4032,-0.33016666666666666,0.013831474187695886,0.16111627067331222,0.11393225635941358
785.0,0.2866666666666666,0.4847607142857144,0.38719464434091544,0.202941787941788,0.21679999999999988,0.11049999999999997,,-0.36301999999999995,-0.03678634615384879,-0.05723096215837494,-0.49267000000000005,-0.53991834243985,-0.4211333333333333,-0.35383333333333333,-0.04350092631178744,0.14085312614248566,0.11393068095979074
786.0,0.19769523809523806,0.3554464285714287,0.25169570577934613,0.22810810810810844,0.017499999999999925,0.10749999999999997,,-0.43,-0.11386230769230896,-0.08327027086207293,-0.4915,-0.5465891896738373,-0.4333333333333333,-0.37749999999999995,-0.10060716606746248,0.13342296535026177,0.11392910970619548
787.0,0.09611428571428568,0.20881428571428579,0.14443816179760383,0.28216216216216267,-0.19020000000000006,0.10529999999999999,0.1069954545454486,-0.5011300000000001,-0.16713666666666693,-0.10930957956577095,-0.48749000000000003,-0.5532600369078245,-0.4398000000000001,-0.40116666666666667,-0.13611918570522455,0.16417238703909007,0.11392754287645201
788.0,-0.01807619047619049,0.055560714285714394,0.06142498721331711,0.3362162162162169,-0.35530000000000006,0.10469999999999997,0.03857310401309827,-0.5769200000000001,-0.22152666666666657,-0.13534888826946895,-0.49105999999999994,-0.559930884141812,-0.4405333333333334,-0.4248333333333333,-0.1876467338923185,0.19909027655659695,0.11392598072428647
789.0,-0.14487619047619046,-0.10431428571428558,-0.004223546054137967,0.3902702702702711,-0.47780000000000006,0.10569999999999999,-0.011773722943727985,-0.65737,-0.25431666666666625,-0.16138819697316692,-0.50221,-0.5666017313757992,-0.43553333333333333,-0.44849999999999995,-0.23378124309050266,0.24125390738896058,0.11392442350744474
790.0,-0.2651428571428571,-0.2708107142857142,-0.05250743800476139,0.43080335507921774,-0.5577,0.10829999999999998,-0.044045026325030164,-0.74248,-0.27314702380952366,-0.18742750567686497,-0.52094,-0.5732725786097864,-0.4248,-0.47216666666666657,-0.27466688967442765,0.2822252656822116,0.11392287148327443
791.0,-0.37257142857142855,-0.44392857142857134,-0.09162558462856507,0.4488014911463189,-0.595,0.11249999999999998,-0.07604394401284507,-0.8322500000000002,-0.31270952380952377,-0.21346681438056297,-0.54725,-0.5799434258437739,-0.4083333333333333,-0.49583333333333324,-0.3148324620139728,0.319275159841229,0.11392132489430654
792.0,-0.46085714285714285,-0.5886342857142857,-0.13074373125236874,0.4442646784715749,-0.6029,0.11089999999999997,-0.12169067718792506,-0.9110900000000001,-0.34370952380952374,-0.23950612308426095,-0.57403,-0.5859450589500572,-0.3963333333333333,-0.5178333333333333,-0.35129346650361837,0.34738120063699107,0.11391978397362465
793.0,-0.53,-0.6698942857142856,-0.1698618778761724,0.41719291705498573,-0.5946,0.09609999999999998,-0.19869923895428612,-0.96341,-0.34610952380952376,-0.26277263371311343,-0.59417,-0.5908182133311927,-0.399,-0.5365,-0.38161020402454204,0.3602088279017297,0.11391824894147641
794.0,-0.566319018404908,-0.6877085714285714,-0.20898002449997605,0.3675862068965512,-0.5701,0.06809999999999998,-0.27652813343198784,-0.9892099999999999,-0.3604095238095237,-0.27656888212383746,-0.60767,-0.5945628889871801,-0.4163333333333334,-0.5518333333333333,-0.40503839303257866,0.3569019292136686,0.11391671999778488
795.0,-0.5889570552147239,-0.6420771428571428,-0.21207415998542617,0.3089655172413791,-0.5294000000000001,0.02689999999999998,-0.3435844836509071,-0.9884899999999999,-0.3796666666666667,-0.280894868316433,-0.61453,-0.5971790859180197,-0.44833333333333336,-0.5638333333333334,-0.41808247228818624,0.339782385112648,0.11391519731568976
796.0,-0.5979141104294479,-0.533,-0.1967541432721383,0.25034482758620696,-0.47250000000000003,-0.027500000000000014,-0.384182032462951,-0.9612499999999999,-0.3625866666666655,-0.2757505922909001,-0.61475,-0.5986668041237111,-0.495,-0.5725,-0.41728639440425763,0.3126241065803788,0.11391368103182363
797.0,-0.5931901840490796,-0.40556000000000003,-0.16301997436011248,0.19172413793103488,-0.4176,-0.08180000000000001,-0.401320395201129,-0.9264999999999999,-0.29978666666666604,-0.2611360540472387,-0.6109600000000001,-0.5996952577319586,-0.5429999999999999,-0.5730000000000001,-0.40606031386608205,0.285983475593994,0.11391217124023068
798.0,-0.5756391636409165,-0.30484,-0.11087165324934874,0.1331034482758628,-0.3829,-0.1227,-0.39499957186544127,-0.9032500000000001,-0.2565199999999999,-0.23982405166029447,-0.60579,-0.6007237113402061,-0.579,-0.5605,-0.39317533596288184,0.26596767643914815,0.11391066800288806
799.0,-0.5598371520387299,-0.23084,-0.04030917993984704,0.08296254031257826,-0.36840000000000006,-0.1502,-0.38966755351681825,-0.8915,-0.23464000000000057,-0.22486242924859248,-0.5992400000000001,-0.6017521649484535,-0.603,-0.5349999999999999,-0.38187756709856185,0.25274104020881966,0.11390917137069534
800.0,-0.5055392512833368,-0.18355999999999997,0.012643434430039027,0.042243612006946867,-0.37410000000000004,-0.1643,-0.39033706422018233,-0.89125,-0.23501333333333344,-0.2194912079110154,-0.59131,-0.6027806185567008,-0.615,-0.4965,-0.3724496020619702,0.23709958295088956,0.11390768139695961
801.0,-0.42214644187866923,-0.16299999999999995,0.054482788521796534,0.010946663358968597,-0.4,-0.165,-0.3948912232415898,-0.9024999999999999,-0.24760000000000087,-0.2237103876475633,-0.5820000000000001,-0.6038090721649483,-0.615,-0.44499999999999995,-0.36423054807514343,0.22048774969359608,0.1139061981401275
802.0,-0.3145016531752384,-0.15261999999999992,0.08515915905777276,-0.010928305631356546,-0.42350000000000004,-0.15860000000000002,-0.3811129875323463,-0.917,-0.30041333333333375,-0.23751996845823603,-0.57148,-0.6048375257731957,-0.6087,-0.3912,-0.3562324724889953,0.20228751371989567,0.11390472166202506
803.0,-0.18175099760574737,-0.13587999999999995,0.10467254603796769,-0.02338129496402857,-0.42200000000000004,-0.15140000000000003,-0.34827453069866193,-0.9265000000000001,-0.33545333333333377,-0.2609199503430338,-0.5599200000000001,-0.6058659793814432,-0.6018000000000001,-0.3458,-0.34244811002059156,0.18102759127576892,0.11390325202035748
804.0,-0.02413475416180414,-0.11277999999999995,0.11302294946238134,-0.03489208633093506,-0.3955,-0.14340000000000003,-0.30340038696777427,-0.931,-0.36644000000000027,-0.28722396960908425,-0.54732,-0.6068944329896906,-0.5943,-0.3088,-0.3245044771854934,0.15954527644663305,0.11390178925883966
805.0,0.10504507654910715,-0.08331999999999994,0.11021036933101369,-0.04640287769784156,-0.34400000000000003,-0.1346,-0.26510116678428747,-0.9305,-0.3401666666666664,-0.30287198768166246,-0.53368,-0.607922886597938,-0.5862,-0.2802,-0.30283643853916253,0.1445115750224881,0.11390033340518531
806.0,0.22295589275627514,-0.047499999999999945,0.10734806592199328,-0.057913669064748055,-0.26750000000000007,-0.12500000000000003,-0.23337687014820158,-0.925,-0.2646600000000002,-0.3078640045607687,-0.519,-0.6089513402061855,-0.5775,-0.26,-0.2759972803786883,0.13266983029751508,0.11389888447201994
807.0,0.336760462871032,-0.005442857142857091,0.1044857625129729,-0.06942446043165455,-0.18320000000000006,-0.11180000000000004,-0.21303252175958654,-0.9109999999999999,-0.20958000000000004,-0.3022000202464027,-0.50491,-0.6099797938144329,-0.5671,-0.2484,-0.24963024485792354,0.12868066558941935,0.1138974424596475
808.0,0.4464587868933777,0.042728571428571484,0.10162345910395251,-0.08093525179856105,-0.10830000000000006,-0.09220000000000003,-0.20414136085626886,-0.8850000000000001,-0.15975666666666619,-0.2858800347385645,-0.49304,-0.6110082474226803,-0.5539,-0.24559999999999998,-0.22349648171834577,0.13169748394505748,0.11389600736438436
809.0,0.5249396607493935,0.09701428571428576,0.09876115569493212,-0.09244604316546755,-0.042800000000000046,-0.06620000000000002,-0.20613386850152887,-0.8470000000000001,-0.09169999999999885,-0.2592400317548842,-0.48339,-0.6120367010309277,-0.5378999999999999,-0.2516,-0.19783796730672834,0.13811265169401482,0.11389457918325606
810.0,0.58526018708738,0.15741428571428576,0.09589885228591172,-0.10395683453237403,0.01329999999999996,-0.03380000000000002,-0.19870714975775494,-0.797,-0.06734999999999933,-0.2352341922274201,-0.47596,-0.6130651546391752,-0.5191,-0.26639999999999997,-0.17562142900493916,0.1447790948239512,0.11389315791678939
811.0,0.619653948181981,0.22392857142857148,0.09303654887689132,-0.11546762589928053,0.05999999999999996,0.004999999999999979,-0.17996094477990932,-0.7350000000000001,-0.11706999999999979,-0.21779897743484344,-0.47074999999999995,-0.6140936082474224,-0.49749999999999994,-0.29,-0.15971586341957236,0.15028255768977772,0.11389174357686344
812.0,0.6258011049723754,0.29070336134453784,0.09325711845607147,-0.12697841726618703,0.10549999999999997,0.04509999999999998,-0.15038745540285423,-0.6615666666666666,-0.14239000000000018,-0.2069343873771543,-0.46702000000000005,-0.6151220618556701,-0.47319999999999995,-0.3114,-0.14247410027111063,0.15754701716156028,0.113890336187631
813.0,0.603701657458563,0.35188487394957985,0.10091967708641307,-0.13423583084751708,0.15799999999999997,0.08139999999999999,-0.11572721500675523,-0.5772666666666668,-0.13944000000000026,-0.2026404220543526,-0.46403,-0.6161505154639174,-0.44630000000000003,-0.3196,-0.1228203172531896,0.16531655430018083,0.11388893577380908
814.0,0.580733011929478,0.4074731092436975,0.1160242247679161,-0.13723986664327076,0.21749999999999997,0.11389999999999997,-0.07763522946792842,-0.4821,-0.12016500000000152,-0.20491708146643842,-0.46177999999999997,-0.6171789690721649,-0.4168,-0.3146,-0.09977041433633668,0.17651189460119723,0.11388754235132738
815.0,0.5562394576016694,0.4574680672268908,0.14480918078998678,-0.13599052465344802,0.284,0.14259999999999998,-0.04438393618458199,-0.3760666666666667,-0.11506500000000278,-0.2111302021571954,-0.46027000000000007,-0.6182074226804122,-0.3847,-0.29639999999999994,-0.0755069319088401,0.19158680752905458,0.11388615592658428
816.0,0.5302209944751372,0.5018697478991596,0.19305779982258292,-0.1304878048780489,0.35749999999999993,0.16749999999999995,-0.017873595001753756,-0.25916666666666666,-0.10267000000000207,-0.21397204005622222,-0.45949999999999996,-0.6192358762886597,-0.35,-0.265,-0.04769696004960534,0.20956062374202775,0.11388477649736063
817.0,0.5026776225498811,0.5324282176028305,0.25768720887750407,-0.12073170731707332,0.4250999999999999,0.19049999999999995,-4.9870187672973464e-05,-0.1518833333333334,-0.08075000000000161,-0.21242224260661766,-0.46269,-0.620264329896907,-0.3195,-0.23210000000000003,-0.02085703102224224,0.22614672295776664,0.11388340405458898
818.0,0.47360934182590136,0.5408935426802299,0.3257705065700141,-0.11097560975609777,0.4738999999999999,0.21349999999999994,0.01321197982345417,-0.07470000000000006,-0.06965588235294298,-0.20648080980838182,-0.47306,-0.6212927835051546,-0.3,-0.20940000000000003,-0.0017628367516413282,0.2379951433911891,0.11388203859404988
819.0,0.44972979175136585,0.5272657231313578,0.3921364220812112,-0.10121951219512222,0.5039,0.23649999999999993,0.023566960907943732,-0.027616666666666716,-0.07065588235294123,-0.19614774166151466,-0.49061000000000005,-0.6223212371134019,-0.2915,-0.19690000000000002,0.009723418420159327,0.24427601139877622,0.11388068013193153
820.0,0.4326461038081037,0.4915447589562141,0.4505465361216892,-0.09146341463414667,0.5151,0.25949999999999995,0.031015073065795713,-0.010633333333333385,-0.06603088235294108,-0.18142303816601618,-0.51534,,-0.29400000000000004,-0.19460000000000002,0.0395542553737962,0.23442170310408758,0.11387932868795846
821.0,0.42235827799611486,0.4337306501547987,0.4952175940214903,-0.07437940379403864,0.5075,0.2824999999999999,0.04991075919781389,-0.02375000000000004,-0.036218382352939706,-0.16567798211361665,-0.54725,,-0.3075,-0.20249999999999999,0.04009884842335444,0.2246151678569597,0.11387798428156708
822.0,0.41886631431539945,0.3752185758513932,0.5261495957806144,-0.04813550135501447,0.49029999999999985,0.30199999999999994,0.08382259549220783,-0.0519166666666667,0.00986911764705899,-0.15432910840684405,-0.5747199999999999,,-0.32639999999999997,-0.21549999999999997,0.040197572234779516,0.21133680334973085,0.1138766469670138
823.0,0.4238002763194249,0.3374037151702787,0.5519103267208367,-0.012731707317074181,0.47269999999999984,0.3144999999999999,0.1337117866073859,-0.08008333333333335,-0.012462500000000067,-0.14896942075171463,-0.58613,,-0.3451,-0.2285,0.03903020460075299,0.2008892378573933,0.11387531682536704
824.0,0.4398735562310024,0.3202860681114551,0.5724258390041538,0.03183197831978224,0.4546999999999999,0.31999999999999995,0.19175616462088724,-0.10825,-0.01890000000000131,-0.14959891914822832,-0.58148,,-0.36360000000000003,-0.2415,0.04268370796407971,0.1888999018313413,0.11387399393562683
825.0,0.4661347333517537,0.32386563467492263,0.5866442836815079,0.08555555555555479,0.43629999999999985,0.31849999999999995,0.22468723501625848,-0.13641666666666666,0.08628749999999738,-0.15621760359638512,-0.56077,,-0.3819,-0.2545,0.05580878372391757,0.16903135420016124,0.11387267836083687
826.0,0.502583807681679,0.3481424148606812,0.5945656607528991,0.14111111111111097,0.41749999999999987,0.30999999999999994,0.21815055489269594,-0.16458333333333333,0.14163749999999703,-0.16882547409618504,-0.524,,-0.4,-0.26749999999999996,0.06431736602027154,0.14785037441173837,0.11387137014695373
827.0,0.549220779220778,0.37291114551083593,0.5988737781594582,0.19666666666666716,0.4049999999999999,0.2966,0.1705232123302192,-0.1924333333333333,0.14487941176470323,-0.1830263483020011,-0.48634000000000005,,-0.418,-0.2824,0.06613990987779328,0.12594242251679036,0.11387006934504915
828.0,0.6044155844155836,0.3779665634674923,0.5997471314357737,0.25222222222222335,0.40549999999999997,0.2804,0.09635465766634392,-0.21964999999999996,0.23901102941176267,-0.19722722250781716,-0.46296,,-0.43600000000000005,-0.3011,0.07123257557733441,0.1146689962812271,0.11386877601848353
829.0,0.6596103896103891,0.3633086687306502,0.602172545447104,0.29953020134228303,0.41899999999999993,0.26139999999999997,0.023604204435871308,-0.2462333333333333,0.316173529411763,-0.20631474025715732,-0.45386,,-0.454,-0.3236,0.0729334601370427,0.12021230003659017,0.11386749023320394
830.0,0.7016011458095351,0.32893746130030965,0.601354015657183,0.3350559284116341,0.4455,0.23959999999999998,-0.014459652844745366,-0.27218333333333333,0.2792110294117649,-0.20801514957472028,-0.45904,,-0.472,-0.3499,0.06484653547935484,0.12295143204718738,0.1138662120662107
831.0,0.730387853013022,0.2748529411764706,0.5972915420660111,0.3587994034302767,0.485,0.215,-0.017836914175506084,-0.2975,0.24354852941176391,-0.20232845046050593,-0.47850000000000004,,-0.49000000000000005,-0.38,0.05585064775811672,0.1325384897841921,0.11386494161472623
832.0,0.7459705112208495,0.22495254901960782,0.587301316732457,0.37076062639821067,0.524,0.1938,0.004100479192940177,-0.31799999999999995,0.2053720588235297,-0.1892546429145144,-0.49962999999999996,,-0.5048,-0.4042,0.048285878066697346,0.14319898201324707,0.11386367898430222
833.0,0.7483491204330175,0.20313372549019607,0.5712048441219323,0.37093959731543613,0.549,0.18219999999999997,0.0317243097693059,-0.3295,0.12331323529411727,-0.1687937269367456,-0.50982,,-0.5132,-0.4128,0.04100727860624958,0.14730815205874725,0.11386242427804248
834.0,0.7375236806495262,0.20939647058823524,0.5492605180260837,0.3675838926174496,0.5599999999999999,0.18019999999999997,0.044897431941250766,-0.33199999999999996,0.04960073529411814,-0.1460590589836755,-0.50907,,-0.5151999999999999,-0.4058,0.03674439896361334,0.1474671803826059,0.1138611775941838
835.0,0.7266982408660352,0.24374078431372545,0.527316191930235,0.364228187919463,0.557,0.1878,0.04361984570877477,-0.3255,0.011565441176470827,-0.12332439103060536,-0.49738000000000004,,-0.5107999999999999,-0.38320000000000004,0.03916213979062185,0.142559273778274,0.1138599390191669
836.0,0.7158728010825438,0.3061666666666666,0.5053718658343864,0.3608724832214764,0.54,0.205,0.024917235615556445,-0.31,-0.01619779411764706,-0.10607615937482473,-0.47474999999999995,,-0.5,-0.34500000000000003,0.04565543194785718,0.13409387113802032,0.11385870862116429
837.0,0.7029012178619755,0.3739622222222222,0.48342753973853786,0.35751677852348984,0.5136,0.22399999999999998,-0.004143423583810882,-0.2847,-0.04335073529411695,-0.09721069337977144,-0.44880999999999993,,-0.4850999999999999,-0.30350000000000005,0.051995109421731654,0.12904020049708392,0.11385748645508553
838.0,0.6864113667117724,0.42441555555555555,0.47827029366804286,0.35416107382550327,0.4824,0.23700000000000002,-0.03848336473555532,-0.24880000000000005,-0.08438602941176235,-0.09672799304544549,-0.42718999999999996,,-0.4683999999999999,-0.271,0.055001109150930476,0.1313112304712195,0.11385627257493107
839.0,0.6664032476319347,0.4575266666666667,0.478360603845618,0.3508053691275167,0.44639999999999996,0.24399999999999994,-0.07810258783967686,-0.2023,-0.11332352941176285,-0.10462805837184688,-0.40989,,-0.44989999999999997,-0.2475,0.05578424831095652,0.1373808373523583,0.1138550670420124
840.0,0.6428768606224623,0.47329555555555547,0.48369847027126334,0.34744966442953007,0.4055999999999999,0.24499999999999997,-0.09853875924140269,-0.14520000000000002,-0.13954705882352914,-0.1209108893589756,-0.39690999999999993,,-0.4295999999999999,-0.233,0.055504412296068395,0.14536583115612117,0.11385386992477443
841.0,0.6158322056833553,0.47172222222222226,0.4942838929449788,0.34409395973154355,0.35999999999999993,0.24,-0.09041200900032219,-0.07750000000000001,-0.19871176470588275,-0.14009004970954214,-0.38825,,-0.4074999999999999,-0.22749999999999998,0.05256245950464138,0.1599079434444534,0.11385268129720291
842.0,0.5874154262516909,0.4584244444444444,0.5101168718667644,0.34073825503355704,0.31899999999999995,0.22959999999999997,-0.05141737062037971,-0.01270000000000002,-0.24284926470588383,-0.15926921006010866,-0.38154999999999994,,-0.38759999999999994,-0.2265,0.05159635912338999,0.17330444962138228,0.11385150123656478
843.0,0.5589986468200264,0.4390199999999999,0.5144103270112665,0.3373825503355704,0.2919999999999999,0.21439999999999998,0.018439434265509293,0.03569999999999999,-0.22086176470588584,-0.17547508811703655,-0.37445,,-0.3739,-0.22549999999999998,0.05596212476949504,0.17567632692866897,0.11385032981383249
844.0,0.5330246176074747,0.4135088888888888,0.5240471738501704,0.33402684563758384,0.2789999999999999,0.1944,0.11889893924783083,0.06769999999999998,-0.19066176470588675,-0.186851072909444,-0.36695,,-0.36639999999999995,-0.2245,0.06281439569312333,0.17805155469273454,0.1138491670863023
845.0,0.5181539984817979,0.38189111111111107,0.5431296218583158,0.3306711409395973,0.27999999999999997,0.1696,0.2254988106718121,0.08329999999999999,-0.15943823529412,-0.193397164437331,-0.35905,,-0.3651,-0.22350000000000003,0.0707002153634745,0.18259750253571552,0.1138480131008773
846.0,0.5143867894429961,0.3441666666666666,0.5716576710357024,0.32731543624161075,0.295,0.13999999999999996,0.3318334940533639,0.08249999999999999,-0.08903823529411943,-0.1951133627006975,-0.35075,,-0.37,-0.2225,0.08206169044919293,0.18500483188744782,0.11384686789693667
847.0,0.521722990491069,0.3148666666666667,0.6057936676272583,0.3239597315436241,0.31359999999999993,0.11919999999999997,0.42424108893999,0.07139999999999999,-0.02612573529411936,-0.19199966769954363,,,-0.37689999999999996,-0.221,0.09785044353922166,0.19808451808961094,0.11384573150253319
848.0,0.540162601626017,0.30852222222222225,0.6436506587925107,0.3206040268456376,0.32539999999999997,0.12079999999999998,0.4618869549736628,0.0561,-0.015713235294118548,-0.18702936172750792,,,-0.3816,-0.2185,0.10581087063617824,0.19937069437975144,0.11384460394125603
849.0,0.5672628726287271,0.3251333333333334,0.6798852528370583,0.31724832214765103,0.3303999999999999,0.14479999999999998,0.44503055856389623,0.0366,-0.006738235294118012,-0.1820590557554722,,,-0.3841,-0.21500000000000002,0.1128258023880659,0.1890922816468998,0.11384348524669881
850.0,0.5943631436314372,0.3647,0.7058104547024803,0.31389261744966446,0.3285999999999999,0.19119999999999998,0.3736718997106903,0.0129,0.004047058823528663,-0.17937023708201177,,,-0.3844,-0.2105,0.11753012645262532,0.1684105313210687,0.11384237546233389
851.0,0.6214634146341472,0.4272222222222222,0.720095622753926,0.3105369127516779,0.31999999999999995,0.25999999999999995,0.2561910961105611,-0.015000000000000003,0.027324999999999024,-0.1806576589512244,,,-0.38249999999999995,-0.205,0.12126026580975201,0.1436663645511771,0.11384127463674985
852.0,0.6282027220272205,0.4910349206349207,0.7265784107464679,0.3071812080536913,0.3116,0.3314,0.14850044754344827,-0.05006666666666667,0.06266764705882275,-0.1859213213631102,,,-0.381,-0.20540000000000003,0.12335199568587575,0.13019464488695873,0.11384018282309138
853.0,0.6107027870278697,0.534473015873016,0.7271457715205779,0.30382550335570474,0.3103999999999999,0.3856,0.09144031600029486,-0.09526666666666667,0.11117352941176376,-0.19516122431766916,,,-0.38249999999999995,-0.2186,0.12322330103338382,0.1261747714900444,0.1138391000795549
854.0,0.5689636096360953,0.557536507936508,0.7217977050762562,0.30046979865771817,0.31639999999999996,0.4226,0.08501070148110086,-0.15059999999999998,0.12586323529411708,-0.2083773678149013,,,-0.387,-0.24459999999999998,0.11695923087188409,0.12729161456687274,0.11383802647436762
855.0,0.5029851898518969,0.560225396825397,0.7151189969970838,0.2971140939597316,0.32959999999999995,0.44239999999999996,0.12220040180007181,-0.21606666666666663,0.11366323529411755,-0.2232882645562313,,,-0.39449999999999996,-0.2834,0.10512491364175962,0.1324207360634102,0.1138369620925901
856.0,0.4127675276752745,0.5425396825396827,0.7084402889179114,0.293758389261745,0.3499999999999999,0.445,0.18387290260367015,-0.29166666666666663,0.08496323529411827,-0.23819916129756127,,,-0.40499999999999997,-0.33499999999999996,0.08724356487699071,0.14637238761680824,0.11383590703893903
857.0,0.31867158671586526,0.5109634920634922,0.701761580838739,0.29040268456375845,0.3677999999999999,0.4372999999999999,0.2277778045644526,-0.3723333333333333,0.07893970588235313,-0.255680982084762,,,-0.4157,-0.3846,0.06672909328385666,0.16498934105240173,0.1138348614351539
858.0,0.22457564575645592,0.47198095238095245,0.6942838923906957,0.2870469798657719,0.3731999999999999,0.42619999999999997,0.2539151076824192,-0.45299999999999996,0.09970441176470558,-0.27799582109899595,,,-0.42380000000000007,-0.41739999999999994,0.04617981241147664,0.18441830372547222,0.11383382541222269
859.0,0.13047970479704663,0.4255920634920636,0.6778376533603452,0.2800425547606757,0.3661999999999999,0.4117,0.25389367191685375,-0.5336666666666666,0.0961161764705881,-0.3051436783402633,,,-0.4293,-0.43339999999999995,0.019649838332196475,0.20217233814748464,0.11383279910805819
860.0,0.036383763837637306,0.37179682539682546,0.6524228637476874,0.2689839958699021,0.34679999999999994,0.3938,0.22966196614164708,-0.6143333333333333,0.0826772875816989,-0.337124553808564,,,-0.43220000000000003,-0.4326,-0.011523717030898691,0.2173528596618536,0.11383178267438683
861.0,-0.05771217712177201,0.3105952380952381,0.6157101570011483,0.2538713031934511,0.31499999999999995,0.37249999999999994,0.1919763870138206,-0.695,0.08114117647058738,-0.373938447503898,-0.517,,-0.4325,-0.4149999999999999,-0.051000988189033765,0.22309274877837315,0.11383077628274695
862.0,-0.15180811808118133,0.23879999999999998,0.5580072250901233,0.23470447673132266,0.2672,0.3457,0.14083693453337434,-0.7722166666666666,0.0820588235294116,-0.41301443538039473,,,-0.43870000000000003,-0.4002,-0.084432098337358,0.24548963726214681,0.11382978011721365
863.0,-0.2323758761397141,0.1532238095238095,0.48011304838348323,0.2114835164835168,0.19979999999999995,0.3113,0.07132631440133598,-0.8425333333333332,0.09975294117647025,-0.4520904232568915,,,-0.4593,-0.40779999999999994,-0.13097111854713403,0.2548513865884913,0.1138287943692744
864.0,-0.29501210076498696,0.053866666666666674,0.39019719709466455,0.18785714285714308,0.11279999999999994,0.2693,-0.00901317904211132,-0.90595,0.13911932773109245,-0.48794711216126296,,,-0.49429999999999996,-0.4378,-0.1817862897852566,0.261345818831624,0.11382781925093097
865.0,-0.304089683104085,-0.059271428571428544,0.28825967122366725,0.16423076923076935,0.00619999999999995,0.2197,-0.09511881248506386,-0.9624666666666666,0.18013202614379167,-0.5172920105965105,,,-0.5437,-0.4901999999999999,-0.23484746288581768,0.25798059654231814,0.11382685499420893
866.0,-0.2596086231570081,-0.18619047619047616,0.17662983732206539,0.14060439560439564,-0.12000000000000008,0.1625,-0.18699058592752166,-1.0120833333333332,0.19191270247229494,-0.5401251185626343,,,-0.6074999999999999,-0.565,-0.29253371846470855,0.245126742719699,0.11382590184201305
867.0,-0.1615689209237563,-0.3001432234432234,0.07053846433943682,0.11697802197802191,-0.24270000000000008,0.1012,-0.2774472472368539,-1.0577833333333333,0.14765745950554304,-0.5564464360596345,,,-0.6721,-0.6416000000000001,-0.34816405291484037,0.22294123803358373,0.11382496004467196
868.0,-0.02707909383599144,-0.37438241758241747,-0.0218138522900296,0.0933516483516482,-0.3388000000000001,0.03929999999999999,-0.3593977360729937,-1.10255,0.038967753623190896,-0.5662559630875107,,,-0.7238999999999999,-0.6994,-0.3955427567248658,0.19407872936006812,0.11382402984500885
869.0,0.09828366046989469,-0.4089080586080585,-0.1004271125663339,0.06972527472527448,-0.4083000000000001,-0.023200000000000016,-0.4319932067354079,-1.146383333333333,-0.07235010351966702,-0.5727729986183885,,,-0.7628999999999999,-0.7384000000000001,-0.43351494149919206,0.17605084345236416,0.11382311146076857
870.0,0.17889223314098707,-0.40372014652014643,-0.16530131648947605,0.04609890109890077,-0.45120000000000005,-0.08630000000000002,-0.4952336592240968,-1.1892833333333332,-0.17834891304347716,-0.5792900341492662,,,-0.7891,-0.7586,-0.4646616406936828,0.1667336886155307,0.11382220507945498
871.0,0.21474662417728568,-0.3588186813186812,-0.2164364640594561,0.022472527472527048,-0.4675000000000001,-0.15000000000000005,-0.5304580906460968,-1.2312499999999997,-0.2516434782608692,-0.585807069680144,,,-0.8024999999999999,-0.76,-0.48514567100997663,0.16144144830615081,0.11382131085845884
872.0,0.20584683357879063,-0.3009811355311354,-0.2593710161952473,-0.001153846153846666,-0.4705000000000001,-0.2031,-0.5447864802314376,-1.2574999999999998,-0.2897749999999997,-0.5925600660536215,,,-0.8090999999999999,-0.752,-0.4982945108658985,0.15780297494466908,0.11382042892350994
873.0,0.1557731958762871,-0.25698498168498163,-0.28849606942326,-0.02478021978022038,-0.47350000000000003,-0.23440000000000003,-0.5403925940212136,-1.25325,-0.3160916666666666,-0.5996000565677982,,,-0.8149,-0.744,-0.5079313176726782,0.15033212097089374,0.11381955937442587
874.0,0.10569955817378358,-0.22683021978021972,-0.30860486671707876,-0.04840659340659409,-0.47650000000000003,-0.24390000000000006,,-1.2185,-0.34507499999999947,-0.6069270412226739,,,-0.8198999999999999,-0.736,-0.510843738238786,0.14741951787920315,0.11381870229183581
875.0,0.05562592047128005,-0.2105168498168497,-0.3196974080767035,-0.0720329670329678,-0.4795,-0.23159999999999997,,-1.1532499999999999,-0.3751499999999993,-0.6145410200182486,,,-0.8240999999999999,-0.728,-0.5133726620133958,0.13660587679498712,0.11381785774041774
876.0,0.005552282768776518,-0.2080448717948717,-0.32177369350213425,-0.09565934065934151,-0.48250000000000004,-0.19749999999999998,,-1.0574999999999999,-0.41564166666666597,-0.6224419929545224,-0.6671666666666667,,-0.8275,-0.72,-0.4927179975792517,0.14073042485337212,0.11381702575732967
877.0,-0.04452135493372701,-0.21066538461538453,-0.314833722993371,-0.10551648351648357,-0.48360000000000003,-0.16239999999999996,,-0.9572666666666667,-0.46654999999999947,-0.6303939991888954,-0.65781,,-0.8295999999999999,-0.7104,-0.4896664694491768,0.14397304617152756,0.11381620635353339
878.0,-0.09459499263623053,-0.2096294871794871,-0.31268699545819223,-0.09570329670329598,-0.4809,-0.14709999999999995,,-0.8785666666666666,-0.5015583333333327,-0.6383460054232681,-0.6568066666666666,,-0.8299,-0.6975999999999999,-0.4871527054618945,0.1536316974028101,0.11381539954997656
879.0,-0.14466863033873406,-0.2049371794871794,-0.3020327241371245,-0.06621978021977874,-0.47440000000000004,-0.15159999999999996,,-0.8213999999999999,-0.5128166666666664,-0.6462980116576411,-0.6641566666666666,,-0.8283999999999999,-0.6816,-0.4834141400541154,0.16197115474574197,0.11381460538183831
880.0,-0.19474226804123757,-0.19658846153846146,-0.28102645533691917,-0.017065934065931865,-0.4641,-0.17589999999999997,,-0.7857666666666666,-0.5081833333333332,-0.6541135681989185,-0.67986,,-0.8251000000000002,-0.6623999999999999,-0.47894055905475524,0.16822817355355715,0.11381382388109104
881.0,-0.24481590574374107,-0.18458333333333324,-0.24966818905757632,0.05175824175824466,-0.45,-0.21999999999999997,,-0.7716666666666666,-0.5002166666666666,-0.6548847420300407,-0.7039166666666665,-0.5617930909090909,-0.8200000000000001,-0.6399999999999999,-0.45689004286039364,0.17873502547225045,0.11381305506121052
882.0,-0.2931202749140896,-0.18179999999999993,-0.20795792529909582,0.12648351648351921,-0.4380666666666667,-0.2699,,-0.7792,-0.4883916666666668,-0.6486115331510077,-0.7282366666666666,-0.5610574545454545,-0.8159000000000001,-0.6225999999999999,-0.45370324686890073,0.18636566339877275,0.11381229891999349
883.0,-0.3378861070201277,-0.2011166666666666,-0.15589566406147776,0.20120879120879373,-0.4342666666666667,-0.3116,,-0.8084666666666666,-0.4787833333333332,-0.6352939415618196,-0.7447299999999999,-0.5603218181818181,-0.8156000000000001,-0.6184000000000001,-0.453148893139951,0.1962677205190699,0.11381155547409319
884.0,-0.37911340206185573,-0.24253333333333327,-0.10198894913061105,0.2759340659340683,-0.4386,-0.3451,,-0.8594666666666665,-0.4725916666666664,-0.6149319672624765,-0.7533966666666666,-0.5595861818181819,-0.8191,-0.6274,-0.45597371581092083,0.2098231611773315,0.11381082476311888
885.0,-0.4168021600392734,-0.30604999999999993,-0.048082234199744334,0.35065934065934284,-0.4510666666666666,-0.37039999999999995,,-0.9321999999999999,-0.4726836956521738,-0.5876620599460736,-0.7542366666666667,-0.5588505454545455,-0.8263999999999999,-0.6496,-0.46255063275656777,0.22849164563440955,0.11381010683717262
886.0,-0.45095238095238094,-0.3916666666666666,0.005824480731122389,0.41246013560907324,-0.4716666666666667,-0.3875,,-1.0266666666666666,-0.47781195652173897,-0.560392152629671,-0.74725,-0.5581149090909091,-0.8375,-0.685,-0.4743092554403142,0.25145225393853315,0.1138094017593808
887.0,-0.4833333333333334,-0.4677333333333332,0.060521888574679016,0.45272013093289776,-0.49280000000000007,-0.39230000000000004,,-1.1226666666666667,-0.4723869565217397,-0.5331222453132682,-0.73682,-0.5573792727272726,-0.8476000000000001,-0.7210666666666666,-0.48490384560956035,0.27473545758634205,0.11380870960318812
888.0,-0.5157142857142858,-0.5025999999999999,0.12103931307311055,0.4714393266308162,-0.5068666666666667,-0.38070000000000004,,-1.2,-0.4369619565217401,-0.5058523379968655,-0.72733,-0.5566436363636365,-0.8519,-0.7452666666666666,-0.4867031113919627,0.29306092484555346,0.113808030435962
889.0,-0.548095238095238,-0.49626666666666663,0.187376754226417,0.46861772270282875,-0.5138666666666667,-0.3527,,-1.2586666666666666,-0.37153695652174024,-0.4789007372438583,-0.71878,-0.555908,-0.8503999999999999,-0.7575999999999999,-0.4797315379077825,0.3057603560832612,0.1138073643002635
890.0,-0.5804761904761905,-0.4487333333333333,0.26159966037865845,0.44425531914893523,-0.5138,-0.3083,,-1.2986666666666669,-0.34102391304347995,-0.45340618383771264,-0.7111699999999999,-0.5551723636363636,-0.8431000000000001,-0.7580666666666667,-0.4689110673848,0.31279589021537546,0.11380671121153695
891.0,-0.6128571428571428,-0.35999999999999993,0.350229494186319,0.4112765957446799,-0.5066666666666667,-0.24750000000000005,,-1.3199999999999998,-0.3423369565217424,-0.4293686777784286,-0.7044999999999999,-0.5544367272727272,-0.8300000000000001,-0.7466666666666667,-0.4525084835155351,0.31803451581285774,0.11380607116516744
892.0,-0.6452380952380953,-0.2607393939393938,0.4524755627367085,0.3782978723404244,-0.4902666666666667,-0.18070000000000003,,-1.3157999999999999,-0.36549528985507507,-0.4067882190660062,-0.6969,-0.5537010909090909,-0.8146000000000001,-0.7293333333333333,-0.4321978609077007,0.3260227714023565,0.11380544413919888
893.0,-0.6520952380952382,-0.1816242424242423,0.5563918396884429,0.345319148936169,-0.46240000000000003,-0.11830000000000004,,-1.2792,-0.4234869565217414,-0.3856648077004454,-0.6864999999999999,-0.5529654545454545,-0.8004000000000001,-0.7120000000000001,-0.4109776345024685,0.3314364466193473,0.11380483009834093
894.0,-0.633428571428572,-0.12265454545454532,0.6488589031327383,0.31234042553191366,-0.4230666666666667,-0.06030000000000004,-0.7176629090324603,-1.2102,-0.504486956521743,-0.3656801371183508,-0.6732999999999999,-0.5522298181818182,-0.7874000000000001,-0.6946666666666668,-0.41313406731472657,0.3326419049258835,0.11380422902169776
895.0,-0.5892380952380964,-0.08383030303030292,0.7278113047255346,0.28204167580609707,-0.3722666666666667,-0.006700000000000039,-0.6845933442128371,-1.1088,-0.5087913043478305,-0.3456954665362562,-0.6573,-0.5514941818181819,-0.7756000000000001,-0.6773333333333335,-0.38227069390370527,0.3261441250466309,0.11380364089858698
896.0,-0.5195238095238115,-0.06515151515151506,0.7822205698971944,0.2651427944724718,-0.31000000000000005,0.04249999999999997,-0.6523356627846542,-0.975,-0.43640000000000373,-0.3257107959541615,-0.6385,-0.5507585454545454,-0.765,-0.66,-0.3434654974642163,0.31033345765299064,0.11380306567352069
897.0,-0.4082857142857176,-0.05553333333333325,0.8065756485047235,0.2616437815310378,-0.2426,0.07969999999999997,-0.6208898647479113,-0.8367999999999999,-0.3355333333333373,-0.305726125372067,-0.61832,-0.5500229090909091,-0.75315,-0.6405666666666667,-0.3013934654852987,0.28552665020573914,0.11380250324485663
898.0,-0.2770476190476228,-0.04389090909090902,0.8077932431473211,0.271544636981795,-0.17640000000000006,0.09729999999999998,-0.6034583243907032,-0.7222,-0.21983333333333738,-0.2893958445467984,-0.5981799999999999,-0.5492872727272727,-0.7376,-0.6169333333333333,-0.261256339738633,0.2591757733948204,0.1138019534991904
899.0,-0.12580952380952712,-0.03022424242424237,0.7989927757337713,0.2948453608247435,-0.11140000000000008,0.0953,-0.5996588093530806,-0.6312,-0.1220833333333359,-0.2781985661610977,-0.57808,-0.5485516363636364,-0.71835,-0.5891000000000001,-0.22453699820617187,0.23454934994021073,0.11380141632573809
900.0,0.045428571428569396,-0.014533333333333301,0.7801742462640734,0.32886597938144435,-0.04760000000000008,0.07370000000000002,-0.6094913196350437,-0.5637999999999999,-0.09083333333333503,-0.27213429021496494,-0.55802,-0.5485946181818182,-0.6954,-0.5570666666666667,-0.1949503403065054,0.2124332057731293,0.1138008916266597
901.0,0.2068095238095224,0.0031818181818181884,0.7558446666513815,0.3628865979381452,0.014999999999999902,0.03250000000000003,-0.6236150602081902,-0.5199999999999999,-0.1209533333333336,-0.2712030167084,-0.538,-0.5495117090909092,-0.66875,-0.5208333333333334,-0.1740459890066643,0.1983981626421266,0.11380037932614895
902.0,0.32242857142857106,0.020550649350649333,0.726797704758325,0.39690721649484606,0.07269999999999989,-0.011149999999999955,-0.6048922018643433,-0.5091999999999999,-0.1441483333333329,-0.2754047456414031,-0.52287,-0.5513029090909092,-0.6450833333333333,-0.4876333333333333,-0.15802147961173318,0.18863939047546036,0.11379987937305716
903.0,0.38828571428571446,0.035202597402597374,0.6905949843490367,0.43092783505154697,0.12179999999999988,-0.04009999999999995,-0.5400740683595691,-0.5408,-0.157959999999999,-0.2810850872571478,-0.51748,-0.5539682181818183,-0.6310833333333333,-0.4647,-0.14717425543164092,0.1744503863131227,0.11379939173590678
904.0,0.4043809523809524,0.047137662337662305,0.6472365054235166,0.4649484536082478,0.16229999999999986,-0.05434999999999994,-0.42877731061821606,-0.6148,-0.15925999999999904,-0.2867654288728926,-0.52183,-0.5575076363636364,-0.62675,-0.45203333333333334,-0.1411478668169785,0.15542197751692413,0.11379891639980545
905.0,0.3745054945054939,0.056355844155844124,0.5967222679817649,0.49582017486624064,0.1941999999999999,-0.05389999999999995,-0.29171285117323514,-0.7312,-0.13897666666666558,-0.28882677437542426,-0.53592,-0.5611425454545456,-0.6320833333333333,-0.44963333333333333,-0.14041369448765675,0.14285849747878082,0.11379845336649826
906.0,0.35631868131868044,0.06285714285714285,0.5390522720237814,0.5203941015268173,0.2174999999999999,-0.03874999999999996,-0.16566871102537964,-0.8899999999999999,-0.10180666666666627,-0.28548751980750037,-0.55975,-0.5647774545454547,-0.6470833333333333,-0.4575,-0.14390724911799377,0.1521977373599772,0.1137980026539544
907.0,0.35974725274725244,0.06304761904761905,0.4789438998299307,0.538670233589978,0.2260999999999999,-0.016249999999999966,-0.08778271938282642,-1.0382,-0.09218666666666678,-0.27674766516912097,-0.58739,-0.5684123636363638,-0.6706000000000001,-0.4715,-0.1530400292600142,0.17619954897709292,0.11379756429615344
908.0,0.36150915750915724,0.053333333333333365,0.42281342828477475,0.5506485710557223,0.21389999999999992,0.006250000000000025,-0.05805487624557548,-1.1228,-0.11011666666666713,-0.26260721046028596,-0.61291,-0.5720472727272728,-0.7014833333333333,-0.4875,-0.16564749066072487,0.1928292490525966,0.11379713834273042
909.0,0.3547472527472505,0.033714285714285766,0.3712626422631283,0.5563291139240507,0.18089999999999995,0.02875000000000002,-0.06275672922384616,-1.1438000000000001,-0.1497666666666662,-0.24306615568099535,-0.6363099999999999,-0.575682181818182,-0.7397333333333334,-0.5055,-0.18077941229102207,0.1968146397546252,0.11379672485561632
910.0,0.3082417582417544,0.004190476190476256,0.3242915417649911,0.558860759493671,0.12709999999999994,0.051250000000000004,-0.0740783473036127,-1.1012,-0.20224999999999865,-0.22174349694446235,-0.6575899999999999,-0.579317090909091,-0.78535,-0.5255,-0.19807817139044806,0.19089506809393547,0.11379632390519548
911.0,0.17926530612244163,-0.03523809523809515,0.2819001267903633,0.5613924050632912,0.05249999999999995,0.07375000000000001,-0.0645725045125239,-0.9949999999999999,-0.25243333333333223,-0.20042083820792933,-0.67675,-0.5829520000000001,-0.8383333333333333,-0.5475,-0.21745659047493707,0.18607287689996962,0.11379593556877818
912.0,-0.1301105636036875,-0.07873492063492053,0.24408839733924487,0.5639240506329115,-0.034400000000000056,0.0894,-0.0342392008505798,-0.8672000000000001,-0.27869999999999906,-0.1886646184693523,-0.6947266666666666,-0.5865869090909092,-0.8896333333333333,-0.5730999999999999,-0.24704884033409233,0.21859408786341836,0.11379555993718728
913.0,-0.4028567762856512,-0.12046349206349194,0.2075180617513599,0.5664556962025318,-0.12510000000000007,0.09135,0.02638789188645172,-0.7598,-0.28104999999999924,-0.19196559487450213,-0.7124566666666666,-0.5902218181818183,-0.9301999999999999,-0.6039000000000001,-0.2733073355879848,0.27302206763373577,0.113795197117033
914.0,-0.6321161890663053,-0.1604238095238094,0.17915299599220155,0.5689873417721519,-0.21960000000000007,0.07959999999999998,0.11060585408753867,-0.6727999999999998,-0.2877928571428569,-0.21032376742337872,-0.7299399999999999,-0.5938567272727274,-0.9600333333333333,-0.6399,-0.29774574942217996,0.3307993241545388,0.11379484721556626
915.0,-0.7904602305170807,-0.1986158730158729,0.15899320006176992,0.5715189873417722,-0.31790000000000007,0.054149999999999976,0.21131567727160636,-0.6062,-0.29592857142857126,-0.24373913611598214,-0.7471766666666666,-0.5974916363636364,-0.9791333333333332,-0.6811,-0.31869768448328545,0.3786926452555539,0.11379451033009522
916.0,-0.8629637305699471,-0.23503968253968247,0.1470386739600649,0.5740506329113926,-0.4200000000000001,0.014999999999999975,0.1988542023729918,-0.5599999999999998,-0.33732023809523615,-0.2922117009523123,-0.7641666666666667,-0.6011265454545456,-0.9875,-0.7275,-0.34663464678813877,0.3977742274359797,0.11379418655548026
917.0,-0.7417202072538847,-0.266827619047619,0.14328941768708653,0.5765822784810128,-0.5120000000000001,-0.029400000000000027,0.00863266476348612,-0.5464,-0.4172304945054933,-0.34617502293441327,-0.7802199999999999,-0.6047614545454547,-0.9904999999999999,-0.7708,-0.37696645981109145,0.36102041976736904,0.11379387599686372
918.0,-0.6204766839378222,-0.2911120634920635,0.14710582225441587,0.579113924050633,-0.5800000000000001,-0.07060000000000002,-0.1974937772746271,-0.5775999999999999,-0.48923049450549333,-0.4001383449165143,-0.7946466666666667,-0.6083963636363638,-0.9935,-0.8027,-0.40711961772317873,0.32775282834288766,0.11379357876854562
919.0,-0.4992331606217597,-0.3078930158730159,0.15092222682174522,0.5816455696202533,-0.624,-0.10860000000000003,-0.38830457543903696,-0.6535999999999998,-0.53042097069597,-0.44801944886774125,-0.8074466666666668,-0.612031272727273,-0.9964999999999999,-0.8231999999999999,-0.4333343796035333,0.2997892102346203,0.11379329498226266
920.0,-0.37798963730569723,-0.31717047619047617,0.15473863138907454,0.5841772151898735,-0.644,-0.14340000000000003,,-0.7743999999999999,-0.5471814102564102,-0.48565284755061333,-0.8186200000000001,-0.6156661818181819,-0.9995,-0.8323,-0.446672941877847,0.28732636987282983,0.11379302473066691
921.0,-0.25674611398963476,-0.31894444444444436,0.1585550359564039,0.5878281145902733,-0.64,-0.17500000000000004,,-0.9399999999999998,-0.5243230769230782,-0.5130385409651307,-0.8281666666666666,-0.619301090909091,-1.0025,-0.8300000000000001,-0.45318617855545773,0.26571150571880825,0.1137927680737963
922.0,-0.1511158407043331,-0.3109298989898989,0.1389307266650004,0.5930779480346438,-0.6201000000000001,-0.20310000000000006,,-1.1016,-0.46559615384615566,-0.5301765291112932,-0.8313866666666667,-0.6229360000000002,-1.0026666666666668,-0.8224,-0.45536789378115006,0.254542425665589,0.11379252504397633
923.0,-0.07870524833554192,-0.2908418181818181,0.12293200175285461,0.599926715522985,-0.5924,-0.22740000000000005,,-1.2104,-0.3913461538461559,-0.5370668119891009,-0.8235800000000001,-0.6230910181818182,-0.9971666666666668,-0.8156000000000001,-0.4503478875226803,0.25325615613593433,0.11379229565290265
924.0,-0.0395143368832612,-0.2586802020202019,0.1105588612199665,0.6083744170552968,-0.5569,-0.2479,,-1.2663999999999997,-0.3402628205128219,-0.5397916076294279,-0.8047466666666667,-0.6187932727272726,-0.986,-0.8096,-0.4414953204641515,0.2543735768453546,0.11379207989174696
925.0,-0.033543106347490935,-0.21444505050505042,0.1018113050663361,0.6184210526315794,-0.5136000000000001,-0.2646,,-1.2695999999999998,-0.32670757575757564,-0.5425164032697548,-0.7748866666666666,-0.6100427636363633,-0.9691666666666666,-0.8044,-0.4302353394631719,0.2526493417943111,0.11379187773575067
926.0,-0.035536363298525345,-0.15813636363636357,0.09668933329196336,0.628947368421053,-0.4625,-0.2775,,-1.22,-0.2833075757575756,-0.5438069189898518,-0.734,-0.5968394909090905,-0.9466666666666669,-0.8,-0.40941847810881826,0.24685666665481507,0.11379168914342203
927.0,-0.017996060797504022,-0.09951913043478253,0.11863365975558116,0.6394736842105267,-0.4095000000000001,-0.28850000000000003,-0.4008673873873862,-1.1492,-0.23937575757575608,-0.5394399721025408,-0.6920933333333334,-0.5791834545454542,-0.9194000000000001,-0.7912000000000001,-0.3834405537293323,0.23018738111543197,0.11379151404918768
928.0,0.03668423204132267,-0.048358339920948526,0.14057798621919892,0.6495109926715525,-0.36050000000000004,-0.2995,-0.35146306306306263,-1.0888,-0.25239242424242203,-0.5294155626078217,-0.6591733333333333,-0.5605545454545451,-0.8882666666666668,-0.7727999999999999,-0.3560321945969091,0.22134108005420158,0.11379135236806211
929.0,0.12912102439962697,-0.004653992094861574,0.16252231268281675,0.6546582278481013,-0.3155,-0.3105,,-1.0388,-0.2481606060606055,-0.5137336905056947,-0.6352399999999999,-0.5419256363636361,-0.8532666666666667,-0.7448,-0.32692788958696156,0.22049758174987877,0.11379120400571423
930.0,0.26344018541629244,0.031593913043478326,0.18446663914643455,0.6549153897401732,-0.2745000000000001,-0.3215,,-0.9991999999999999,-0.14093636363636208,-0.49239435579615953,-0.6202933333333334,-0.523296727272727,-0.8144000000000002,-0.7071999999999999,-0.2883913992739834,0.21318073759145884,0.11379106885454415
931.0,0.41438652166161327,0.06038537549407119,0.28319294595011285,0.650282478347768,-0.23750000000000004,-0.3325,,-0.97,0.0009303030303045911,-0.4668318383994465,-0.6143333333333334,-0.504667818181818,-0.7716666666666667,-0.6599999999999999,-0.24139273615130583,0.2148039105359871,0.11379094678088635
932.0,0.5377262280750571,0.08608142292490122,0.38268253364911203,0.6407594936708858,-0.20550000000000007,-0.33380000000000004,,-0.9471499999999999,0.14047575757575886,-0.4412693210027333,-0.6093,-0.4860389090909091,-0.7284666666666666,-0.6125999999999999,-0.19739869221032114,0.22510810373804635,0.1137908376299456
933.0,0.6232438283979604,0.11304308300395258,0.4829354022434321,0.6268354430379743,-0.17950000000000005,-0.3157,,-0.9266,0.2582060606060632,-0.4157068036060202,-0.5971333333333333,-0.46741,-0.6881999999999999,-0.5744,-0.1577053736553501,0.2362697240870403,0.11379074124767663
934.0,0.6703228134486509,0.1412703557312253,0.5839515517330731,0.6129113924050629,-0.15950000000000003,-0.2782,,-0.9083499999999999,0.3356060606060639,-0.3901442862093071,-0.5778333333333333,-0.4487810909090911,-0.6508666666666666,-0.5454,-0.12344590315876174,0.24247554871864277,0.11379065749398218
935.0,0.6748373140882448,0.17076324110671937,0.685730982118035,0.5989873417721514,-0.14550000000000002,-0.2213,,-0.8924,0.3591272727272746,-0.36404433171805933,-0.5513999999999999,-0.43015218181818204,-0.6164666666666666,-0.5256000000000001,-0.09593850509692793,0.23978505806256536,0.11379058624696449
936.0,0.6367873303167424,0.20152173913043478,0.7114917130582572,0.5860388578157194,-0.1375,-0.14500000000000002,,-0.8787499999999999,0.3472272727272746,-0.3367542248815834,-0.5178333333333333,-0.41152327272727296,-0.585,-0.5149999999999999,-0.07954441967410322,0.22342151265721436,0.11379052740999379
937.0,0.5885218702865765,0.23503224637681167,0.7370777733744303,0.5779682072416837,-0.1273,-0.05780000000000003,,-0.8607499999999998,0.32108181818182163,-0.3082739656998793,-0.4890833333333333,-0.392894363636364,-0.5545,-0.5093,-0.0638464065444487,0.20660030953320999,0.11379048091139396
938.0,0.5418042699636737,0.2727811594202899,0.7624730134746256,0.5747753900500442,-0.10669999999999998,0.031799999999999974,,-0.8317499999999999,0.2999681818181838,-0.2786035541729471,-0.47709999999999997,-0.37426545454545496,-0.523,-0.5042000000000001,-0.04629234860470503,0.19282211799997165,0.11379044668794759
939.0,0.5069932827735647,0.3147684782608696,0.7876774333588431,0.576460406240801,-0.07569999999999998,0.12379999999999998,,-0.7917499999999998,0.30796818181818464,-0.2477429903007867,-0.48188333333333333,-0.3556365454545459,-0.49050000000000005,-0.4997,-0.024232971115844874,0.1856327401499403,0.11379042466914144
940.0,0.4840889087162494,0.3609942028985508,0.8126910330270828,0.583023255813954,-0.03429999999999998,0.2182,,-0.7407499999999999,0.3089136363636381,-0.21622971117793277,-0.5034333333333333,-0.3370076363636369,-0.45699999999999996,-0.4958,-0.0004917832250006633,0.1812900561022968,0.11379041477281426
941.0,0.473091147791728,0.41145833333333337,0.8375138124793444,0.5934883720930236,0.017499999999999998,0.31500000000000006,,-0.67875,0.28994696969697104,-0.18471643205507884,-0.5417500000000001,-0.318378727272728,-0.4225,-0.4925,0.023816918322847172,0.18013753707465716,0.11379041690873423
942.0,0.4766085695608252,0.46232500000000004,0.8623204423396775,0.6039534883720934,0.07826666666666664,0.4016,,-0.6177999999999999,0.28983181818181825,-0.15320315293222492,-0.5750033333333333,-0.2997498181818189,-0.3888999999999999,-0.48119999999999996,0.051482010984932575,0.18422617107587955,0.11379043098057327
943.0,0.4949822784810133,0.5097583333333333,0.8871270722000105,0.6144186046511633,0.1465666666666666,0.4654,,-0.56995,0.31188181818181804,-0.12168987380937098,-0.5813633333333332,-0.28112090909090987,-0.3581,-0.45330000000000004,0.08267900918544696,0.18715179414737954,0.11379045688189483
944.0,0.5155490433697698,0.5537583333333334,0.9119337020603435,0.6248837209302328,0.22239999999999993,0.5064,0.20864999999999942,-0.5351999999999999,0.3282999999999997,-0.09428838163579009,-0.5608299999999999,-0.2624920000000009,-0.33009999999999995,-0.4088,0.12001174414699194,0.17916784043695513,0.1137904944911844
945.0,0.5296396383793666,0.594325,0.9330633232885338,0.628171970624235,0.3057666666666666,0.5246,0.25319999999999954,-0.51355,0.34269999999999906,-0.0725576157848352,-0.5134033333333333,-0.2438630909090919,-0.30489999999999995,-0.3477,0.15110661135225284,0.17264711302814184,0.11379054367792842
946.0,0.5372540635098036,0.6314583333333333,0.9381640453462318,0.6194987760097918,0.3966666666666666,0.52,0.310223643724696,-0.5049999999999999,0.33076666666666615,-0.056497576256506365,-0.4390833333333332,-0.22712509090909178,-0.2824999999999999,-0.27,0.17884472819701833,0.161583098749001,0.11379060431933964
947.0,0.5357837492002557,0.6598166666666667,0.9272358682334373,0.5988641370869029,0.48519999999999996,0.49800000000000005,0.3661082186234818,-0.5081,0.29566666666666636,-0.046108263050803545,-0.36256999999999995,-0.21319981818181893,-0.2658999999999999,-0.1943,0.1983212303746277,0.1552020980870224,0.11379067631036215
948.0,0.523339731285988,0.6740583333333333,0.9002787919501506,0.5662680538555686,0.5614666666666666,0.46399999999999997,0.4154037246963565,-0.5213999999999999,0.279033333333333,-0.041389676167726756,-0.3085633333333332,-0.20208727272727328,-0.25809999999999994,-0.13920000000000002,0.20807916806379018,0.15853947477793826,0.11379075957095822
949.0,0.502226487523992,0.6741833333333334,0.8572928164963713,0.5217105263157887,0.6254666666666666,0.418,0.44811477732793553,-0.5448999999999999,0.2732487179487177,-0.03823002865800297,-0.2770633333333333,-0.19378745454545496,-0.2591,-0.10470000000000002,0.20731875064828667,0.16754245834795264,0.11379085405359429
950.0,0.49535767900676986,0.6601916666666667,0.8019549505042425,0.472368421052631,0.6771999999999999,0.36,0.4555188124156547,-0.5785999999999999,0.23429871794872006,-0.03844331295190915,-0.2680699999999999,-0.18830036363636388,-0.26890000000000003,-0.09080000000000002,0.1945554693576008,0.17690163972322806,0.11379095974718577
951.0,0.5027333057343215,0.6320833333333333,0.7466170845121138,0.42302631578947325,0.7166666666666666,0.2899999999999999,0.43784271255060714,-0.6224999999999999,0.15336025641025838,-0.047189832258920636,-0.28158333333333335,-0.18373509090909115,-0.2875,-0.0975,0.1701658156068163,0.18711565710356945,0.11379107668004074
952.0,0.5243533677066472,0.5876833333333333,0.691279218519985,0.3736842105263155,0.7323666666666666,0.2264,0.40223813765182204,-0.6699999999999999,0.0688705128205149,-0.06446958657903742,-0.3099033333333333,-0.17916981818181843,-0.3109,-0.11720000000000001,0.1396594792236496,0.19462415619000112,0.11379120491571112
953.0,0.5602178649237465,0.5248166666666667,0.6359413525278563,0.32434210526315777,0.7127999999999999,0.18759999999999996,0.34870508771929926,-0.7144999999999999,-0.03819615384615177,-0.09028257591225954,-0.34533,-0.17460454545454568,-0.3351,-0.1423,0.10386498584912632,0.19674613150801507,0.11379134454238017
954.0,0.6005010893246183,0.44348333333333334,0.5807071837750745,0.275,0.6579666666666666,0.17359999999999998,0.25848885964912605,-0.756,-0.10302692307692177,-0.12462880025858694,-0.3878633333333334,-0.17003927272727296,-0.3601,-0.1728,0.06537777166805021,0.18856118389603665,0.11379149566438262
955.0,0.6168191721132896,0.3436833333333334,0.5256638349577232,0.22565789473684225,0.5678666666666666,0.18439999999999998,0.13954456140351398,-0.7945,-0.09118461538461538,-0.16413532781438966,-0.43750333333333336,-0.1654740000000002,-0.3859,-0.20870000000000002,0.025445584762787805,0.1693260128743006,0.1137916583958873
956.0,0.6091721132897602,0.22541666666666674,0.4708113060758022,0.1763157894736845,0.4424999999999999,0.21999999999999997,0.026122070175443608,-0.8300000000000001,-0.036046153846153714,-0.19617149666856115,-0.49424999999999997,-0.16090872727272748,-0.4125,-0.25,-0.01496703086472046,0.15027865711440522,0.11379183285562953
957.0,0.57755991285403,0.11446666666666672,0.41689162864499185,0.12697368421052677,0.30899999999999994,0.26799999999999996,-0.06717761403508338,-0.8550999999999999,-0.029830769230771326,-0.21916988444958493,-0.54294,-0.15634345454545479,-0.43475,-0.29400000000000004,-0.05617284499176287,0.14533780793703543,0.11379201916441137
958.0,0.5219825708060994,0.03661666666666673,0.36430769263660734,0.07763157894736902,0.19449999999999995,0.316,-0.14035449122806695,-0.8623999999999998,-0.01095384615384804,-0.23313049115746098,-0.5684100000000001,-0.151778181818182,-0.44749999999999995,-0.33799999999999997,-0.08867775009291548,0.1496176373442154,0.11379221743655606
959.0,0.46923240983302816,-0.00813333333333328,0.31295580081130175,0.028289473684211263,0.09899999999999995,0.364,-0.16465847368420997,-0.8519,-0.028153846153847157,-0.23805331679218936,-0.57066,-0.14721290909090928,-0.45074999999999993,-0.382,-0.11200315676613921,0.1579001938640517,0.11379242776327772
960.0,0.4371732423063686,-0.019783333333333285,0.275030599025905,-0.010861360718870009,0.022499999999999954,0.41200000000000003,-0.13932210526315944,-0.8236000000000001,-0.11537948717948825,-0.23393836135376994,-0.54969,-0.1426476363636366,-0.4445,-0.426,-0.12564417449142748,0.16708878733884455,0.1137926502031652
961.0,0.42580506822612063,0.001666666666666694,0.25456544837015416,-0.024534017971758623,-0.035000000000000045,0.45999999999999996,-0.06669978947368467,-0.7775,-0.16624615384615532,-0.2282559835438341,-0.5055000000000001,-0.13808236363636384,-0.42874999999999996,-0.47000000000000003,-0.12132365180063256,0.176741540311473,0.1137928847737027
962.0,0.4351278875922843,0.03441568627450982,0.2508183173283694,-0.012728498074454591,-0.07690000000000004,0.49239999999999995,0.039922526315792725,-0.7222,-0.15507692307692256,-0.22257360573389828,-0.45334,-0.13351709090909109,-0.40824999999999995,-0.5014000000000001,-0.10237869287738653,0.18403082647012892,0.11379313143936325
963.0,0.46514170040485964,0.056662745098039216,0.2633863159292351,0.024555198973042126,-0.10660000000000006,0.4936,0.1312690526315801,-0.6662999999999999,-0.17380839160839184,-0.2168912279239624,-0.40846,-0.1289518181818184,-0.38774999999999993,-0.5076,-0.08298188747695841,0.1878114995483809,0.11379339012251607
964.0,0.498879892037788,0.06840784313725488,0.29226944417275136,0.0873170731707315,-0.12410000000000006,0.4636,0.1824050526315792,-0.6097999999999999,-0.1927430069930086,-0.21120885011402657,-0.37086,-0.12438654545454564,-0.36724999999999997,-0.4886000000000001,-0.06400493552939121,0.18275907500637867,0.11379366073167478
965.0,0.5326180836707164,0.06965098039215685,0.3251859335060048,0.165365853658537,-0.12940000000000004,0.4024,0.21657263157894874,-0.5527,-0.15608240093240247,-0.20552647230409074,-0.34054,-0.1198212727272729,-0.34675,-0.4444,-0.041673333082671675,0.16812542328587418,0.11379394317204003
966.0,0.5663562753036449,0.060392156862745086,0.3710458991330146,0.24341463414634257,-0.12250000000000005,0.31,0.23896000000000236,-0.49499999999999983,-0.15531573426573408,-0.19938821429903128,-0.3175,-0.11525600000000018,-0.32625000000000004,-0.375,-0.022574355937072663,0.15581697421572172,0.11379423734543215
967.0,0.6000944669365731,0.056659676044330774,0.43035869060046983,0.32146341463414807,-0.10040000000000004,0.22000000000000003,0.24766315789473864,-0.45006666666666656,-0.12677727272727257,-0.19154643178022568,-0.30100000000000005,-0.11069072727272747,-0.3069,-0.3006999999999999,-0.0008458351669023539,0.14578961714700428,0.11379454315337112
968.0,0.6338326585695014,0.07448184143222507,0.5023593275781504,0.39762553802008804,-0.06010000000000004,0.166,0.2578031578947405,-0.4312666666666665,-0.08519545454545349,-0.1820011247476739,-0.29030000000000006,-0.10612545454545472,-0.28985000000000005,-0.24179999999999996,0.024675987356389685,0.13816055403270114,0.11379486049162185
969.0,0.6675708502024299,0.11385865302642799,0.5763635771163385,0.4643543758967021,-0.0016000000000000291,0.14800000000000002,0.29110105263158353,-0.43859999999999993,-0.05684545454545259,-0.17075229320137603,-0.2854,-0.10217966503406051,-0.2751,-0.19829999999999995,0.0523193640066137,0.1338670285850219,0.11379518924455181
970.0,0.7013090418353582,0.1747901108269395,0.652371439215034,0.5216499282639904,0.07509999999999997,0.166,0.3208110526315829,-0.47206666666666663,-0.023209090909087574,-0.15779993714133198,-0.2863,-0.09933415168221178,-0.26265,-0.17019999999999993,0.08146226616954329,0.12712506723212416,0.11379552928757446
971.0,0.7350472334682865,0.2572762148337596,0.73214874485092,0.5695121951219526,0.16999999999999998,0.22000000000000003,0.3076263157894765,-0.5316666666666666,0.0515818181818203,-0.1435999367626654,-0.29300000000000004,-0.09758891448990856,-0.2525,-0.15749999999999992,0.11195264316621244,0.11465450522138411,0.11379588048982466
972.0,0.768785425101215,0.33911710358056274,0.7896000840393121,0.607941176470589,0.2609333333333333,0.28500000000000003,0.24316263157895,-0.6000666666666665,0.07953181818182091,-0.12977104104844903,-0.30108,-0.09694395345715086,-0.24430000000000002,-0.15529999999999994,0.13190070793667968,0.1152374408596964,0.11379624272529097
973.0,0.8025236167341433,0.39811291560102313,0.8254904371104306,0.6388235294117651,0.32573333333333326,0.336,0.14627473684211062,-0.6599333333333333,0.10860454545454737,-0.11631854977318339,-0.30612,-0.09739926858393863,-0.23769999999999997,-0.15869999999999998,0.1432422830569212,0.1282091504101642,0.11379661589191058
974.0,0.8289411041379072,0.4342636508951408,0.8505040370139932,0.6697058823529413,0.36439999999999995,0.373,0.023214210526321267,-0.7112666666666667,0.16855000000000295,-0.10324246293686842,-0.30812,-0.0983353766543934,-0.2327,-0.16770000000000002,0.1493724556191698,0.14926974522867884,0.1137969999155908
975.0,0.8480378873125065,0.44756930946291573,0.8646408837500001,0.6988515920129519,0.37693333333333323,0.396,-0.08450052631578422,-0.7540666666666667,0.20447727272727362,-0.09054278053950418,-0.30708,-0.09927148472484817,-0.22929999999999998,-0.1823,0.1492463443108698,0.17310885941865162,0.11379739474355371
976.0,0.8598139662579415,0.4380298913043479,0.8531916700480121,0.7236556934700483,0.3633333333333333,0.40499999999999997,-0.17484684210525867,-0.7883333333333332,0.20538636363636448,-0.07821950258109064,-0.303,-0.10020759279530293,-0.22749999999999995,-0.20249999999999999,0.14098597480250435,0.19208760319436968,0.113797800344838
977.0,0.864269340974212,0.41508496376811604,0.8417424563460238,0.7441181867242308,0.3409999999999999,0.4064,-0.2098503643724688,-0.8185333333333332,0.23503636363636385,-0.06778267420571973,,-0.10114370086575772,-0.22849999999999993,-0.2244,0.13888802326718425,0.21120797633213242,0.1137982167020638
978.0,0.8614040114613181,0.3881740942028986,0.8302932426440359,0.760239071775499,0.32733333333333325,0.40659999999999996,-0.1665340485829987,-0.8491333333333332,0.2684727272727282,-0.05999879022102731,,-0.10207980893621249,-0.2334999999999999,-0.24409999999999998,0.13809796641676692,0.2129366144461351,0.1137986437924698
979.0,0.858538681948424,0.3572972826086957,0.8188440289420479,0.7720183486238531,0.32233333333333325,0.4056,-0.07046931174089213,-0.8801333333333332,0.2517272727272729,-0.05486785062701336,,-0.10301591700666726,-0.24249999999999994,-0.26160000000000005,0.13706735379057303,0.2099287882470127,0.11379908158527795
980.0,0.8553283781100177,0.3224545289855073,0.809896302764207,0.7811926605504584,0.3259999999999999,0.4034,-0.00668527665317189,-0.9115333333333332,0.18723636363636395,-0.05238985542367789,,-0.10395202507712202,-0.25549999999999995,-0.27690000000000003,0.12974236979699827,0.21313543784068692,0.11379953005384479
981.0,0.8348693579959721,0.2836458333333334,0.8061007227530533,0.7903669724770641,0.3383333333333332,0.4,0.026689986504722672,-0.9433333333333331,0.14510303030303034,-0.052564804611020886,,-0.1048881331475768,-0.27249999999999996,-0.29000000000000004,0.12076354072386972,0.2204186661837839,0.11379998918348384
982.0,0.7971616216062871,0.2449428571428572,0.8074572889085868,0.7995412844036697,0.3503333333333333,0.39599999999999996,0.040738245614035065,-0.9714666666666665,0.08734747474747588,-0.055538232542304965,,-0.10582424121803158,-0.29159999999999997,-0.2973,0.10845354070238236,0.2287749930744468,0.1138004589701212
983.0,0.7246936177858478,0.21041726190476195,0.8139660012308074,0.808715596330275,0.3529999999999999,0.39199999999999996,0.027782456140351776,-0.9918666666666665,0.058361111111113376,-0.06324889613766467,,-0.10676034928848635,-0.3109,-0.2952,0.09454332278554373,0.23498966695234014,0.11380093941767719
984.0,0.617465346534654,0.18006904761904768,0.8256268597197153,0.8178899082568807,0.34633333333333327,0.388,0.010356140350876161,-1.0045333333333333,0.04096111111111377,-0.07569679539709998,,-0.10769645735894111,-0.33039999999999997,-0.28369999999999995,0.07944447881830577,0.2406569356012311,0.11380143053615914
985.0,0.475821782178218,0.15389821428571432,0.8399383768511633,0.827064220183486,0.33033333333333326,0.384,0.03547368421052353,-1.0094666666666665,0.03276111111111473,-0.09288193032061094,,-0.1086325654293959,-0.3501,-0.26280000000000003,0.06642404796450832,0.24812555827051297,0.11380193233660849
986.0,0.37992452830188705,0.13190476190476194,0.8531891205281669,0.8348627675840978,0.305,0.38,0.0859593522267196,-1.0066666666666664,0.04029444444444835,-0.11480430090819752,,-0.10956867349985067,-0.37,-0.2325,0.060438338285930406,0.2554993672162928,0.113802444820773
987.0,0.32977358490566117,0.12507428571428575,0.8649133023947153,0.8399097859327217,0.28679999999999994,0.376,0.10482558704453548,-0.9966666666666665,0.10540000000000087,-0.13815571182530753,,-0.11050478157030544,-0.3854,-0.1997,0.062336342287028376,0.2587318181059226,0.1138029679689352
988.0,0.3437129788450558,0.144392380952381,0.8751109224508087,0.8422052752293577,0.29219999999999996,0.372,0.09203286423966216,-0.9799999999999999,0.1232499999999995,-0.1529824691619819,,-0.1114408896407602,-0.39159999999999995,-0.17129999999999998,0.0681295482089424,0.2547336551631418,0.11380350173760037
989.0,0.42328873642081427,0.18985904761904765,0.8837819806964469,0.841749235474006,0.3212,0.368,0.04479753507145885,-0.9566666666666667,0.17774999999999863,-0.15928457291822065,,-0.11237699771121498,-0.3886,-0.1473,0.08417702782979988,0.24340399320491846,0.11380404606016697
990.0,0.5685008576329366,0.26147428571428577,0.89092647713163,0.8385416666666666,0.37379999999999997,0.364,-0.036880400460074445,-0.9266666666666665,0.20372777777777715,-0.15706202309402373,,-0.11331310578166975,-0.37639999999999996,-0.12769999999999998,0.10546553328635308,0.23153420275965753,0.11380460084370901
991.0,0.6945763293310495,0.35923809523809525,0.8976051852108025,0.8339583333333334,0.45,0.36,-0.08915359072392069,-0.8899999999999999,0.25847777777777703,-0.1463148196893912,-0.188,-0.11424921385212453,-0.355,-0.1125,0.13990272118754427,0.21930538784517786,0.11380516596530708
992.0,0.7927272727272754,0.4546762406015038,0.904283893289975,0.829375,0.5262,0.356,-0.07373215073878829,-0.8499999999999999,0.26352777777777747,-0.12832447387707033,-0.16979,-0.11518532192257928,-0.3332,-0.1024,0.16815415984700666,0.2152757218660831,0.11380574127946307
993.0,0.8621212121212141,0.5193144862155388,0.9109626013691475,0.8247916666666667,0.5788,0.352,0.00867540044137154,-0.8099999999999999,0.2505527777777733,-0.10918209900922538,-0.16436,-0.11612142999303407,-0.3198,-0.09809999999999999,0.19211818682781792,0.20719579382636297,0.11380632664315357
994.0,0.9001321212121226,0.5531528320802005,0.9176179349956245,0.8202083333333332,0.6077999999999999,0.348,0.1186575183204833,-0.7699999999999999,0.2515527777777722,-0.08871512650590682,-0.17170999999999997,-0.11705753806348884,-0.31479999999999997,-0.0996,0.21108848951072431,0.19729973922602426,0.11380692192993663
995.0,0.9018400000000006,0.5561912781954887,0.9216494904394997,0.815625,0.6131999999999999,0.344,0.25621420289854696,-0.7299999999999999,0.2871499999999939,-0.06692355636711467,-0.19183999999999996,-0.11799364613394361,-0.3182,-0.1069,0.2260009120737479,0.18665184430536194,0.11380752702873194
996.0,0.888760000000001,0.5284298245614035,0.923057267700773,0.8110416666666665,0.595,0.33999999999999997,0.36873100520252533,-0.6899999999999998,0.314799999999995,-0.04380738859284893,-0.22474999999999995,-0.11915336013533673,-0.32999999999999996,-0.12,0.23157921538594126,0.1794919060400711,0.11380814184739833
997.0,0.8736295652173913,0.4860740350877192,0.9218412667794444,0.8064583333333333,0.5616,0.3352,0.4265542920847266,-0.6557333333333333,0.3236749999999967,-0.01936662318310961,,-0.12100625252263893,-0.3444999999999999,-0.1358,0.235902257481943,0.17911355262734718,0.1138087663140768
998.0,0.8744411594202892,0.44532947368421044,0.9180014876755139,0.8018749999999999,0.5214,0.32880000000000004,0.430432107023411,-0.6329333333333331,0.3362250000000019,0.0011273274362529756,,-0.12355232329585016,-0.356,-0.1512,0.23092684326247884,0.17280551447705936,0.11380940037473493
999.0,0.8512544927536239,0.40619614035087714,0.9115613048416767,0.7972916666666666,0.4744,0.32080000000000003,0.44042920847268807,-0.6215999999999998,0.3013000000000029,0.014615881442643136,,-0.1267915724549704,-0.36449999999999994,-0.16620000000000001,0.21898924506730283,0.16863317710582312,0.11381004399809082
1000.0,0.7987344927536253,0.36867403508771923,0.9051211220078397,0.7927083333333333,0.4206,0.31120000000000003,0.4781316239316274,-0.6217333333333332,0.2791499999999992,0.021099038836060867,,-0.1307239999999997,-0.37,-0.18080000000000002,0.2061741828014308,0.170893729363787,0.11381069717326016
1001.0,0.7168811594202932,0.33276315789473687,0.8986809391740026,0.7881250000000001,0.36,0.3,0.5476102564102627,-0.6333333333333332,0.1809249999999944,0.02057679961650618,,-0.13512599999999972,-0.37249999999999994,-0.195,0.18597738792186086,0.1844377566663903,0.11381135990281409
1002.0,0.6335671497584581,0.3047315789473684,0.8922407563401654,0.7835416666666667,0.3055,0.288,0.5707091192865148,-0.6348,0.11904999999999281,0.01304916378397906,,-0.13952799999999974,-0.3729,-0.2049,0.16664342296806722,0.19388680121813523,0.11381203220163075
1003.0,0.5387555555555603,0.29084736842105263,0.8858005735063283,0.7789583333333333,0.26999999999999996,0.27599999999999997,0.5234906280193311,-0.6045333333333333,0.04839999999999309,0.005364119180701254,,-0.14392999999999972,-0.3721,-0.20659999999999998,0.14604279296036118,0.1916866788598626,0.11381271409007652
1004.0,0.4941504273504306,0.2911105263157895,0.8793603906724912,0.7743749999999999,0.25349999999999995,0.26400000000000007,0.39928599033816753,-0.5425333333333333,0.05677499999999339,0.006581536149675607,,-0.14833199999999974,-0.3701,-0.20010000000000003,0.13585973856114947,0.16916310609129812,0.11381340558040802
1005.0,0.5100068376068395,0.305521052631579,0.8729202078386541,0.7697916666666667,0.25599999999999995,0.25199999999999995,0.26624560386473445,-0.4488,0.0604499999999951,0.016701414690902118,,-0.15273399999999976,-0.36689999999999995,-0.1854,0.13568506516162301,0.14410261930306068,0.11381410665869862
1006.0,0.5863247863247871,0.3340789473684211,0.8665412235071012,0.7652083333333334,0.27749999999999997,0.24,0.1243694685990318,-0.32333333333333325,0.09934999999999854,0.035723754804380795,,-0.15713599999999978,-0.3625,-0.1625,0.14859463418503455,0.12291637504327474,0.11381481727274358
1007.0,0.6868298368298372,0.37132865497076034,0.8603053543984792,0.7606249999999999,0.3006999999999999,0.23759999999999998,0.044864541062801896,-0.20679999999999993,0.11530000000000032,0.06364855649011161,,-0.16153799999999977,-0.36360000000000003,-0.1359,0.1678051544272092,0.12187623612130445,0.11381553733296666
1008.0,0.763496503496504,0.411814619883041,0.8542126005127887,0.7560416666666667,0.3082999999999999,0.25439999999999996,0.03305043478260565,-0.13986666666666656,0.18080000000000157,0.09753730157775134,,-0.16593999999999978,-0.37689999999999996,-0.1101,0.19038073261957086,0.12095627957813321,0.11381626672407566
1009.0,0.7956410256410263,0.45553684210526324,0.8482629618500294,0.7514583333333333,0.30029999999999996,0.2904,0.07772637681159375,-0.12253333333333323,0.10650000000000012,0.1238479348080674,,-0.17034199999999977,-0.4024,-0.0851,0.19826163115520842,0.1228852908192103,0.11381700533171805
1010.0,0.7832634032634045,0.5024953216374269,0.8424564384102012,0.7323333333333333,0.2766999999999999,0.3456,0.07679874396135417,-0.15479999999999988,0.0858000000000009,0.1425804561810598,,-0.1747439999999998,-0.4401,-0.060899999999999996,0.19735282773757767,0.12227866890258868,0.11381775307124929
1011.0,0.7418787878787887,0.5526900584795322,0.8367318316910201,0.6841249999999997,0.2374999999999999,0.42000000000000004,0.020011207729470105,-0.23666666666666653,0.06472499999999977,0.1537348656967285,-0.174,-0.1791459999999998,-0.49000000000000005,-0.037500000000000006,0.1852917203434908,0.1256113753419577,0.11381850989521146
1012.0,0.679818181818183,0.5948371929824562,0.8310072249718388,0.6068333333333326,0.20326666666666662,0.49429999999999996,-0.07800782608695463,-0.33689999999999987,0.06607499999999931,0.1573111633550736,-0.14845999999999998,-0.1835479999999998,-0.5324,-0.0158,0.1670237812171853,0.14666772200572628,0.11381927578802278
1013.0,0.6371515151515162,0.6176528654970761,0.8252826182526576,0.5004583333333321,0.1945666666666666,0.5492000000000001,-0.12494020869564974,-0.42426666666666657,0.06324999999999989,0.15351926285454273,-0.12704,-0.1879499999999998,-0.5476,0.0032999999999999987,0.1523274561709624,0.16381859175710578,0.11382005075096356
1014.0,0.6138787878787888,0.6211370760233919,0.8195580115334764,0.3683552631578936,0.21139999999999995,0.5847,-0.11030389565217066,-0.4987666666666666,0.18700000000000166,0.14815802567543496,-0.10973999999999999,-0.1923519999999998,-0.5356,0.0198,0.15194461442501064,0.16830531040253013,0.11382083477159982
1015.0,0.61,0.6052898245614035,0.8138334048142951,0.25526315789473586,0.2537666666666666,0.6008000000000001,-0.029659451207728105,-0.5603999999999999,0.2516000000000005,0.1407135060343904,-0.09655999999999999,-0.19675399999999982,-0.49639999999999995,0.0337,0.15608522205455452,0.1709035263799017,0.11382162780515533
1016.0,0.61,0.5701111111111111,0.8081087980951139,0.17572368421052564,0.32166666666666666,0.5975,0.0502362009661844,-0.6091666666666666,0.251600000000002,0.131185703931409,-0.0875,-0.20115599999999983,-0.43,0.045000000000000005,0.1595221070224532,0.17329495392462893,0.11382242978671557
1017.0,0.617124999999999,0.5335625396825396,0.8023841913759326,0.12973684210526298,0.3984,0.5845,0.12938306086956686,-0.6446666666666666,0.2365000000000002,0.1195746193664908,-0.08241000000000001,-0.20555799999999982,-0.35710000000000003,0.0536,0.16535939905236607,0.177461581422128,0.11382324064610129
1018.0,0.6479999999999986,0.5136057142857143,0.8063493402492042,0.1173026315789478,0.4672666666666666,0.5715000000000001,0.1615451424749162,-0.6665,0.2711999999999971,0.1058802523396358,-0.08114,-0.20995999999999984,-0.2984,0.05940000000000001,0.17614641054250568,0.18233182220756422,0.11382406030481164
1019.0,0.7026249999999987,0.510240634920635,0.8217637025953769,0.13506578947368467,0.5282666666666666,0.5585,0.1738174581939775,-0.6746666666666666,0.26984999999999626,0.09126941012031209,-0.08369000000000001,-0.21436199999999986,-0.25389999999999996,0.06240000000000001,0.1876557139502843,0.18324392189315442,0.11382488867258224
1020.0,0.7811704545454538,0.5234673015873017,0.8486272784144505,0.1528289473684215,0.5813999999999999,0.5455,0.1741177703455939,-0.6691666666666667,0.2941499999999974,0.07581060200861665,-0.09006,-0.21876399999999982,-0.22360000000000002,0.06260000000000002,0.20272012054308344,0.18520735037582542,0.11382572565005877
1021.0,0.8851704545454538,0.5532857142857143,0.8997522243191008,0.17059210526315838,0.6266666666666667,0.5325,0.22415347082868547,-0.6499999999999999,0.38909999999999806,0.059503828004549494,-0.10024999999999999,-0.22316599999999984,-0.20750000000000002,0.06000000000000001,0.22998631885095186,0.1913075469046422,0.11382657112005772
1022.0,0.9697873900293252,0.5855695238095239,0.9548843949444473,0.18835526315789522,0.6594666666666666,0.5204,0.3102809587513896,-0.6248999999999999,0.4930999999999999,0.04234908810811063,-0.11518999999999999,-0.22756799999999985,-0.20070000000000002,0.053000000000000005,0.25777394896195405,0.20221119881575597,0.11382742494025107
1023.0,1.0183962609970671,0.606192380952381,1.0040790423941,0.20611842105263206,0.6751999999999999,0.5100999999999999,0.40503604236343066,-0.6015999999999999,0.5504999999999999,0.024346382319300038,-0.13581000000000001,-0.23196999999999987,-0.1983,0.04,0.2765920378627792,0.21218307916408927,0.11382828696417788
1024.0,1.0309970674486786,0.6151542857142858,1.041252015681664,0.22388157894736893,0.6738666666666666,0.5016,0.4581889353400209,-0.5801,0.5916500000000007,0.005794757101657733,-0.16211000000000003,-0.2363719999999999,-0.2003,0.021000000000000008,0.28460737906431016,0.21790483873150027,0.11382915706944795
1025.0,1.0190944700460807,0.6124552380952382,1.06640331480714,0.2416447368421058,0.6554666666666666,0.4949,0.4676411594202894,-0.5603999999999999,0.5828388888888935,-0.014669676721690991,-0.19409,-0.24077399999999988,-0.20670000000000002,-0.00399999999999999,0.27998648557462297,0.2147372593972815,0.11383003517075772
1026.0,0.9824516129032237,0.5980952380952382,1.066720783157852,0.25940789473684267,0.6199999999999999,0.49000000000000005,0.446411944444443,-0.5424999999999999,0.5216888888888933,-0.037046919150746135,-0.23174999999999998,-0.2451759999999999,-0.21749999999999997,-0.03499999999999999,0.26255738879112467,0.20128881034219032,0.11383092122481796
1027.0,0.9583028977583364,0.5748890756302522,1.0624585660986803,0.2771710526315795,0.5812999999999999,0.48460000000000003,0.3981887681159403,-0.5338999999999998,0.4926888888888934,-0.0613369701855077,-0.26594,-0.2495779999999999,-0.2318,-0.0672,0.24427459135272667,0.1907415232442551,0.11383181522187442
1028.0,0.9423444505194091,0.5456515406162465,1.0538716559335626,0.29493421052631635,0.5532,0.47639999999999993,0.32297163043478133,-0.5420999999999998,0.43262222222222463,-0.08753982982597568,-0.28751000000000004,-0.25397999999999993,-0.2487,-0.0958,0.22188327717332593,0.18021827116454636,0.11383271716793798
1029.0,0.9345762711864414,0.5103826330532214,1.0442985592170535,0.3126973684210532,0.5357,0.4654,0.2330166304347816,-0.5670999999999998,0.38402222222222204,-0.11555201512658124,-0.29646000000000006,-0.2583819999999999,-0.2682,-0.12079999999999999,0.19954283352915644,0.1752902252218658,0.11383362707644905
1030.0,0.923323244552059,0.4690823529411766,1.031004467185276,0.3304605263157901,0.5287999999999999,0.4516,0.13004992474916446,-0.6089,0.33409333333333047,-0.14154928470512948,-0.29279,-0.2627839999999999,-0.29030000000000006,-0.14220000000000002,0.17570646888369043,0.17558111626585812,0.1138345449652215
1031.0,0.9072881355932212,0.42175070028011213,1.0139893798382298,0.34822368421052696,0.5325,0.43499999999999994,0.016358143812713066,-0.6674999999999999,0.32729333333332783,-0.1616601513562539,-0.2765000000000001,-0.2671859999999999,-0.31500000000000006,-0.16,0.1538969446937055,0.18458822761573496,0.11383547085245647
1032.0,0.8869491525423733,0.3753954481792718,0.9932532971759152,0.3659868421052638,0.5378999999999999,0.417,-0.06591674749163785,-0.7314999999999998,0.21569333333332782,-0.1758846150799544,-0.261,-0.27158799999999994,-0.33930000000000005,-0.17620000000000002,0.12648490791175418,0.19281983222847235,0.113836404758585
1033.0,0.8714237288135601,0.33702436974789923,0.9687962191983319,0.38375000000000065,0.5361,0.399,-0.0972363247863283,-0.7894999999999999,0.15489333333332936,-0.1842226758762311,-0.2597,-0.27598999999999996,-0.3602,-0.19280000000000003,0.10652418931646866,0.1996002570178644,0.11383734670511869
1034.0,0.8799661016949158,0.3066374649859944,0.9416043324568714,0.40151315789473757,0.5270999999999999,0.38099999999999995,-0.07720395763657578,-0.8414999999999999,0.07452410256410134,-0.1866743337450839,-0.2726,-0.280392,-0.37770000000000004,-0.2098,0.09046249058678282,0.20419626431531251,0.1138382967016956
1035.0,0.8975762711864412,0.28423473389355747,0.9135977407166731,0.4192763157894744,0.5108999999999999,0.363,-0.03757290412487095,-0.8874999999999998,0.049287179487178034,-0.18525450440857014,-0.29969999999999997,-0.28479399999999994,-0.3918,-0.2272,0.08028934518142017,0.20703218089288672,0.11383925473918888
1036.0,0.9242542372881364,0.2698161764705883,0.8838737678480794,0.4370394736842112,0.48749999999999993,0.34500000000000003,0.02001188405795879,-0.9274999999999999,0.04227179487179257,-0.18383467507205645,-0.341,-0.28919599999999995,-0.4025,-0.24500000000000002,0.0729097613677649,0.20978973301832496,0.11384022079201887
1037.0,0.9434615384615388,0.26246985294117653,0.8524324138510895,0.45480263157894807,0.45949999999999996,0.32819999999999994,0.06324983720467693,-0.9637999999999998,0.034179487179480085,-0.18343508731251074,-0.3874,-0.295116894117647,-0.4125,-0.2636,0.06374598427048223,0.2137307082826201,0.11384119482576747
1038.0,0.950384615384614,0.2612838235294118,0.819273678725704,0.4725657894736849,0.4295,0.31379999999999997,0.07230798755872823,-0.9986999999999998,0.005860439560432987,-0.18644539787170922,-0.4298,-0.3025566823529412,-0.4245,-0.2834,0.049969589571994606,0.21847961966015458,0.11384217681025918
1039.0,0.9293846153846139,0.2662580882352941,0.7843975624719226,0.4903289473684218,0.39749999999999996,0.30179999999999996,0.04718633512011272,-1.0322,0.0048758241758180085,-0.19286560674965192,-0.46820000000000006,-0.31151536470588237,-0.4385,-0.30439999999999995,0.03386074295004627,0.21938877049084235,0.11384316672646135
1040.0,0.9008846153846137,0.27739264705882355,0.7486187700884831,0.5080921052631586,0.3635,0.29219999999999996,0.02001045959896868,-1.0642999999999998,0.018229670329663335,-0.20269571394633887,-0.5025999999999999,-0.3219929411764707,-0.4545,-0.3266,0.018302829471492896,0.21978761662164853,0.11384416456247921
1041.0,0.8648846153846137,0.2946875,0.7075558697233606,0.5258552631578954,0.32749999999999996,0.285,-0.007574687313876468,-1.0949999999999998,0.005306593406589244,-0.21593571946176998,-0.533,-0.33398941176470603,-0.4725,-0.35,0.00019928736657896597,0.22060913928872591,0.11384517030925927
1042.0,0.8379230769230757,0.3093125,0.6587647502614391,0.5436184210526323,0.2905,0.279,-0.035454377605716854,-1.1221999999999999,0.013614285714287678,-0.23156538171897734,-0.55751,-0.34598588235294137,-0.49110000000000004,-0.374,-0.016077329123300142,0.22199262171048095,0.11384618395966459
1043.0,0.8199999999999996,0.31243750000000003,0.6022454117027187,0.5613815789473692,0.25349999999999995,0.273,-0.06333406789755723,-1.1438,-0.0033538461538422937,-0.24719504397618466,-0.57424,-0.3579823529411767,-0.5089,-0.398,-0.03387434430847673,0.2238140702768569,0.11384720550647572
1044.0,0.8074999999999999,0.3040625,0.5455201686008009,0.5791447368421061,0.21649999999999997,0.267,-0.09121375818939761,-1.1598,-0.05766153846153528,-0.2617852360114557,-0.58319,-0.3699788235294121,-0.5259,-0.42200000000000004,-0.05370013933920676,0.22617790867880722,0.11384823494484297
1045.0,0.7967460317460318,0.2841875,0.4906077176582838,0.5959483253588524,0.17949999999999994,0.261,-0.119093448481238,-1.1702,-0.14153846153845834,-0.27239735601482196,-0.58436,-0.38197529411764747,-0.5421,-0.446,-0.07497678467064275,0.22953427477294935,0.1138492722755676
1046.0,0.7881746031746033,0.2528125,0.4427921668568505,0.6113811004784695,0.14249999999999993,0.255,-0.14697313877307838,-1.1749999999999998,-0.22095384615384273,-0.2790314039862835,-0.57775,-0.3939717647058828,-0.5575,-0.4699999999999999,-0.0948942702220832,0.23358141346105463,0.11385031750209847
1047.0,0.7817857142857145,0.21311250000000004,0.4045176273116168,0.6254430622009576,0.10859999999999996,0.24700000000000003,-0.17485282906491875,-1.1769333333333332,-0.25901538461538187,-0.28168737992584025,,-0.4059682352941182,-0.5715,-0.49000000000000005,-0.10549193804873654,0.24490090036040793,0.1138513706182455
1048.0,0.7775793650793653,0.16826250000000004,0.37578409902258264,0.6381342105263164,0.08089999999999996,0.23500000000000001,-0.20273251935675915,-1.1787333333333332,-0.25030769230769057,-0.2803652838334923,,-0.41796470588235357,-0.5835,-0.502,-0.11783386894489509,0.2454545505132109,0.1138524316015254
1049.0,0.7755555555555557,0.11826250000000005,0.34906926743614675,0.649454545454546,0.05939999999999997,0.219,-0.23061220964859955,-1.1804,-0.19928901098900983,-0.27610458593117587,,-0.42996117647058885,-0.5935,-0.506,-0.1259247731377998,0.24450884615261947,0.11385350042024954
1050.0,0.7739682539682541,0.06311250000000007,0.32235443584971085,0.6603636363636369,0.04409999999999996,0.19899999999999998,-0.2584918999404399,-1.181933333333333,-0.14116043956043828,-0.2718438880288594,,-0.44195764705882423,-0.6014999999999999,-0.502,-0.13291425522604347,0.24544340876224585,0.11385457703545229
1051.0,0.7723809523809524,0.0028125000000000814,0.2956396042632749,0.6712727272727277,0.03499999999999996,0.175,-0.28637159023228026,-1.1833333333333331,-0.1261065934065923,-0.2680209483980812,,-0.4539541176470595,-0.6075,-0.49000000000000005,-0.1426982873306664,0.2494526863663741,0.11385566140453511
1052.0,0.7707936507936508,-0.051887499999999906,0.27026391562605173,0.6821818181818188,0.025999999999999957,0.16359999999999997,-0.31425128052412066,-1.1845999999999999,-0.1503219780219787,-0.2661860118169773,,-0.4659505882352949,-0.6091,-0.4713,-0.15328114693808628,0.2556306112321593,0.11385675348902789
1053.0,0.7692063492063492,-0.09023749999999989,0.2579594124374525,0.6930909090909096,0.010999999999999961,0.18139999999999998,-0.34146065973335754,-1.1857333333333333,-0.15767582417582574,-0.2663390782855477,,-0.4779470588235302,-0.6039,-0.44720000000000004,-0.15767182460116572,0.2622797453495831,0.11385785324844225
1054.0,0.7676190476190475,-0.1122374999999999,0.2587260946974772,0.7040000000000004,-0.01000000000000004,0.2284,-0.3476804999923651,-1.1867333333333332,-0.17034725274725487,-0.2684801478037924,,-0.48479634198623633,-0.5919,-0.41770000000000007,-0.15561745151882522,0.2686467146092819,0.11385896062619283
1055.0,0.766031746031746,-0.1178874999999999,0.2725639624061259,0.7149090909090915,-0.03700000000000004,0.30460000000000004,-0.33291080130114337,-1.1875999999999998,-0.2072758241758251,-0.2726092203717115,,-0.48543133789129184,-0.5730999999999999,-0.38280000000000003,-0.1484928323531754,0.2764143852603676,0.11386007554428952
1056.0,0.7644444444444444,-0.10718749999999991,0.29947301556339856,0.7258181818181824,-0.07000000000000003,0.41,-0.29921207090606716,-1.188333333333333,-0.22291428571428296,-0.27828853771776657,,-0.4798520465386966,-0.5475,-0.34249999999999997,-0.1329191591217225,0.2863382704594281,0.11386119790257763
1057.0,0.7662956349206356,-0.07394285714285706,0.3381141112200825,0.7367272727272732,-0.09640000000000004,0.5174000000000001,-0.2594132478632509,-1.1809333333333327,-0.13648351648350646,-0.28396785506382166,,-0.4680584679284509,-0.5148999999999999,-0.2995,-0.1036122457804231,0.29270260314491403,0.11386232756949277
1058.0,0.7853392857142868,-0.011958928571428513,0.3789864010036006,0.7476363636363641,-0.10360000000000005,0.5996,-0.21418464325529807,-1.1573999999999995,-0.04336043956043077,-0.28778640570763825,,-0.4500506020605545,-0.47509999999999997,-0.25650000000000006,-0.06771353115379768,0.29536020739204194,0.11386346437616894
1059.0,0.8215753968253983,0.07876428571428576,0.4270144492983456,0.7585454545454551,-0.09160000000000006,0.6566,-0.169556821583504,-1.1177333333333328,0.03888111888112934,-0.2810980862089514,,-0.43097563636053693,-0.4281,-0.21350000000000008,-0.02639077757076791,0.293170002695126,0.1138646081252743
1060.0,0.8750039682539696,0.19822678571428573,0.48219825610431766,0.769454545454546,-0.06040000000000008,0.6884,-0.10924918711437615,-1.061933333333333,0.09989930069930719,-0.26390289656776095,,-0.4119006706605193,-0.3739,-0.17050000000000004,0.020730756334781948,0.28494258701856473,0.11386575859892695
1061.0,0.9325961538461554,0.3464285714285714,0.543107307419756,0.7793524224278718,-0.010000000000000092,0.6950000000000001,-0.031201232601539692,-0.9899999999999997,0.18649230769231528,-0.23620083678406706,,-0.3928257049605016,-0.3125,-0.12750000000000003,0.0762193886361762,0.27103092997099015,0.11386691555685245
1062.0,0.9909134615384627,0.4934990476190476,0.6077373531112972,0.7841942297223735,0.05479999999999989,0.6900000000000002,0.06651098962068111,-0.9068666666666664,0.2699830769230805,-0.19799190685786971,,-0.37375073926048397,-0.2558,-0.08660000000000004,0.1342101468885885,0.2555098423907641,0.1138680787367158
1063.0,1.0337932860998655,0.609567619047619,0.673857199052107,0.7839799673380511,0.1291999999999999,0.687,0.17159036160135618,-0.8174666666666666,0.30179333333333813,-0.15113687349140736,,-0.3546757735604663,-0.2157,-0.04990000000000002,0.1853850397350404,0.23805699869129335,0.11386924787017991
1064.0,1.0576226720647772,0.6946342857142856,0.7338571987190929,0.7787096352749043,0.2131999999999999,0.686,0.26974821997415493,-0.7217999999999998,0.362510505050509,-0.10428184012494501,,-0.3356008078604486,-0.1922,-0.017400000000000013,0.2333156102010815,0.21948302035463876,0.1138704227010899
1065.0,1.0624016194331982,0.7486990476190475,0.7852702881864222,0.7683832335329337,0.3067999999999999,0.687,0.3410112432530778,-0.6198666666666666,0.477317323232331,-0.058016323023551516,,-0.31652584216043095,-0.18530000000000002,0.01089999999999999,0.2781674605544684,0.20096054886123177,0.1138716029872433
1066.0,1.061158974358974,0.7717619047619048,0.8295269814558555,0.7540119760479038,0.40999999999999986,0.6900000000000002,0.37991663879598286,-0.5116666666666665,0.5883294444444477,-0.016146900367116225,,-0.2974508764604133,-0.195,0.034999999999999996,0.3159649646286616,0.18470181919526554,0.11387278850047867
1067.0,1.0538947368421046,0.7754384962406013,0.8639740716011994,0.7396407185628738,0.5113999999999999,0.6940000000000002,0.3973693979933089,-0.4003333333333332,0.5550694444444456,0.021326427844360847,,-0.27837591076039564,-0.21749999999999997,0.052000000000000005,0.3366159317874534,0.16055484251457972,0.11387397904220772
1068.0,1.0430175438596483,0.7713444611528821,0.8858270268837547,0.725269461077844,0.5995999999999999,0.6980000000000001,0.40687476031215086,-0.2889999999999998,0.5839075396825397,0.05440366161087971,,-0.25930094506037793,-0.24899999999999997,0.05899999999999998,0.3567728133323884,0.14927664946121835,0.11387517444994792
1069.0,1.032140350877192,0.7594797994987468,0.8977709294422208,0.7108982035928141,0.6745999999999999,0.7020000000000001,0.42211925306577563,-0.17766666666666656,0.5729880952380964,0.08308480093244033,,-0.24022597936036028,-0.2895,0.055999999999999994,0.37013783464784517,0.14447836622765273,0.11387637458266477
1070.0,1.021263157894736,0.7398445112781954,0.9022728432024308,0.6965269461077841,0.7363999999999999,0.7060000000000001,0.4467956020066902,-0.06633333333333322,0.5555630952380952,0.10795936207411158,,-0.22115101366034265,-0.33899999999999997,0.043,0.3797880180469305,0.15030750827548192,0.11387757931459622
1071.0,1.0103859649122797,0.712438596491228,0.8993327681643848,0.6821556886227542,0.7849999999999999,0.71,0.48607928093645547,0.04500000000000008,0.5117249999999985,0.13283392321578286,-0.146,-0.20366984903851093,-0.3974999999999999,0.019999999999999983,0.3748415266645981,0.16380826988179292,0.11387878854482794
1072.0,0.9995087719298237,0.6835981630546955,0.8936081613876397,0.6677844311377242,0.8235999999999999,0.7071999999999999,0.5203663043478263,0.1322333333333334,0.519524999999999,0.15682089423322604,-0.16006,-0.19020270194692665,-0.44689999999999996,-0.00020000000000001543,0.3790630255340957,0.18400111844081665,0.1138800021928962
1073.0,0.9886315789473674,0.6596593188854489,0.8878835546108943,0.6534131736526944,0.8553999999999998,0.6908000000000001,0.5484485507246372,0.17126666666666673,0.49012500000000153,0.17182415953985725,-0.15424,-0.1807495723855898,-0.4690999999999999,-0.004800000000000011,0.37918303076014126,0.19406887893593705,0.1138812201785134
1074.0,0.9777543859649114,0.6406220639834881,0.882158947834149,0.6390419161676645,0.8803999999999998,0.6607999999999999,0.5566394927536215,0.16210000000000008,0.43805714285714126,0.1778437191356765,-0.12854,-0.17531046035450043,-0.4640999999999999,0.00619999999999999,0.3752619434530108,0.19242799558301024,0.1138824424239277
1075.0,0.9668771929824553,0.6264863983488133,0.8764343410574037,0.6246706586826345,0.8985999999999998,0.6172,0.5485242028985483,0.10473333333333341,0.4332571428571413,0.1748795730206838,-0.08296,-0.1738853658536584,-0.4318999999999999,0.032799999999999996,0.3725512483805253,0.18067518724966478,0.11388366886077844
1076.0,0.9559999999999992,0.6172523219814241,0.8744759888705363,0.6102994011976046,0.9099999999999999,0.56,0.524587536231882,-0.0008333333333332416,0.45668571428571775,0.1629317211948791,-0.017500000000000005,-0.17488048780487792,-0.37249999999999994,0.075,0.3701084901874165,0.1637941022107262,0.11388489942175413
1077.0,0.9451228070175428,0.6085778497044751,0.8765248617454094,0.5959281437125747,0.915,0.503,0.5044334782608682,-0.11423333333333323,0.4886857142857172,0.1428877537824905,0.045739999999999996,-0.17587560975609745,-0.304,0.1166,0.367742261815689,0.15637318746903484,0.11388613403784172
1078.0,0.9342456140350868,0.5961209963411203,0.8825809596820238,0.5814662341982701,0.9139999999999999,0.4600000000000001,0.4963191304347817,-0.1950999999999999,0.5455142857142874,0.12284378637010192,0.08466,-0.17687073170731699,-0.2445,0.14140000000000003,0.36733430536202516,0.16004447036357988,0.11388737263784766
1079.0,0.9233684210526306,0.5798817618913594,0.8926442826803787,0.5668230206254159,0.907,0.43100000000000005,0.501358628762542,-0.24343333333333322,0.5550571428571468,0.10279981895771331,0.09925999999999999,-0.17786585365853652,-0.194,0.14940000000000003,0.3638067064168083,0.16380308009897843,0.11388861514970837
1080.0,0.9124912280701745,0.5598601463551929,0.9067148307404743,0.5519985029940122,0.8939999999999999,0.41600000000000004,0.51596690078038,-0.25923333333333326,0.5821142857142885,0.08455453047768414,0.08954,-0.178860975609756,-0.15249999999999997,0.1406,0.3616604368706512,0.1664830166472156,0.11388986150376733
1081.0,0.9016140350877183,0.5360561497326203,0.921026349272433,0.5369926813040587,0.875,0.41500000000000004,0.5315546576470191,-0.24249999999999988,0.6294571428571416,0.07122635225560812,0.055499999999999994,-0.17985609756097554,-0.11999999999999995,0.11499999999999999,0.3604336621854016,0.16760781289191695,0.11389111162977573
1082.0,0.8907368421052622,0.5137049284578696,0.9353378678043918,0.5218055555555557,0.8516,0.4210000000000001,0.5414985876608142,-0.21813333333333323,0.6484285714285717,0.06281528429148528,0.013629999999999993,-0.18085121951219502,-0.09904999999999994,0.0806,0.35593736317560154,0.16631400399845142,0.11389236545742695
1083.0,0.8798596491228061,0.4980416389651684,0.9496493863363504,0.5065277777777781,0.8253999999999999,0.42700000000000005,0.5375415893724897,-0.21103333333333324,0.6500571428571433,0.059321326585315595,-0.019580000000000007,-0.18184634146341455,-0.09219999999999992,0.0454,0.34815277401573586,0.1639165722189158,0.1138936229240451
1084.0,0.86898245614035,0.4890662812545165,0.9593098129198483,0.4912500000000005,0.7964,0.433,0.5281129367207931,-0.2211999999999999,0.7164571428571433,0.06074447913709904,-0.04413000000000001,-0.1828414634146341,-0.09944999999999994,0.009399999999999997,0.34322154611536543,0.1699653466679041,0.11389488397292673
1085.0,0.8581052631578938,0.48677885532591414,0.9506514975342804,0.4759722222222228,0.7646,0.43900000000000006,0.5174968752460354,-0.24863333333333326,0.6998500000000016,0.06528606301447622,-0.060020000000000004,-0.1838365853658536,-0.12079999999999994,-0.0274,0.3297893469858312,0.1650564750422979,0.11389614855255342
1086.0,0.8472280701754377,0.4911793611793612,0.9236744401796464,0.46069444444444513,0.73,0.445,0.5137147983929642,-0.2933333333333333,0.6610500000000028,0.06982764689185339,-0.06725,-0.18483170731707307,-0.15624999999999994,-0.065,0.3125502657580931,0.1579179199406552,0.11389741662689276
1087.0,0.8363508771929815,0.4976085749385749,0.8783786408559466,0.44541666666666746,0.6887000000000001,0.4546,0.509572505851428,-0.34666666666666657,0.6492385714285669,0.07436923076923055,-0.07399000000000001,-0.1858268292682926,-0.19845,-0.1012,0.2948643979834596,0.1552875806317906,0.11389868817418879
1088.0,0.8254736842105255,0.5014072727272728,0.8147640995631809,0.4301388888888898,0.6368,0.47140000000000004,0.5050699976214267,-0.3999999999999999,0.600355454545452,0.07891081464660774,-0.08841000000000002,-0.18682195121951212,-0.24005,-0.1338,0.272517018641703,0.14833398792517724,0.11389996318071442
1089.0,0.8145964912280693,0.5025754545454545,0.7374819082498101,0.4148611111111121,0.5743,0.49540000000000006,0.4941388319243784,-0.45333333333333325,0.5855554545454542,0.08078890320798379,-0.11051000000000002,-0.18781707317073165,-0.28104999999999997,-0.1628,0.2502991248791569,0.1482409769281308,0.11390124164100984
1090.0,0.8037192982456132,0.5011131203931204,0.6625864589157928,0.3995833333333344,0.5012000000000001,0.5266000000000001,0.4809613565239614,-0.5066666666666666,0.5486387878787853,0.07789626757806214,-0.14029000000000003,-0.18881219512195116,-0.32144999999999996,-0.1882,0.2254914115057179,0.14909857782698488,0.1139025235555812
1091.0,0.7928421052631569,0.4970202702702703,0.5928431556693339,0.3843055555555567,0.4175,0.5650000000000001,0.4659079305848207,-0.5599999999999998,0.5373054545454531,0.07023290775684281,-0.17775000000000002,-0.1898073170731707,-0.36124999999999996,-0.21000000000000002,0.20172500446944736,0.15805204473233805,0.11390380892830765
1092.0,0.7769799498746852,0.4828639253539254,0.5282519985104334,0.367481481481484,0.3248,0.5947000000000001,0.44198086465355874,-0.6133333333333331,0.5357916083916132,0.05779882374432575,-0.21381000000000006,-0.19080243902439017,-0.3969333333333333,-0.22880000000000003,0.17621211045135482,0.17049538503542103,0.11390509776491343
1093.0,0.7555789473684191,0.4512111068211069,0.468812987439091,0.33519444444444707,0.22469999999999998,0.5998000000000001,0.39370995115995966,-0.6666666666666665,0.5210747252747293,0.04059401554051101,-0.23939000000000005,-0.19179756097560968,-0.4249833333333332,-0.2452,0.14447418693376093,0.17952731361239563,0.11390639007853401
1094.0,0.7286390977443584,0.4020618146718148,0.41452612245530707,0.2874444444444459,0.11719999999999997,0.5803,0.3176202219349393,-0.7199999999999999,0.4383362637362634,0.021281978461399675,-0.25449,-0.19279268292682922,-0.4453999999999999,-0.2592,0.10253766146583558,0.17807173921968789,0.11390768590334487
1095.0,0.6961604010025033,0.335416048906049,0.3630046615797279,0.23416520467836435,0.0022999999999999687,0.5362000000000001,0.22371147022913043,-0.7733333333333332,0.3425721611721592,0.0019699413822883384,-0.25911000000000006,-0.19378780487804875,-0.4581833333333332,-0.27080000000000004,0.055734672671821854,0.1767140507699503,0.11390898530070581
1096.0,0.6581428571428536,0.2512738095238095,0.3114832007041487,0.19025730994152248,-0.12000000000000002,0.4675000000000001,0.11508247145013377,-0.8266666666666665,0.2461483516483486,-0.017342095696822997,-0.25325000000000003,-0.19478292682926823,-0.46333333333333326,-0.28,0.006036641277480316,0.1796617469950077,0.11391028835163432
1097.0,0.6195714285714251,0.17815142857142863,0.2599617398285694,0.1572670565302153,-0.21780000000000005,0.38650000000000007,0.015391722329965607,-0.8512666666666666,0.150368864468861,-0.03665413277593434,-0.23997000000000002,-0.19577804878048777,-0.4582,-0.28440000000000004,-0.03691832913733034,0.1834101014301414,0.11391159514038408
1098.0,0.5809999999999965,0.14456523809523816,0.20844027895299017,0.14911111111111208,-0.25920000000000004,0.30550000000000005,-0.04227272139624792,-0.8183999999999999,0.0327402930402882,-0.0523606388252408,-0.22233,-0.1967731707317073,-0.44013333333333327,-0.28159999999999996,-0.06369378164906467,0.17888900885150677,0.1139129057278121
1099.0,0.5527047619047594,0.15051523809523817,0.1849515470669322,0.16578947368421282,-0.24420000000000003,0.2245000000000001,-0.05791085972850678,-0.7280666666666666,-0.044321245421247844,-0.06329476760147654,-0.20033000000000004,-0.19776829268292678,-0.4091333333333333,-0.2716,-0.06701172462021546,0.1666394810608855,0.11391422012032036
1100.0,0.5358275132275118,0.19600142857142872,0.197527837816806,0.1973684210526336,-0.1728,0.14350000000000007,-0.04607912447030247,-0.5802666666666665,-0.07154761904761803,-0.06945651910464153,-0.17397,-0.19876341463414632,-0.36519999999999997,-0.2544,-0.04730415308964257,0.14917451913254717,0.113915538249412
1101.0,0.5303682539682535,0.2810238095238097,0.24616915120261162,0.2289473684210544,-0.04500000000000004,0.06250000000000007,-0.004512490124258811,-0.3749999999999999,-0.10430476190475982,-0.07084589333473576,-0.14325000000000002,-0.2001972195121951,-0.3083333333333333,-0.22999999999999998,-0.00945965107811105,0.1437715419993619,0.11391685997037158
1102.0,0.5363269841269847,0.37387523809523826,0.3258266129909156,0.2605263157894752,0.10549999999999995,-0.0031999999999999416,0.06394574804280263,-0.17079999999999992,-0.05985714285714302,-0.06746289029175927,-0.11408000000000003,-0.20338575609756093,-0.2542,-0.20140000000000002,0.042258222128496566,0.15615472416487844,0.11391818507483253
1103.0,0.5537037037037053,0.4428485714285716,0.4358244905923547,0.29210526315789603,0.24499999999999994,-0.03829999999999996,0.13483550958844687,-0.026199999999999925,0.011850549450550146,-0.0629130410055169,-0.09237000000000002,-0.20832902439024387,-0.21846666666666664,-0.1716,0.09271352541850685,0.1709158910416189,0.11391951331556553
1104.0,0.5722222222222237,0.48794380952380967,0.5481300550174075,0.3236842105263168,0.3734999999999999,-0.04279999999999996,0.20528366372189547,0.058800000000000074,0.09310769230769081,-0.05836319171927453,-0.07812,-0.21502702439024382,-0.2011333333333333,-0.1406,0.1376162931340351,0.18081204100169415,0.11392084444018385
1105.0,0.5907407407407421,0.5091609523809526,0.6501925255799894,0.3552631578947376,0.49099999999999994,-0.016699999999999975,0.2713802556920177,0.08420000000000008,0.2211791208791233,-0.05381334243303215,-0.07132999999999998,-0.2234797560975609,-0.2022,-0.10840000000000001,0.17837097533121202,0.18162305295949813,0.11392217821052394
1106.0,0.6092592592592606,0.5065000000000002,0.7419507039444296,0.38684210526315843,0.5974999999999999,0.04000000000000002,0.32645398620986693,0.050000000000000065,0.2822505494505489,-0.04926349314678978,-0.07199999999999995,-0.23324853658536576,-0.22166666666666662,-0.075,0.206398421980603,0.17589049867679227,0.11392351441139666
1107.0,0.6277777777777791,0.4933766666666669,0.8264670647241619,0.4184210526315792,0.6831999999999999,0.10840000000000001,0.3704875314228254,-0.011399999999999928,0.3024131868131927,-0.04371253632663317,-0.08007999999999994,-0.2430173170731706,-0.25266666666666665,-0.04859999999999999,0.2250761971406952,0.17063915740398802,0.1139248528613448
1108.0,0.6462962962962976,0.4832066666666669,0.8846502344229676,0.45,0.7383,0.16960000000000003,0.4061564569417519,-0.06759999999999992,0.37376263736264087,-0.03712308621403433,-0.09551999999999992,-0.2527860975609754,-0.2883333333333333,-0.03739999999999999,0.2409435553272843,0.1704310911582449,0.11392619340857009
1109.0,0.6648148148148161,0.4759900000000002,0.9165002130408473,0.4815789473684209,0.7627999999999999,0.22360000000000002,0.4250443007972435,-0.11859999999999993,0.41370549450550004,-0.02949514280899327,-0.11831999999999994,-0.26255487804878025,-0.32866666666666666,-0.0414,0.24749979164302757,0.1696355939378854,0.11392753592231086
1110.0,0.6833333333333345,0.4717266666666668,0.926535487617475,0.5131578947368416,0.7566999999999999,0.2704000000000001,0.42715106298930017,-0.16439999999999994,0.3809989010989024,-0.02082870611150999,-0.14847999999999995,-0.2723236585365851,-0.37366666666666665,-0.0606,0.24212173679483984,0.16325069357784303,0.11392888030073425
1111.0,0.7018518518518531,0.4704166666666668,0.9148172564885215,0.5447368421052624,0.72,0.31000000000000005,0.4133777921425007,-0.2049999999999999,0.4129417582417602,-0.011123776121584494,-0.18599999999999994,-0.28209243902439,-0.42333333333333323,-0.095,0.23468518707266112,0.15646956557762914,0.11393022647256702
1112.0,0.7203703703703714,0.4657078947368422,0.8833319192739862,0.5718088077336194,0.6584,0.336,0.3834122495151938,-0.24429999999999988,0.44010769230769037,-0.0013814603731310145,-0.22771,-0.2918612195121948,-0.4727666666666666,-0.136,0.22036568481326496,0.14890301139650855,0.11393157438642577
1113.0,0.7388888888888899,0.45124824561403526,0.8518465820594512,0.583857500895095,0.5775999999999999,0.3420000000000001,0.34142110177404567,-0.2861999999999999,0.4312362637362625,0.01411433131299342,-0.27043999999999996,-0.3016299999999996,-0.5170666666666667,-0.175,0.19870544625815037,0.13999200057671157,0.11393292401101861
1114.0,0.7574074074074084,0.42703771929824574,0.820361244844916,0.5808829215896893,0.47759999999999997,0.32800000000000007,0.28025933706816286,-0.3306999999999999,0.39651626373625753,0.023921525849974905,-0.31418999999999997,-0.3113987804878045,-0.5562333333333334,-0.21200000000000002,0.16910459328382257,0.12979354948236393,0.11393427534064343
1115.0,0.7595789473684211,0.3930763157894738,0.788875907630381,0.5628850698174022,0.35839999999999994,0.2940000000000001,0.19628118939883904,-0.3777999999999999,0.35546190476190076,0.027007096040793377,-0.35896,-0.3211675609756094,-0.5902666666666667,-0.24700000000000003,0.13145515736892385,0.12099895407950116,0.11393562839671507
1116.0,0.7383976608187126,0.3493640350877194,0.7573905704158459,0.5298639455782336,0.21999999999999992,0.24000000000000005,0.09428789413201313,-0.42749999999999994,0.30974857142856893,0.023371041885448824,-0.40474999999999994,-0.3309363414634142,-0.6191666666666668,-0.27999999999999997,0.08571933651546146,0.11639471300944808,0.11393698322849806
1117.0,0.6938635477582831,0.2965896929824562,0.725905233201311,0.48632653061224723,0.08919999999999995,0.18440000000000006,0.0076036558213038175,-0.4849,0.23166821428571144,0.013013363383941262,-0.44708999999999993,-0.34070512195121905,-0.6417666666666667,-0.3104,0.035979174959097644,0.11435032631265442,0.11393833990971346
1118.0,0.6259766081871325,0.23544210526315795,0.6944198959867757,0.44278911564626106,-0.007200000000000045,0.14560000000000003,-0.06377152553328891,-0.5551,0.15956999999999755,-0.009819415401400279,-0.48150999999999994,-0.3504739024390239,-0.6569,-0.3376,-0.011326937020742101,0.11364399316997802,0.1139396985258903
1119.0,0.5347368421052608,0.1659212719298246,0.6573871755463706,0.3992517006802748,-0.06920000000000004,0.12360000000000007,-0.10670491991668371,-0.6380999999999999,0.15080250000000286,-0.033685221383761885,-0.50801,-0.3602426829268287,-0.6645666666666667,-0.36160000000000003,-0.050743571473729175,0.11627073207485981,0.11394105915490613
1120.0,0.4364912280701739,0.0880271929824562,0.6094777022877133,0.3557142857142886,-0.09680000000000002,0.11840000000000003,-0.12549710910005,-0.7339,0.16452694444444516,-0.0575510273661235,-0.52659,-0.3700114634146336,-0.6647666666666667,-0.38239999999999996,-0.08463420807488556,0.12292914034357924,0.11394242185397255
1121.0,0.33922807017543766,0.0017598684210527015,0.5506914762108035,0.3121768707483023,-0.09000000000000004,0.13000000000000006,-0.1245428786899355,-0.8424999999999999,0.15122916666666494,-0.08141683334848511,-0.53725,-0.3797802439024384,-0.6575,-0.4,-0.11627889312275708,0.13354399095298822,0.11394378666183638
1122.0,0.2429473684210522,-0.07375065789473675,0.49070549994462925,0.268639455782316,-0.06240000000000003,0.14500000000000005,-0.13271566831860732,-0.9363999999999999,0.08476666666666513,-0.10488057258391108,-0.54149,-0.3895490243902433,-0.6476,-0.41340000000000005,-0.14786620945520265,0.14497068954613984,0.11394515360840916
1123.0,0.14764912280701742,-0.11937434210526307,0.43558543943293204,0.22510204081632973,-0.027600000000000034,0.15000000000000005,-0.14810137901314185,-0.9880999999999999,-0.033698611111116536,-0.12516088547780146,-0.5408100000000001,-0.39931780487804813,-0.6398999999999999,-0.42160000000000003,-0.1775233156806495,0.15271036015692094,0.11394652271977605
1124.0,0.053333333333333344,-0.13511118421052623,0.39087867790158193,0.18156462585034353,0.014399999999999968,0.14500000000000002,-0.16539813617754592,-0.9975999999999997,-0.11756666666667552,-0.14225777203015622,-0.53521,-0.40908658536585296,-0.6344000000000001,-0.4246,-0.1982895505261071,0.16133339708071853,0.1139478940107985
1125.0,-0.03999999999999998,-0.12096118421052626,0.3619145849429611,0.13802721088435727,0.06359999999999998,0.13000000000000006,-0.179644207426559,-0.9648999999999999,-0.16960760233918903,-0.15617123224097534,-0.5246900000000001,-0.4188553658536578,-0.6311,-0.4224,-0.20962769973168502,0.16900520467208782,0.11394926747094017
1126.0,-0.1333333333333333,-0.07692434210526311,0.3486931605570697,0.094489795918371,0.12,0.10500000000000002,-0.1909462292609348,-0.8899999999999999,-0.22897017543860415,-0.16690126611025885,-0.50925,-0.4286241463414626,-0.63,-0.41500000000000004,-0.21441189543674408,0.17911667623588154,0.11395064305978614
1127.0,-0.22666666666666666,-0.02048596491228067,0.34153740211492,0.05817687074830211,0.1729,0.07500000000000004,-0.19966286719816295,-0.8003999999999998,-0.2278701754386024,-0.17484994038494245,-0.48975,-0.43839292682926756,-0.6286666666666667,-0.40499999999999997,-0.21172363823095489,0.19531678632441105,0.11395202071076625
1128.0,-0.31999999999999995,0.03086864035087722,0.34216532039992326,0.03390476190476399,0.21159999999999995,0.04500000000000004,-0.19630890253537603,-0.7235999999999999,-0.1468923976608198,-0.182798614659626,-0.4670500000000001,-0.4481617073170724,-0.6246666666666667,-0.395,-0.2029242547274284,0.21678024412528382,0.11395340033323871
1129.0,-0.4133333333333333,0.07713947368421055,0.35223884076046363,0.022557364518842948,0.23609999999999998,0.015000000000000045,-0.1808843352725741,-0.6595999999999999,-0.08229473684210425,-0.19074728893430953,-0.44115000000000004,-0.4579304878048772,-0.618,-0.385,-0.19470746451597737,0.24282830598641034,0.11395478181986766
1130.0,-0.46499999999999997,0.11832653508771933,0.371757963196541,0.027670259114883227,0.24639999999999995,-0.014999999999999958,-0.1445052143934543,-0.6083999999999998,-0.006305263157897034,-0.19869596320899308,-0.41204999999999997,-0.46769926829268205,-0.6086666666666667,-0.375,-0.18122625845146792,0.26066209767211845,0.1139561650543532
1131.0,-0.475,0.15442982456140356,0.40072268770815545,0.04924344569288483,0.24249999999999994,-0.04499999999999995,-0.0818504524886946,-0.57,0.07004210526315917,-0.20548209647997934,-0.37975,-0.4769227317073167,-0.5966666666666667,-0.365,-0.1627667060083611,0.26966688072637646,0.113957549907351
1132.0,-0.44333333333333325,0.18734210526315795,0.439133014295307,0.08005243445693037,0.23829999999999996,-0.07319999999999996,0.0033174136321119986,-0.5498999999999998,0.09150526315789295,-0.2086330171065085,-0.34632,-0.48084882926829275,-0.5811,-0.355,-0.14276321063590966,0.2684913726448002,0.11395893623488648
1133.0,-0.37,0.21895614035087724,0.4792052662308425,0.11528089887640647,0.24769999999999995,-0.09779999999999996,0.06098152696975797,-0.5535999999999999,0.08735789473684,-0.20814872508858065,-0.31383,-0.4794775609756103,-0.5610666666666667,-0.34500000000000003,-0.12281723039758105,0.25739944338947685,0.1139603238859631
1134.0,-0.255,0.2492719298245615,0.519277518166378,0.1540449438202268,0.2707,-0.11879999999999995,0.08228663003662706,-0.5811,0.07315789473684016,-0.2040292204261957,-0.28228,-0.47280892682926945,-0.5365666666666666,-0.335,-0.10263184980982142,0.23688377125919724,0.1139617127080759
1135.0,-0.14,0.27828947368421064,0.5593497701019137,0.1928089887640471,0.30729999999999996,-0.13619999999999993,0.06643419162536682,-0.6323999999999999,0.02787157894736909,-0.19627450311935374,-0.25166999999999995,-0.4608429268292699,-0.5075999999999999,-0.325,-0.08699524477326556,0.21839891692649901,0.11396310255225267
1136.0,-0.015857142857142348,0.3060087719298247,0.598974081928581,0.23157303370786742,0.3575,-0.14999999999999997,0.05617544710191795,-0.7074999999999999,0.005737894736839841,-0.18604711417175207,-0.22199999999999998,-0.4441248780487822,-0.47416666666666674,-0.315,-0.06848046945280813,0.20742208238298143,0.11396449327467402
1137.0,0.11742857142857299,0.3356315789473685,0.6353544490192665,0.27033707865168777,0.40889999999999993,-0.15239999999999995,0.05151039646628046,-0.7837999999999999,0.07001157894736794,-0.17581972522415037,-0.19588999999999998,-0.42740682926829443,-0.4397666666666667,-0.308,-0.04242211197846917,0.20332802483532017,0.11396588472390706
1138.0,0.25005357142857226,0.37035964912280706,0.6684908713739703,0.309101123595508,0.44909999999999994,-0.13559999999999997,0.06883754937872784,-0.8386999999999999,0.17231684210526546,-0.16559233627654865,-0.17595999999999998,-0.41068878048780666,-0.40790000000000004,-0.307,-0.010941536411393232,0.20417800411782241,0.11396727672822213
1139.0,0.3428035714285718,0.41019298245614044,0.6983833489926925,0.34786516853932836,0.47809999999999997,-0.09959999999999997,0.08057100840336594,-0.8722,0.2584547368421085,-0.15536494732894696,-0.16221,-0.393970731707319,-0.37856666666666666,-0.31199999999999994,0.017318462211376694,0.20883740878345028,0.11396866910273935
1140.0,0.3956785714285716,0.45513157894736855,0.7250318818754327,0.3866292134831487,0.49589999999999995,-0.04439999999999996,0.08160996911585972,-0.8843,0.33819473684210904,-0.14466353640604587,-0.15463999999999997,-0.3772526829268312,-0.35176666666666667,-0.323,0.04272521897806753,0.21322424044997046,0.11397006166596249
1141.0,0.3995357142857139,0.5051754385964913,0.7488844101310593,0.42539325842696896,0.5024999999999998,0.030000000000000027,,-0.875,0.3962947368421076,-0.1330503694237115,-0.15325,-0.36053463414634346,-0.3275,-0.33999999999999997,0.06374346283405427,0.22442763860899057,0.1139714542479879
1142.0,0.37683823529411625,0.5577684210526317,0.772736938386686,0.46415730337078925,0.5035000000000001,0.11180000000000004,,-0.8549999999999999,0.4057978947368423,-0.12052544638194389,-0.14615,-0.3438165853658557,-0.30300000000000005,-0.357,0.08287101717105269,0.22503980277453559,0.11397284669069835
1143.0,0.33738970588235234,0.6103543859649124,0.7965894666423127,0.5029213483146096,0.5045,0.18920000000000003,,-0.835,0.39615428571428357,-0.10708876728074297,-0.12144999999999999,-0.3270985365853679,-0.27549999999999997,-0.368,0.10101448852175224,0.23008379163717638,0.11397423884398897
1144.0,0.3204044117647059,0.6629333333333334,0.8204419948979395,0.54168539325843,0.5055,0.26220000000000004,,-0.8149999999999998,0.40212666666666363,-0.09274033212010878,-0.07915,-0.3103804878048802,-0.24499999999999997,-0.373,0.12386441862511559,0.23775971980219937,0.11397563055710447
1145.0,0.3258823529411769,0.7155052631578949,0.8447258875276665,0.5804494382022503,0.5065,0.33080000000000004,,-0.7949999999999999,0.41350666666666314,-0.07795416287534067,-0.019250000000000007,-0.29366243902439243,-0.21150000000000002,-0.372,0.15063226682510292,0.24595819116181977,0.1139770216686772
1146.0,0.3538235294117653,0.7680701754385966,0.8699638812599881,0.6192134831460706,0.5075,0.39500000000000013,,-0.775,0.4454266666666647,-0.06316799363057256,0.05825,-0.27694439024390466,-0.175,-0.36500000000000005,0.18248860109069437,0.25532625370404366,0.11397841200215807
1147.0,0.3817647058823537,0.8158768740031899,0.8961559760949042,0.6542530278710079,0.5114,0.44800000000000006,,-0.7549999999999999,0.5183009523809518,-0.04838182438580445,0.13296000000000002,-0.2602263414634169,-0.13893333333333335,-0.3502,0.21662973070617472,0.2674444802142149,0.11397980136691832
1148.0,0.41092969870875307,0.8541741626794259,0.9233021720324148,0.6799813220487394,0.5211,0.4830000000000001,0.32324327731092406,-0.7349999999999999,0.6010438095238091,-0.03359565514103634,0.18449000000000002,-0.2435082926829292,-0.10673333333333335,-0.3258,0.2526162257961976,0.2666423119052774,0.11398118956249774
1149.0,0.4462137733142053,0.8829620414673048,0.9514024690725197,0.6963983656792655,0.5366,0.5000000000000001,0.386763606981253,-0.715,0.6618914285714289,-0.01388987008016973,0.21284,-0.2267902439024414,-0.07840000000000001,-0.2918,0.2820851122216689,0.2702972073667308,0.11398257638907319
1150.0,0.4876169296987105,0.9022405103668263,0.9800255028411187,0.7035041587625859,0.5579,0.499,0.4799084338863726,-0.695,0.7025600000000013,0.012574557398745894,0.21801000000000004,-0.21007219512195366,-0.05393333333333337,-0.24820000000000003,0.30972389746421947,0.26930521280599923,0.1139839616583023
1151.0,0.5351391678622688,0.9120095693779906,1.0048618809803345,0.7012987012987006,0.585,0.4800000000000001,0.5878586242189192,-0.6749999999999999,0.7315428571428588,0.04579762729571053,0.20000000000000004,-0.19335414634146592,-0.03333333333333336,-0.19499999999999998,0.33477292489299876,0.26591950691583477,0.11398534519312227
1152.0,0.58878048780488,0.9136538011695908,1.0239736523658305,0.693506493506493,0.6184000000000001,0.46040000000000003,0.6600754147812994,-0.6620999999999999,0.7338761904761926,0.08577933961072419,0.17375000000000002,-0.17663609756097814,-0.01760000000000003,-0.14429999999999998,0.3536828058681451,0.2595828422019993,0.11398672682809735
1153.0,0.6473170731707333,0.90855778841042,1.0373608169976065,0.6857142857142853,0.6586,0.45760000000000006,0.696558805573513,-0.6634,0.7106857142857157,0.13251969434378688,0.1542,-0.1599180487804904,-0.007733333333333365,-0.10819999999999999,0.36784734259873114,0.25212256589864646,0.1139881064150417
1154.0,0.7058536585365867,0.8967215311004786,1.045023374875663,0.6779220779220775,0.7056,0.4716,,-0.6788999999999998,0.6954857142857163,0.18109907567880007,0.14135,-0.14320000000000266,-0.0037333333333333637,-0.08669999999999997,0.3552568123997235,0.23955338488878594,0.11398948384278605
1155.0,0.7643902439024399,0.8781450292397661,1.046961326,0.6701298701298697,0.7594000000000001,0.5024,,-0.7085999999999999,0.6927619047619051,0.2296784570138133,0.13520000000000001,-0.1264819512195149,-0.005600000000000026,-0.07979999999999995,0.36683087245836143,0.24169330469321385,0.11399085902999141
1156.0,0.8229268292682933,0.8528282828282829,1.046961326,0.6623376623376619,0.82,0.55,,-0.7524999999999998,0.6862857142857144,0.27303545475270913,0.13574999999999998,-0.10976390243902714,-0.013333333333333353,-0.08749999999999994,0.37671111506390154,0.2507590007444518,0.1139922318783354
1157.0,0.8742388561816657,0.8232510366826157,1.046961326,0.6545454545454541,0.8747999999999999,0.5993999999999999,,-0.7900999999999999,0.679180952380952,0.28061270031982416,0.13887,-0.09304585365853937,-0.024133333333333347,-0.09609999999999994,0.3829767385576198,0.2609365192830427,0.11399360227487698
1158.0,0.918326324642557,0.7918930356193514,1.046961326,0.6467532467532464,0.9111999999999998,0.6355999999999999,,-0.8008999999999998,0.680933333333333,0.2682504274474127,0.14043,-0.07632780487805163,-0.03520000000000001,-0.09189999999999994,0.3881720270037129,0.2649194088799327,0.11399497011562186
1159.0,0.9551892346509675,0.7587542796384902,1.046961326,0.6389610389610387,0.9292,0.6586000000000001,,-0.7848999999999999,0.6822476190476179,0.23594863613547457,0.14043,-0.05960975609756388,-0.046533333333333336,-0.07489999999999994,0.3915819620871624,0.2610553599962758,0.11399633530340245
1160.0,0.984827586206897,0.7238347687400319,1.0449509565312842,0.631168831168831,0.9287999999999998,0.6683999999999999,,-0.7421,0.6762285714285713,0.18370732638400988,0.13887,-0.04289170731707612,-0.058133333333333335,-0.045099999999999946,0.3925214970722796,0.24889744559738228,0.11399769774751235
1161.0,1.0072413793103454,0.6871345029239767,1.0408797286229403,0.6233766233766233,0.9099999999999999,0.6649999999999999,0.6117300976800889,-0.6725,0.6768919047619028,0.11674888178913596,0.13574999999999998,-0.026173658536588363,-0.07,-0.002499999999999969,0.40739853285203026,0.2284518927051324,0.11399905735128778
1162.0,1.0275464994775343,0.6518081871345031,1.034747642274968,0.6155844155844155,0.8851999999999999,0.6549999999999999,0.6285461538461481,-0.6083,0.703579047619044,0.06563067092651628,0.13155,-0.012350487804880525,-0.08180000000000001,0.041900000000000014,0.40990300921844625,0.21704987446853422,0.11400041400706494
1163.0,1.0373082549634272,0.6210105263157896,1.0265546974873672,0.5952330022918256,0.8667999999999999,0.6449999999999999,0.6308756589815391,-0.5816999999999999,0.7339409523809529,0.014512460063896605,0.12675,-0.0015558048780507168,-0.09320000000000002,0.0771,0.4070449819719104,0.21664000994003818,0.11400176762152023
1164.0,1.0365266457680244,0.5947415204678365,1.016300894260138,0.5623223834988538,0.8548,0.635,0.6205457516339867,-0.5927,0.7072171428571459,-0.02864867993029404,0.12135,0.006210390243901051,-0.1042,0.10310000000000001,0.39518328919997076,0.21921215149124576,0.11400311812949629
1165.0,1.0252016718913255,0.5730011695906434,1.0059966020619961,0.5168525592054998,0.8492,0.625,0.6197518530489112,-0.6413,0.6377314285714313,-0.05022254138832433,0.11535,0.010948097560974777,-0.11480000000000001,0.11989999999999998,0.3780436314673184,0.22625042966672532,0.11400446549100919
1166.0,1.015831357048747,0.5557894736842106,0.9956923098638544,0.4588235294117637,0.8499999999999999,0.615,0.6375790670114195,-0.7274999999999999,0.5734014285714332,-0.05020912431019427,0.10874999999999999,0.012657317073170462,-0.125,0.1275,0.36059395416817164,0.24375399683633184,0.11400580968363336
1167.0,1.011913043478259,0.5410607287449394,0.9853880176657128,0.38823529411764557,0.8530999999999999,0.6081000000000001,0.6740273935215114,-0.8171999999999999,0.4883714285714351,-0.028608428695903833,0.10196999999999998,0.014232926829268031,-0.13620000000000002,0.1302,0.3438993145880619,0.2652293535630743,0.11400715068972438
1168.0,1.0096068233825664,0.5267692307692309,0.975083725467571,0.3176470588235275,0.8543999999999998,0.6073999999999999,0.7021620735473678,-0.8763,0.3766190476190493,0.01457954545454696,0.09542999999999999,0.015808536585365594,-0.1498,0.1323,0.3286932886892303,0.28218195011300873,0.11400848848962221
1169.0,1.0007296304001103,0.5129149797570851,0.9647794332694293,0.25566013071895377,0.8539,0.6129,0.7147668929110106,-0.9047999999999998,0.30248571428571275,0.07139772727272907,0.08913,0.017384146341463163,-0.1658,0.1338,0.31851776106832086,0.29356668898049787,0.11400982305637956
1170.0,0.9998882756764035,0.49949797570850213,0.9544751410712875,0.236679738562092,0.8515999999999998,0.6246,0.7128694462400341,-0.9027,0.31967571428571706,0.12821590909091118,0.08307,0.01895975609756073,-0.1842,0.1347,0.3198094254808934,0.2935178947320519,0.11401115434339507
1171.0,1.000844797415534,0.4865182186234819,0.9441708488731457,0.26070588235294234,0.8474999999999999,0.6425,0.6908614953673771,-0.8699999999999999,0.3833657142857213,0.18055307572098478,0.07725,0.0205353658536583,-0.205,0.135,0.32820038560663173,0.28176536056061063,0.11401248227396327
1172.0,0.9879146261375368,0.48271736127649445,0.933866556675004,0.3093118167621047,0.8434999999999999,0.6635000000000001,0.6458899590605469,-0.821,0.43659428571429226,0.21925355583825298,,0.02211097560975587,-0.22800000000000004,0.13610000000000003,0.3261432462212089,0.27150547310908535,0.11401380675849522
1173.0,0.9733723613847449,0.49683705644201004,0.9235622644768622,0.36407079646017915,0.8414999999999999,0.6845000000000001,,-0.7699999999999999,0.48620380952381714,0.2443173494427159,,0.023686585365853434,-0.253,0.13940000000000002,0.31439747908569426,0.2522629288876526,0.11401512772809841
1174.0,0.9654010695187163,0.5288773041200286,0.9137149204297901,0.41638151425762127,0.8414999999999999,0.7055,,-0.7169999999999999,0.5585066666666746,0.2557444565343735,,0.025262195121951003,-0.27999999999999997,0.1449,0.3314256377151087,0.24108136492448615,0.11401644511511928
1175.0,0.9543363636363631,0.5788381043105503,0.9047835133925146,0.43183874139626355,0.8434999999999999,0.7265,,-0.6619999999999999,0.6063766666666696,0.25353487711322564,,0.026837804878048564,-0.30900000000000005,0.1526,0.3438721331104821,0.23382185900621677,0.11401775881469248
1176.0,0.9360363636363633,0.6467194570135748,0.896768043365036,0.4104424778761058,0.8474999999999999,0.7475,,-0.6049999999999999,0.5999723809523797,0.24216962636738107,,0.028413414634146133,-0.33999999999999997,0.1625,0.3492784408147613,0.22860769389805946,0.11401906871138633
1177.0,0.918096969696969,0.7129425577518458,0.8896685103473541,0.37061946902654813,0.8510666666666665,0.7628000000000001,,-0.5444999999999999,0.5902866666666655,0.23080437562153647,,0.0299890243902437,-0.3692,0.1626,0.3519578138416648,0.2275585385604735,0.11402037470867078
1178.0,0.8976467532467526,0.7579286020481067,0.883484914339469,0.33079646017699044,0.8517666666666666,0.7667,,-0.4789999999999999,0.6091819047619031,0.22001515550958084,,0.03156463414634127,-0.3928,0.1409,0.35304205140232997,0.22835362644691026,0.11402167672259204
1179.0,0.8746857142857136,0.7816775899023578,0.8777603071903111,0.2909734513274328,0.8495999999999999,0.7592000000000001,,-0.4084999999999999,0.641288571428569,0.2112149914538713,,0.03314024390243884,-0.41079999999999994,0.09740000000000001,0.35133003295190357,0.22987550918091176,0.11402297467711468
1180.0,0.8442714285714279,0.7841895213145988,0.8720357000411532,0.2511504424778751,0.8445666666666666,0.7403000000000001,,-0.3329999999999999,0.6542571428571424,0.20440388345440774,,0.03471585365853641,-0.4231999999999999,0.0321,0.343675847081163,0.2303015572705797,0.11402426850795706
1181.0,0.8131168831168825,0.7654643962848299,0.8663110928919953,0.21132743362831743,0.8366666666666667,0.7100000000000001,,-0.25249999999999995,0.6547809523809522,0.1995818315111903,,0.036291463414633976,-0.43,-0.05500000000000001,0.33119668715230144,0.23167188382272905,0.11402555816812514
1182.0,0.7967532467532465,0.73711826625387,0.8605864857428374,0.1715044247787597,0.8196,0.6654,,-0.19429999999999992,0.6626380952380957,0.1967488356242189,,0.03786707317073154,-0.4372,-0.144,0.3159196627911591,0.23717153369369975,0.11402684362694561
1183.0,0.7980519480519485,0.7107671826625388,0.8548618785936796,0.13427105759466035,0.7870666666666667,0.6036,,-0.18569999999999992,0.6661047619047629,0.1953288651596046,,0.039442682926829106,-0.4508,-0.215,0.29635954745773657,0.24212673327821457,0.11402812486686707
1184.0,0.8091948051948042,0.6864111455108362,0.8491372714445216,0.10998589873784954,0.7390666666666666,0.5246000000000001,,-0.2266999999999999,0.6417180952380955,0.19390889469499026,,0.04101829268292668,-0.4708,-0.268,0.2706550496752366,0.24054719181367998,0.11402940188589034
1185.0,0.8041683501683492,0.6640501547987617,0.8434126642953638,0.09864894820832734,0.6756,0.42840000000000006,,-0.3172999999999999,0.5964695238095208,0.1884160715805998,,0.042593902439024244,-0.49720000000000003,-0.30300000000000005,0.23688159510267462,0.23488237651146182,0.11403067470375083
1186.0,0.7951784511784501,0.643684210526316,0.8376880571462058,0.10026020600609371,0.5966666666666666,0.31500000000000006,,-0.4574999999999999,0.5612999999999976,0.16644730732633964,,0.04416951219512181,-0.53,-0.32,0.19760116141477835,0.23295663482861964,0.11403194336464255
1187.0,0.773393939393938,0.6197368421052634,0.831963449997048,0.11481967213114867,0.5196666666666666,0.21070000000000005,,-0.5902,0.5430399999999984,0.12800260193220978,,0.045745121951219374,-0.5618000000000001,-0.32700000000000007,0.1605323183424701,0.2369939584717922,0.11403320792773677
1188.0,0.7399710144927518,0.5866315789473686,0.82592009674499,0.1397377049180339,0.462,0.1418000000000001,,-0.6582999999999999,0.5057999999999938,0.07308195539821019,,0.047320731707316946,-0.5852,-0.332,0.1304235506784012,0.2336384714905416,0.11403446844743702
1189.0,0.7038840579710142,0.5443684210526317,0.8055652266600895,0.16465573770491915,0.42366666666666664,0.10830000000000006,,-0.6617999999999998,0.428979999999992,0.0016853677243409359,,0.04889634146341451,-0.6002000000000001,-0.335,0.10427677876460147,0.21651626679761504,0.1140357249610344
1190.0,0.6911465378421898,0.4929473684210528,0.7708988397423463,0.1895737704918044,0.4046666666666666,0.11020000000000008,,-0.6006999999999999,0.33473333333332567,-0.0821143084396219,,0.050471951219512076,-0.6068,-0.33599999999999997,0.08644530710078539,0.18986867703317814,0.11403697748600404
1191.0,0.680721417069243,0.43236842105263174,0.7219209359917605,0.21449180327868964,0.4049999999999999,0.14750000000000005,,-0.4749999999999998,0.21435999999999308,-0.16591398460358472,,0.052047560975609655,-0.605,-0.3350000000000001,0.07548463997470763,0.16214471322542676,0.11403822601629938
1192.0,0.6726086956521738,0.3733768421052633,0.6586315154083323,0.23940983606557492,0.40249999999999997,0.20250000000000007,,-0.3303999999999999,0.07417789473683374,-0.24478320734916353,,0.03521382113821196,-0.6024,-0.3330000000000001,0.06384624364078127,0.15248301668602543,0.1140394705276259
1193.0,0.6656521739130434,0.3267178947368422,0.5813493240949613,0.2643278688524602,0.375,0.25750000000000006,,-0.21259999999999996,-0.04576105263158309,-0.2997876991248271,,-0.004380569105690457,-0.6065999999999999,-0.331,0.04906145555561294,0.16110328959123812,0.11404071099393027
1194.0,0.6586956521739131,0.2923915789473685,0.5052605037659339,0.2892459016393454,0.3224999999999999,0.3125000000000001,,-0.1215999999999999,-0.07130340557275375,-0.3309274599305755,,-0.046627901813632903,-0.6176,-0.329,0.040154532928478946,0.17133846473717268,0.11404194739040156
1195.0,0.6517391304347826,0.2703978947368422,0.43432382950143883,0.31416393442623064,0.24499999999999997,0.36750000000000005,,-0.057399999999999916,0.011763261093914712,-0.33820248976640865,,-0.09152817698561538,-0.6354,-0.32700000000000007,0.03863974244777781,0.17594751144963855,0.11404317967864105
1196.0,0.6447826086956522,0.2607368421052632,0.3685393013014762,0.3390819672131159,0.1425,0.42250000000000015,,-0.019999999999999914,0.08838548331613408,-0.3216127886323266,-0.43,-0.13908139462163788,-0.6599999999999999,-0.32500000000000007,0.029311421654468952,0.17942916599239486,0.11404440780939722
1197.0,0.6378260869565218,0.25526407894736847,0.307906919166046,0.3640000000000011,0.04239999999999997,0.4750000000000001,,-0.00019999999999991135,0.1341831441348465,-0.2860888099467133,-0.41676,-0.1708782051282052,-0.6813999999999999,-0.32480000000000003,0.026666898173868032,0.19447170839094938,0.11404563173505848
1198.0,0.6308695652173912,0.24583526315789483,0.2524266830951482,0.3889180327868864,-0.02790000000000003,0.5225000000000001,,0.011200000000000088,0.14149542483659844,-0.2505648312611001,-0.40504000000000007,-0.18256730769230778,-0.6895999999999999,-0.3282,0.024583791713148513,0.21069562400995479,0.11404685140300384
1199.0,0.6239130434782609,0.2324503947368422,0.2009052221044394,0.4138360655737717,-0.06840000000000003,0.5650000000000002,,0.014200000000000091,0.08502222222221806,-0.2164345254744922,-0.39484,-0.19425641025641038,-0.6846,-0.33520000000000005,0.019370190347311453,0.22347813552748022,0.11404806675685332
1200.0,0.6008478260869564,0.2151094736842106,0.1568729244980536,0.43875409836065693,-0.07910000000000003,0.6025000000000001,,0.00880000000000009,-0.02922222222222689,-0.19054592813853333,-0.38616,-0.205945512820513,-0.6664000000000001,-0.3458,0.009994393967617195,0.23455240724315615,0.11404927774908144
1201.0,0.5616739130434782,0.1938125000000001,0.1298236269921747,0.46367213114754213,-0.06000000000000005,0.635,,-0.004999999999999907,-0.08184444444445,-0.1728990392532235,-0.379,-0.2176346153846156,-0.635,-0.36,0.006370810325486581,0.24038773014187223,0.11405048433741058
1202.0,0.5063913043478261,0.17099250000000007,0.11975732958680281,0.4885901639344274,-0.03100000000000005,0.653,,-0.03699999999999991,-0.06915555555556094,-0.16349385881856274,-0.37388,-0.22932371794871814,-0.5984,-0.3745333333333333,0.005550868795638486,0.23750862890326274,0.11405168647106348
1203.0,0.43500000000000005,0.1490825000000001,0.12667403228193785,0.5135081967213126,-0.012000000000000049,0.647,,-0.0969999999999999,-0.023688888888891924,-0.16233038683455098,-0.37132,-0.24101282051282075,-0.5646000000000001,-0.38613333333333333,0.0017996739664671408,0.22718711523445043,0.11405288409225486
1204.0,0.3415,0.1280825000000001,0.15057373507757987,0.5384262295081979,-0.00300000000000005,0.617,,-0.1849999999999999,0.02865555555555626,-0.16801495040218298,-0.37132,-0.25270192307692335,-0.5336000000000001,-0.3948,-0.007229414708257936,0.21381040163674456,0.11405407715073715
1205.0,0.242,0.10799250000000009,0.18396727458940593,0.563344262295083,-0.004000000000000048,0.563,,-0.3009999999999999,0.022777777777782025,-0.17369951396981495,-0.37388,-0.2643910256410259,-0.5054000000000001,-0.40053333333333335,-0.025354276627037216,0.2017605358200136,0.11405526561616013
1206.0,0.1365,0.08881250000000009,0.21736081410123198,0.5882622950819684,-0.015000000000000046,0.48500000000000004,,-0.44499999999999984,-0.02559477124182577,-0.17896996473971144,-0.379,-0.2760801282051285,-0.48,-0.4033333333333333,-0.0520635481697215,0.1965175667742296,0.11405644948628596
1207.0,0.025000000000000022,0.07277454545454554,0.250754353613058,0.6131803278688537,-0.027000000000000045,0.40780000000000005,,-0.5781999999999998,-0.06409803921568354,-0.18111503590405525,-0.38808,-0.2877692307692311,-0.4614,-0.39940000000000003,-0.07748743206323795,0.2057875443012679,0.11405762878084796
1208.0,-0.058365079365079266,0.06211068181818191,0.2841478931248841,0.6380983606557388,-0.031000000000000045,0.3562,,-0.6617999999999998,-0.08632156862744862,-0.18013472746284645,-0.40252,-0.2994583333333337,-0.45359999999999995,-0.38493333333333335,-0.09287381879944748,0.2200859686671589,0.11405880351638434
1209.0,-0.10759523809523783,0.05682090909090918,0.3396665928807437,0.6630163934426242,-0.027000000000000045,0.33020000000000005,,-0.6957999999999999,-0.09263986928104692,-0.176029039416085,-0.42232000000000003,-0.3111474358974363,-0.4566,-0.3599333333333333,-0.09608804295988024,0.23015548389005971,0.1140599736806337
1210.0,-0.12269047619047571,0.05690522727272736,0.38936527576801916,0.6879344262295094,-0.015000000000000045,0.32980000000000004,,-0.6801999999999998,-0.06881764705882773,-0.16879797176377093,-0.44748,-0.3228365384615389,-0.4704,-0.32439999999999997,-0.08818471092876448,0.23431235964433036,0.11406113922215133
1211.0,-0.10365079365079288,0.06236363636363644,0.43324394178671055,0.7128524590163947,0.004999999999999958,0.3550000000000001,,-0.6149999999999998,-0.03745294117647564,-0.15885563730363975,-0.47800000000000004,-0.33452564102564153,-0.49499999999999994,-0.2783333333333333,-0.07093398824559403,0.23336133033575826,0.11406230005182451
1212.0,-0.05047619047618931,0.07087750000000008,0.47130259093681764,0.7377704918032799,0.024899999999999957,0.38560000000000005,,-0.5386,-0.007147058823530672,-0.14891330284350857,-0.5089400000000001,-0.34621474358974413,-0.5129999999999999,-0.22393333333333332,-0.04896596801506071,0.22915386012239197,0.11406345605088153
1213.0,0.0026984126984142516,0.08012818181818189,0.5035412232183406,0.7626885245901651,0.03659999999999995,0.40140000000000003,,-0.48939999999999995,0.024376470588234327,-0.13876184425742719,-0.5353600000000001,-0.35790384615384674,-0.5069999999999999,-0.16339999999999996,-0.02847510887442449,0.22725108685490514,0.11406460708584391
1214.0,0.055873015873017816,0.09011568181818189,0.5078346783872458,0.7791075064710964,0.040099999999999955,0.4024,,-0.46739999999999987,0.04735588235293944,-0.12633482390909945,-0.5572600000000001,-0.36959294871794934,-0.477,-0.09673333333333332,-0.012409067609806273,0.22494845864466195,0.11406575302585902
1215.0,0.10904761904762136,0.10084000000000008,0.5177407541014183,0.7833849870578085,0.03539999999999995,0.3886,,-0.4725999999999999,0.03443235294117924,-0.11163224179852531,-0.57464,-0.38128205128205195,-0.42299999999999993,-0.023933333333333313,-0.0005711885488818377,0.2227230482567021,0.11406689375302867
1216.0,0.16222222222222493,0.11230113636363645,0.5334668466611493,0.7755209663503014,0.022499999999999954,0.36000000000000004,,-0.5049999999999999,-0.016826470588235366,-0.09465409792570485,-0.5875,-0.38915522767462457,-0.3449999999999999,0.055000000000000014,0.00716091057993588,0.22414216779637208,0.11406802916452902
1217.0,0.2153968253968285,0.12484772727272735,0.5550129560664389,0.7555154443485753,0.016599999999999955,0.33440000000000003,,-0.5441999999999998,-0.03267352941176384,-0.07540039229063802,-0.58614,-0.3916861074270558,-0.26659999999999995,0.12800000000000003,0.018714568160425507,0.22718466426012066,0.11406915916535926
1218.0,0.26857142857143207,0.13882840909090918,0.582379082317287,0.7233684210526299,0.03289999999999996,0.32960000000000006,,-0.5698,-0.014655882352937766,-0.05408024901927503,-0.56086,-0.3888746905393455,-0.21139999999999998,0.183,0.03609176778854762,0.22504016041395716,0.11407028365275274
1219.0,0.3217460317460356,0.15424318181818192,0.6155652254136936,0.6875789473684193,0.07139999999999995,0.3456,,-0.5817999999999999,0.03490588235294633,-0.032760105747912036,-0.51166,-0.3807209770114937,-0.17939999999999998,0.22000000000000003,0.05960881908233002,0.21644935035049218,0.11407140250556085
1220.0,0.3791238095238147,0.17109204545454554,0.6489587648103916,0.6517894736842089,0.13209999999999994,0.3824000000000001,,-0.5801999999999999,0.17063529411764855,-0.011576043543016685,-0.43854,-0.36722496684350053,-0.1706,0.23900000000000002,0.0936288337949624,0.20113290351160876,0.11407251557819346
1221.0,0.44700952380953024,0.18937500000000013,0.6823523042070894,0.6159999999999984,0.21499999999999994,0.44000000000000006,,-0.5649999999999998,0.3924352941176542,0.007190948209521261,-0.3415,-0.3522025862068959,-0.185,0.24,0.13814438048210126,0.1914530518171481,0.1140736226927949
1222.0,0.5254031746031822,0.21817559523809535,0.7157458436037872,0.5802105263157878,0.3071,,,-0.5445999999999998,0.4843529411764774,0.0235408695097018,-0.24496,-0.33718020557029116,-0.2049,0.2304,0.16304549238498176,0.18551671987551424,0.11407472366160917
1223.0,0.6143047619047705,0.26657738095238104,0.7491925069258363,0.5452862598975299,0.3954,,,-0.5273999999999999,0.49612941176470715,0.03747372035752493,-0.17334000000000002,-0.32215782493368644,-0.21259999999999998,0.21759999999999996,0.1908102817176753,0.17026234406866025,0.1140758183197453
1224.0,0.6987357142857225,0.3345803571428572,0.782829991686955,0.5146880298090346,0.47989999999999994,,,-0.5133999999999999,0.5312588235294069,0.04898950075299066,-0.12664000000000003,-0.3071354442970818,-0.2081,0.2016,0.22004701138774374,0.16386699491163575,0.11407690651352201
1225.0,0.772828571428578,0.42218452380952387,0.8166582978871432,0.4884158360503017,0.5605999999999999,,,-0.5025999999999999,0.553388235294112,0.05822429176256662,-0.10486000000000002,-0.29211306366047707,-0.1914,0.18239999999999998,0.247248654692899,0.16173126165448098,0.11407798808644035
1226.0,0.8302785714285765,0.5293898809523812,0.8506774255264012,0.46646967862133115,0.6375,,,-0.49499999999999994,0.5382823529411704,0.06745908277214256,-0.10800000000000001,-0.27709068302387235,-0.1625,0.16,0.2700602894134309,0.16200145356944423,0.11407906288853337
1227.0,0.8710857142857179,0.634787142857143,0.8848873746047289,0.4488495575221231,0.7040999999999998,,,-0.4927999999999999,0.584682352941169,0.07656313700043202,-0.12116,-0.2620683023872677,-0.13290000000000002,0.1389,0.29484867838059053,0.17722229535069725,0.11408013077798546
1228.0,0.8894000000000014,0.7169670238095239,0.9192350211967749,0.43469026548672485,0.7538999999999999,,,-0.4981999999999999,0.6523437908496672,0.07828093239901888,-0.12944,-0.247045921750663,-0.11410000000000001,0.1236,0.3152406896445074,0.1978687763286033,0.11408119161767115
1229.0,0.8995500000000008,0.7759295238095241,0.9496736114470149,0.4205309734513266,0.7868999999999999,,,-0.5111999999999999,0.6351359477124146,0.07261246896790322,-0.13284,-0.23202354111405832,-0.10610000000000001,0.11410000000000001,0.3229605123347639,0.20802891934113443,0.11408224528788095
1230.0,0.9032000000000003,0.811674642857143,0.9720977510004708,0.4063716814159283,0.8030999999999999,,,-0.5317999999999998,0.5746117647058777,0.059557746707084955,-0.13135999999999998,-0.2170011604774536,-0.1089,0.11040000000000001,0.321267465829341,0.21267253104711922,0.11408329170339133
1231.0,0.9003499999999998,0.8242023809523811,0.9865074398571428,0.39221238938052994,0.8024999999999999,,,-0.5599999999999998,0.5028065359477091,0.03911676561656415,-0.125,-0.20197877984084892,-0.12250000000000001,0.1125,0.3128311579713765,0.21545691295980718,0.11408433081267963
1232.0,0.8819999999999982,0.823024523809524,0.9820501425450064,0.3780530973451317,0.7867999999999999,,,-0.5851999999999998,0.43282222222221733,0.011420262477627296,-0.11925,-0.1869563992042442,-0.1512,0.11750000000000001,0.29786008441152506,0.21556992707042225,0.11408536259028666
1233.0,0.8529999999999973,0.8176528571428573,0.9512596528965519,0.36389380530973336,0.7576999999999999,,,-0.5967999999999998,0.38335555555555134,-0.016276240661309567,-0.1196,-0.1719340185676395,-0.1993,0.12250000000000001,0.2790590646182319,0.21153250493307996,0.11408638703179201
1234.0,0.8139999999999963,0.8080873809523812,0.8980450272535856,0.34973451327433513,0.7152,,,-0.5947999999999999,0.3555777777777761,-0.043972743800246426,-0.12605,-0.15691163793103483,-0.26680000000000004,0.1275,0.25690562343915274,0.2039262552360735,0.11408740414852282
1235.0,0.7649999999999955,0.7943280952380953,0.8320985727970805,0.3446435788446795,0.6593,,,-0.5791999999999999,0.3382666666666658,-0.07042406716198102,-0.1386,-0.14188925729443014,-0.3537,0.1325,0.23213172940276217,0.1943876112465389,0.11408841396373871
1236.0,0.7163499999999956,0.776375,0.7558478262115108,0.3496285973102925,0.5900000000000001,,,-0.5499999999999999,0.340955555555554,-0.09560102784108108,-0.15725000000000003,-0.12686687665782542,-0.45999999999999996,0.1375,0.20668301986012394,0.18714047695676925,0.11408941650925314
1237.0,0.6781999999999966,0.748225,0.6801453229689007,0.3646895686711741,0.516,,,-0.5219999999999998,0.3384643274853789,-0.11950362583754663,,-0.11184449602122074,-0.5635333333333333,0.13090000000000002,0.1773729992252836,0.19260821074328144,0.11409041182417927
1238.0,0.6515499999999976,0.703875,0.6124572692367597,0.3898264929273243,0.446,,,-0.5099999999999998,0.2956280701754385,-0.14213186115137766,,-0.09682211538461605,-0.6421333333333333,0.1011,0.1473372500013603,0.18704549784196367,0.11409139995604187
1239.0,0.6363999999999987,0.6433250000000001,0.5527836650150881,0.42503937007874304,0.38,,,-0.5139999999999999,0.25163918128654833,-0.16348573378257414,,-0.08179973474801136,-0.6958,0.04809999999999999,0.11759654321768752,0.17864435048095392,0.11409238095720639
1240.0,0.6336260355029585,0.566575,0.4955375974778903,0.4612598425196879,0.31799999999999995,,,-0.5339999999999998,0.2477614035087702,-0.18481042350833837,,-0.06677735411140664,-0.7245333333333334,-0.028100000000000035,0.09053627232736348,0.16980847463824247,0.11409335487830843
1241.0,0.6329754437869821,0.4736250000000001,0.36338842673367167,0.4974803149606326,0.2599999999999999,,,-0.5699999999999998,0.2456836257309923,-0.20613511323410263,,-0.05175497347480196,-0.7283333333333333,-0.12750000000000003,0.054617238064982795,0.16989346000058592,0.11409432177322967
1242.0,0.633298224852071,0.3722475000000001,0.2272320311651416,0.5337007874015773,0.19999999999999996,,,-0.6119999999999999,0.22994152046783528,-0.22263459281938366,,-0.03673259283819726,-0.7199333333333333,-0.22936666666666672,0.01701028234307402,0.1833166145720916,0.1140952817108176
1243.0,0.634594378698225,0.2702150000000001,0.08728515812443813,0.5699212598425221,0.13199999999999995,,,-0.65,0.22447936507936359,-0.23401720056958175,,-0.021710212201592572,-0.7120666666666666,-0.3129666666666667,-0.01826412334683538,0.2120368839559375,0.11409623476895467
1244.0,0.636863905325444,0.1675275000000001,-0.037205276653591295,0.6061417322834668,0.05599999999999994,,,-0.6839999999999999,0.21608412698412574,-0.24028293648469684,,-0.0066878315649878785,-0.7047333333333332,-0.3783,-0.05065744417261846,0.24616123763250453,0.11409718102087335
1245.0,0.6392307692307695,0.06418500000000009,-0.1462392731689467,0.6423622047244116,-0.028000000000000063,,,-0.7139999999999999,0.17125281385281235,-0.2414318005647289,,-0.027741312997348423,-0.6979333333333333,-0.42536666666666667,-0.08657467012529645,0.2745352791658,0.11409812053626034
1246.0,0.6415976331360949,-0.03981249999999991,-0.1649137282146073,0.6785826771653565,-0.12000000000000006,,,-0.74,0.11357099567099371,-0.23746379280967797,,-0.05313715451607427,-0.6916666666666667,-0.4541666666666667,-0.1141862704869526,0.288051647415308,0.11409905338161906
1247.0,0.6439644970414202,-0.12622583333333323,-0.16412452017328238,0.713489923929002,,,,-0.7639999999999999,0.0644709956709935,-0.23320412336002722,,-0.08287535612116544,-0.6831333333333334,-0.47219999999999995,-0.11595946222362959,0.30900326519131927,0.11409997959008128
1248.0,0.6463313609467456,-0.17681583333333323,-0.1440883963971101,0.7418310423061537,,,,-0.7879999999999999,0.023880519480517455,-0.2289444539103765,,-0.11695591781262189,-0.6695333333333333,-0.4869666666666667,-0.1255018551276595,0.31206109357053535,0.114100899149873
1249.0,0.6486982248520711,-0.1915824999999999,-0.12476752980248425,0.7636060322968111,,,,-0.8119999999999999,-0.010090909090910366,-0.22315102801917774,,-0.15537883959044368,-0.6508666666666667,-0.4984666666666667,-0.13097567552440367,0.311290031686116,0.11410181203714145
1250.0,0.6510650887573967,-0.17052583333333324,-0.10869060706720202,0.7788148939009748,,,,-0.836,-0.0313636363636371,-0.21565380692519304,,-0.16206825938566552,-0.6271333333333333,-0.5067,-0.12840123663065628,0.3101001461343133,0.11410271822111816
1251.0,0.653431952662722,-0.11364583333333322,-0.0958576281912634,0.7874576271186442,,,,-0.86,-0.04254545454545495,-0.2064527906284223,-0.51325,-0.16875767918088735,-0.5983333333333334,-0.5116666666666667,-0.12122543113239038,0.2896187486714831,0.11410361764993578
1252.0,0.6557988165680475,-0.04835555555555547,-0.0862685931746684,0.7908474576271187,,,,-0.8841999999999999,-0.1012545454545414,-0.19554797912886562,-0.5245,-0.17544709897610922,-0.5675333333333332,-0.5074666666666667,-0.11888976676844303,0.2856051117098734,0.11410451026134924
1253.0,0.6581656804733729,-0.0020680555555554732,-0.079923502017417,0.7942372881355932,,,,-0.9087999999999999,-0.22359999999999017,-0.18293937242652297,-0.52365,-0.18213651877133108,-0.5378000000000001,-0.48819999999999997,-0.12187040150183183,0.2889407720785594,0.11410539600252356
1254.0,0.6605325443786982,0.025216666666666755,-0.07610709753796278,0.797627118644068,,,,-0.9338,-0.3277636363636293,-0.17016072696294232,-0.5107,-0.18882593856655294,-0.5091333333333334,-0.4538666666666667,-0.12280372782726853,0.29787403300611554,0.1141062748326656
1255.0,0.6628994082840237,0.03349861111111121,-0.07229069305850858,0.8010169491525424,,,,-0.9591999999999998,-0.3670181818181719,-0.15738208149936167,-0.48565,-0.1955153583617748,-0.4815333333333333,-0.40446666666666664,-0.11722738932258538,0.30476905561562906,0.11410714670679238
1256.0,0.6652662721893492,0.022777777777777886,-0.06847428857905435,0.804406779661017,,,,-0.985,-0.3705116883116787,-0.14506903702426377,-0.4485,-0.20220477815699667,-0.45499999999999996,-0.34,-0.10783353625474076,0.3106821485712721,0.11410801156393904
1257.0,0.6236303515489048,0.013666666666666794,-0.06465788409960013,0.8077966101694916,,,,-1.0076,-0.324802597402592,-0.13329915749139967,-0.4107833333333334,-0.20889419795221847,-0.4314,-0.278,-0.09801849802294366,0.31023389631273396,0.11410886933090901
1258.0,0.5550279979819871,0.02677777777777791,-0.05441564229458271,0.8111864406779663,,,,-1.0234,-0.21190259740259804,-0.12207244290076935,-0.38403333333333334,-0.21558361774744034,-0.4126,-0.23600000000000004,-0.08462503214539017,0.3023516820744692,0.1141097199277687
1259.0,0.4992106986002967,0.06211111111111126,-0.03215172626991305,0.8145762711864407,,,,-1.0324,-0.10500259740259574,-0.1113888932523728,-0.36825,-0.2222730375426622,-0.3986,-0.21400000000000002,-0.07018437362981768,0.29513704794859413,0.11411056326751845
1260.0,0.45617845340383356,0.11966666666666681,0.0021338639744088424,0.8179661016949152,,,,-1.0346,-0.054851948051953106,-0.10124850854621006,-0.36343333333333333,-0.22896245733788406,-0.3894,-0.21200000000000002,-0.05931009980798684,0.2880159444766207,0.11411139926175498
1261.0,0.4259312623925977,0.1994444444444446,0.04844112843838296,0.8213559322033899,,,,-1.0299999999999998,0.0018623376623309984,-0.09118568779379832,-0.3695833333333333,-0.23565187713310592,-0.385,-0.22999999999999998,-0.046204157225217334,0.27846281309564463,0.11411222782584939
1262.0,0.4524719101123589,0.2880444444444446,0.10677006712200932,0.8247457627118644,,,,-1.0165,0.108862337662331,-0.08112286704138658,-0.37631,-0.24234129692832776,-0.3804,-0.2511,-0.02097632529772776,0.2680259806751225,0.11411304886431786
1263.0,0.5187640449438206,0.3720666666666668,0.17069484269972468,0.8281355932203389,,,,-0.9919999999999998,0.2159744588744525,-0.0655131326535663,-0.37322333333333335,-0.24903071672354962,-0.3706,-0.2584,0.012091680666932288,0.25999175093384785,0.11411386225235598
1264.0,0.5850561797752822,0.45151111111111125,0.23461961827744005,0.8315254237288136,,,,-0.9564999999999998,0.3145714285714226,-0.04374631797336286,-0.3603233333333333,-0.25572013651877146,-0.3556,-0.25189999999999996,0.0481485488436639,0.2548129484374058,0.11411466783890842
1265.0,0.651348314606744,0.5263777777777779,0.2985443938551554,0.8296804378531073,,,,-0.9099999999999999,0.41782857142857,-0.01582242300077627,-0.33761,-0.2624095563139933,-0.33540000000000003,-0.23160000000000003,0.08791614362257141,0.2512874896272093,0.11411546545818924
1266.0,0.7176404494382057,0.5966666666666667,0.3624691694328708,0.8173658192090393,,,,-0.8524999999999998,0.4934666666666666,0.01825855226419347,-0.30508333333333326,-0.2690989761092152,-0.30999999999999994,-0.1975,0.12798409798879956,0.2443627092035497,0.1141162549356137
1267.0,0.7844670513209883,0.6615833333333334,0.4434071216170432,0.7945815677966097,,,,-0.7972999999999999,0.5071030303030317,0.058496607821546365,-0.26666333333333336,-0.27578839590443704,-0.28309999999999996,-0.1581,0.16407518605422575,0.22967180735693662,0.11411703609681767
1268.0,0.8526298208320731,0.7203333333333334,0.5190021074378776,0.7613276836158185,,,,-0.7577,0.49661818181818546,0.09651251419139921,-0.22626999999999997,-0.2824778156996589,-0.2584,-0.12190000000000001,0.19416508083370265,0.21783595814000026,0.11411780877981136
1269.0,0.9221287579714599,0.7729166666666667,0.5892541268953738,0.7176041666666654,,,,-0.7337,0.4967705627705644,0.1240500045624521,-0.1839033333333333,-0.28916723549488077,-0.2359,-0.0889,0.2206630709406063,0.2139290792162207,0.11411857284012869
1270.0,0.9929638627391487,0.8193333333333334,0.6568916106409987,0.6686458333333316,,,,-0.7253,0.5137610389610393,0.14110907893470503,-0.13956333333333332,-0.29585665529010263,-0.2156,-0.05910000000000001,0.2448568029964383,0.21928610502912638,0.1141193281473014
1271.0,1.054070434070438,0.8595833333333335,0.7220484314692223,0.619687499999998,,,,-0.7324999999999999,0.5129419913419916,0.147689737308158,-0.09325000000000001,-0.30254607508532444,-0.1975,-0.032499999999999994,0.263078674189047,0.22973525255834204,0.11412007458372966
1272.0,1.1001719901719926,0.8894166666666667,0.767379923738703,0.5707291666666641,,,,-0.7318,0.49593419913419573,0.14379197968281104,-0.051890000000000006,-0.30923549488054636,-0.1828,-0.011199999999999998,0.27423986316565335,0.2384065960953811,0.11412081205088438
1273.0,1.130466830466832,0.9045833333333334,0.8098491134567387,0.5217708333333303,,,,-0.6996999999999999,0.4916380952380909,0.13224812190313875,-0.022410000000000006,-0.31592491467576816,-0.17270000000000002,0.002700000000000001,0.28351467969976335,0.2398927570681084,0.11412154046989852
1274.0,1.1434005877535287,0.9050833333333335,0.8494560006233296,0.47281249999999647,,,,-0.6361999999999999,0.49575238095237867,0.11911392780601744,-0.004810000000000004,-0.32261433447099,-0.16720000000000002,0.009200000000000002,0.29092131451266323,0.233686883788393,0.11412225977352561
1275.0,1.1366417112299456,0.8909166666666668,0.8834721545870087,0.43633038348082326,,,,-0.5412999999999999,0.47681904761904637,0.10349327917880066,0.0009099999999999997,-0.3277460750853244,-0.1663,0.008299999999999998,0.2943342937562425,0.21766704151396898,0.11412296990346901
1276.0,1.1212549019607834,0.8620833333333333,0.9117637025533061,0.4137107300884937,,,,-0.4149999999999999,0.44826666666666604,0.08538617602148839,-0.005249999999999998,-0.3306525597269625,-0.16999999999999998,-1.3877787807814458e-18,0.2961548195035281,0.19618855119705936,0.1141236708119751
1277.0,1.101982174688056,0.829275,0.9346621335571059,0.40495353982300786,,,,-0.3072999999999999,0.44030476190476264,0.06479261833408065,-0.020636666666666664,-0.3313337883959044,-0.1776,-0.014800000000000002,0.29640362153510397,0.18127523098592715,0.11412436245949638
1278.0,1.078823529411764,0.8031833333333334,0.9538886504425432,0.4100588126843657,,,,-0.2681999999999999,0.4224190476190479,0.0417126061165774,-0.04259666666666666,-0.32978976109215,-0.18839999999999998,-0.035199999999999995,0.289276328680956,0.17315818086922122,0.11412504481760988
1279.0,1.0466627450980401,0.7838083333333333,0.959376110307454,0.4290265486725673,,,,-0.2976999999999999,0.3651714285714299,0.017736477985724496,-0.07113,-0.32602047781569937,-0.2024,-0.0612,0.27086102089041364,0.165180275438536,0.11412571788246369
1280.0,0.9922666666666691,0.7711500000000001,0.9511245131518378,0.4493805309734519,,,,-0.3957999999999998,0.2860190476190493,-0.006239394667704448,-0.10623666666666665,-0.32158361774744,-0.21959999999999996,-0.0928,0.24034737663371794,0.16164689447474537,0.11412638168729991
1281.0,0.9156352941176509,0.7652083333333334,0.9291338589756947,0.4697345132743365,,,,-0.5624999999999998,0.2042952380952398,-0.03021501184370944,-0.14791666666666664,-0.3171467576791806,-0.24,-0.12999999999999998,0.1993062604771272,0.17314795321785528,0.11412703630588461
1282.0,0.8227868092691665,0.7529416666666667,0.8934041477790247,0.4900884955752211,,,,-0.7472999999999999,0.14426666666666949,-0.05419037354229048,-0.1918,-0.3127098976109212,-0.26480000000000004,-0.1673,0.15468432531320342,0.1970758550863808,0.11412768184444777
1283.0,0.7277636363636406,0.7213083333333332,0.8476072936801904,0.5104424778761057,,,,-0.8996999999999998,0.11614285714286006,-0.07816547976344757,-0.23351666666666668,-0.30827303754266183,-0.2952,-0.1992,0.113213588915005,0.2189145547271507,0.11412831842241312
1284.0,0.6372363636363667,0.6703083333333333,0.8018104395813561,0.5307964601769904,,,,-1.0196999999999998,0.07810476190476257,-0.10214033280647752,-0.2730666666666667,-0.30383617747440245,-0.3312,-0.2257,0.07261393139336031,0.23679447513222873,0.11412894615665331
1285.0,0.5667696969696988,0.5999416666666667,0.7560135854825218,0.5511504424778749,,,,-1.1073,0.01644761904762033,-0.12631519793249943,-0.31045,-0.29939931740614306,-0.3728,-0.2468,0.03303623263158555,0.24867578074447788,0.11412956515945814
1286.0,0.5063814616755796,0.5102083333333333,0.7102167313836876,0.5700487890079169,,,,-1.1624999999999999,-0.025323809523808437,-0.15101905560809029,-0.3456666666666667,-0.2949624573378837,-0.42000000000000004,-0.2625,-0.0026342372812937077,0.25248036533911805,0.11413017553773164
1287.0,0.45005347593582823,0.41578888888888893,0.6644198772848533,0.586521075919887,,,,-1.1914,-0.05804761904761777,-0.1762519058332501,-0.38038666666666665,-0.2905255972696243,-0.46355,-0.27364999999999995,-0.03462621883145458,0.25182149269300336,0.11413077738803831
1288.0,0.38374331550801966,0.3313638888888889,0.618623023186019,0.6005673032137856,,,,-1.2000999999999997,-0.09825714285714238,-0.2020137486079788,-0.41628,-0.2860887372013649,-0.49420000000000003,-0.2811,-0.06432745765709746,0.2504000612561353,0.11413137079568668
1289.0,0.30745098039215374,0.25693333333333335,0.5728261690871849,0.6121874708896125,,,,-1.1885999999999999,-0.11223809523809325,-0.22830458393227646,-0.4533466666666667,-0.2816518771331055,-0.51195,-0.28484999999999994,-0.08867301869328698,0.24715514028149072,0.11413195583466379
1290.0,0.22117647058823064,0.19249722222222224,0.5225133767883571,0.6213815789473678,,,,-1.1568999999999998,-0.09400259740259646,-0.2549243997231511,-0.4915866666666666,-0.2772150170648461,-0.5167999999999999,-0.28490000000000004,-0.10751090624267104,0.24301008616832706,0.11413253256337834
1291.0,0.17316821465427967,0.13805555555555557,0.4656172867020282,0.6296052631578941,,,,-1.105,-0.08608571428571325,-0.27085711599916346,-0.5309999999999999,-0.2727781569965867,-0.50875,-0.28125,-0.11937587305181863,0.23582413706234737,0.11413310102045778
1292.0,0.16767801857584888,0.0951416666666667,0.4021378988281984,0.6378289473684206,,,,-1.043,-0.09785714285714237,-0.2724099890097507,-0.56329,-0.2683412969283273,-0.49565000000000003,-0.27575,-0.1252156212467623,0.22622790827081138,0.11413366122288941
1293.0,0.18315701017248848,0.06528888888888892,0.33207521316686756,0.6460526315789468,,,,-0.9809999999999999,-0.11052380952380902,-0.2595830187549128,-0.58016,-0.2639044368600679,-0.48534999999999995,-0.27025,-0.12618704160817246,0.21778307412265552,0.11413421316739292
1294.0,0.21960518944419843,0.04849722222222227,0.2554292297180357,0.6542763157894731,,,,-0.9189999999999999,-0.10956623376623495,-0.2323762052346498,-0.5816100000000001,-0.25946757679180854,-0.47784999999999994,-0.26475,-0.12097018136155115,0.21072577313232346,0.11413475683210283
1295.0,0.27702255639097867,0.04476666666666672,0.17671588668169644,0.6624999999999994,,,,-0.8569999999999999,-0.07909350649350963,-0.1907895484489617,-0.5676400000000001,-0.25503071672354916,-0.47314999999999996,-0.25925000000000004,-0.10770987257136166,0.20592452516590223,0.11413529217367337
1296.0,0.31714285714285717,0.054097222222222296,0.1197853750696621,0.670723684210526,,,,-0.7949999999999999,-0.02221991341991681,-0.14594560582062552,-0.53825,-0.25059385665528977,-0.47124999999999995,-0.25375,-0.08901092487353307,0.20465885740515088,0.11413581912517759
1297.0,0.33571428571428574,0.07805277777777786,0.08718444219547528,0.6789473684210522,,,,-0.7329999999999999,0.04024675324674962,-0.10500711528121102,-0.50441,-0.24615699658703036,-0.472,-0.24219999999999997,-0.06786258371556363,0.20515539968127156,0.11413633760161676
1298.0,0.3542857142857143,0.11819722222222231,0.07891308805913598,0.6871710526315786,,,,-0.6709999999999999,0.10604675324674961,-0.06797407683071828,-0.4770899999999999,-0.24172013651877097,-0.47524999999999995,-0.21854999999999997,-0.04280275629658068,0.20445012401798404,0.11413684750610611
1299.0,0.3728571428571429,0.17453055555555566,0.09497131266064422,0.6953947368421048,,,,-0.609,0.16201038961038733,-0.034846490469147236,-0.45629,-0.2372832764505116,-0.481,-0.1828,-0.015028687795647543,0.20110122787259824,0.11413734873097987
1300.0,0.3949642857142857,0.24705277777777787,0.135359116,0.7036184210526313,,,,-0.5469999999999999,0.19079220779220743,-0.005624356196497914,-0.44200999999999996,-0.2328464163822522,-0.48925,-0.13495000000000001,0.014204190854532082,0.19372753936399076,0.11413784115970056
1301.0,0.42060714285714285,0.33576388888888903,0.1802711410462934,0.7118421052631576,,,,-0.485,0.2129160173160171,0.02012778389514437,-0.43425,-0.2284095563139928,-0.5,-0.07500000000000002,0.04500078059948656,0.18897620189411052,0.11413832466999702
1302.0,0.4497857142857143,0.4266293333333334,0.24407436849038516,0.7200657894736839,,,,-0.4236999999999999,0.2522779220779227,0.04617266430460496,-0.42369,-0.22397269624573343,-0.5053,-0.016900000000000026,0.08014392357832835,0.18534964992747394,0.1141387991323707
1303.0,0.48250000000000004,0.5056145555555557,0.32676879833227535,0.7282894736842104,,,,-0.3637999999999999,0.2897415584415589,0.072826278999402,-0.40101,-0.21953583617747402,-0.49720000000000003,0.025399999999999968,0.11688499022520266,0.17844808779019214,0.11413926440757512
1304.0,0.51875,0.5727195555555556,0.42571779804261656,0.7365131578947367,,,,-0.3052999999999999,0.3228415584415588,0.10008862797953548,-0.36621,-0.21436450511945337,-0.47570000000000007,0.05189999999999996,0.15482693240329548,0.16746453325012553,0.11413972034933025
1305.0,0.5549999999999999,0.6279443333333334,0.5309638651958648,0.744736842105263,,,,-0.24819999999999984,0.3540779220779224,0.12795971124500544,-0.31928999999999996,-0.20735699658703002,-0.4408,0.06259999999999996,0.19307052191018725,0.15414695564309647,0.11414016680819215
1306.0,0.5912499999999999,0.671288888888889,0.6405295253986253,0.7529605263157894,,,,-0.1924999999999998,0.36757142857142916,0.1564395287958118,-0.26025,-0.198513310580204,-0.3925,0.05749999999999994,0.22999242282109475,0.13841419604852412,0.11414060363488236
1307.0,0.6275000000000001,0.703147797979798,0.7303102347017364,0.7611842105263158,,,,-0.15169999999999978,0.3652727272727261,0.1852353403141363,,-0.18783344709897518,-0.34049999999999997,0.04359999999999993,0.2680459991139168,0.1297887807926457,0.11414103068177281
1308.0,0.6637500000000001,0.7239156363636364,0.784598382000539,0.7694078947368421,,,,-0.1392999999999998,0.38159090909090654,0.20373598816051727,,-0.1753174061433437,-0.2945,0.027899999999999932,0.28900245316525275,0.12064304886125761,0.11414144781586709
1309.0,0.7,0.7335924040404042,0.8060305998243804,0.7776315789473685,,,,-0.1552999999999998,0.4216545454545438,0.20852620362982593,,-0.16169965870307074,-0.2545,0.010399999999999944,0.3030578800636882,0.1119942438381543,0.1141418549394681
1310.0,0.73625,0.7321781010101012,0.8045643905988044,0.7858552631578949,,,,-0.19969999999999982,0.4553090909090892,0.19960598672206237,,-0.1480819112627978,-0.22049999999999997,-0.00890000000000003,0.3080824048578584,0.1050238301624831,0.11414225199015941
1311.0,0.7725000000000001,0.7196727272727272,0.7801997543238113,0.7940789473684212,,,,-0.27249999999999985,0.48005454545454296,0.17697533743722654,,-0.13446416382252482,-0.19249999999999998,-0.029999999999999992,0.30382602754776344,0.10466376588651892,0.1141426389358787
1312.0,0.8087500000000001,0.7005735000000001,0.7401275069441591,0.8023026315789474,,,,-0.3458999999999998,0.47625454545454227,0.14063425577531846,,-0.12084641638225188,-0.17309999999999998,-0.04919999999999996,0.29238391508141454,0.11059909249551195,0.11414301577538402
1313.0,0.845,0.6793776363636365,0.702302389543853,0.8105263157894738,,,,-0.39209999999999984,0.4271818181818152,0.10087790540828165,,-0.10722866894197894,-0.1649,-0.06279999999999994,0.2782480523788512,0.11469955533379556,0.11414338253093771
1314.0,0.88125,0.6560851363636365,0.6687707272088368,0.8187500000000003,,,,-0.4110999999999999,0.3699462450592862,0.06112155504124488,,-0.09361092150170597,-0.1679,-0.07079999999999993,0.26567558696147286,0.11905787439324372,0.11414373923499843
1315.0,0.9175000000000001,0.6306960000000001,0.6395325199391099,0.8269736842105265,,,,-0.4028999999999998,0.34678972332015773,0.02458031302540057,,-0.07999317406143303,-0.18209999999999998,-0.07319999999999993,0.2592122193877192,0.12368648804526784,0.11414408591498997
1316.0,0.9501666666666667,0.6032102272727273,0.6145877677346726,0.8326184210526313,,,,-0.3674999999999998,0.3370745718050053,-0.007419815500059465,,-0.06637542662116006,-0.20750000000000002,-0.06999999999999995,0.25631055398539143,0.1264101825088994,0.11414442258392678
1317.0,0.9792500000000001,0.5765587121212122,0.5939364705955248,0.8253684210526309,,,,-0.32549999999999985,0.32293517786561304,-0.03487883053513522,,-0.052757679180887106,-0.24159999999999998,-0.06896666666666665,0.25185887326957224,0.12918333286567898,0.11414474924532172
1318.0,1.00475,0.5536723484848486,0.57533149854232,0.8052236842105256,,,,-0.2974999999999999,0.3216385869565227,-0.0577967320798267,,-0.039139931740614156,-0.2819,-0.07786666666666664,0.24506559151505397,0.13426863017588583,0.11414506590494927
1319.0,1.0266666666666666,0.5345511363636364,0.5520425080396213,0.7721842105263149,,,,-0.2834999999999998,0.3360434782608698,-0.07617352013413389,,-0.02552218430034121,-0.32839999999999997,-0.09669999999999998,0.23554354228660643,0.14179292235185434,0.11414537257698701
1320.0,1.0450000000000002,0.5191950757575758,0.5223610388378306,0.7262499999999992,,,,-0.28349999999999986,0.3051999999999983,-0.09322430304924925,,-0.011904436860068257,-0.3811,-0.12546666666666667,0.21670538354628502,0.1509238451582647,0.11414566929108544
1321.0,1.0633333333333332,0.5076041666666667,0.486287090936948,0.67,,,,-0.2974999999999999,0.24104583333333354,-0.11027508596436461,-0.17150000000000004,0.0017133105802046966,-0.44000000000000006,-0.1641666666666667,0.19297109507828691,0.15606715863249987,0.11414595610029347
1322.0,1.0806315789473686,0.49648000000000003,0.4438206643369734,0.6137500000000008,,,,-0.3130999999999998,0.2006000000000001,-0.1265632609104694,-0.22894,0.01533105802047765,-0.4963,-0.20780000000000004,0.16491364582145926,0.17196083649286398,0.11414623307859958
1323.0,1.0968947368421056,0.4825241666666667,0.394961759037907,0.5575000000000015,,,,-0.31789999999999985,0.2018875000000008,-0.14171355467332955,-0.27206,0.028948805460750605,-0.5412,-0.2513666666666667,0.14314698275537607,0.18886117170299976,0.11414650030688606
1324.0,1.1121228070175442,0.46573666666666674,0.3443943934892427,0.5012500000000024,,,,-0.31189999999999984,0.1872200000000034,-0.15572596725294505,-0.30086,0.042566552901023555,-0.5747,-0.2948666666666667,0.12285253179968834,0.20612431302622522,0.11414675785818637
1325.0,1.1250202429149798,0.44611750000000006,0.29382702794057847,0.4450000000000031,,,,-0.29509999999999986,0.12060666666667337,-0.16860049864931592,-0.31534000000000006,0.05618430034129651,-0.5968,-0.3383,0.10079593662326514,0.22351345121405494,0.11414700579963348
1326.0,1.1304048582995954,0.42366666666666675,0.24325966239191432,0.3970929203539849,,,,-0.2674999999999998,0.02909416666667556,-0.18033714886244215,-0.3155,0.06980204778156947,-0.6075,-0.3816666666666667,0.07972332457027256,0.24190743897869815,0.1141472441998598
1327.0,1.1293117408906885,0.39408848484848497,0.1932634874745232,0.3630907079646037,,,,-0.24529999999999985,-0.07467904761903967,-0.1916985258613343,-0.31284666666666666,0.08341979522184242,-0.6112,-0.4204666666666667,0.058465761202557844,0.26148354011839015,0.1141474731280431
1328.0,1.0437408906882688,0.3530872727272728,0.155479808147834,0.34299336283185944,,,,-0.24469999999999983,-0.14495047619046306,-0.2030599028602264,-0.31888666666666665,0.09703754266211537,-0.6123,-0.4502,0.032216535907426826,0.26095878473109446,0.11414769265771266
1329.0,0.8684861538461626,0.30066303030303043,0.12990862441184658,0.3368008849557523,,,,-0.26569999999999994,-0.23159047619046774,-0.21293295384195138,-0.33361999999999997,0.11065529010238832,-0.6108,-0.47086666666666666,-0.003896004494382273,0.24858113163427276,0.11414790288031862
1330.0,0.7140287179487257,0.23681575757575768,0.11654993626656103,0.3445132743362821,,,,-0.3082999999999999,-0.2526342857142803,-0.22043907413479694,-0.3570466666666666,0.12427303754266128,-0.6067,-0.48246666666666665,-0.032296900533702,0.2358794656737629,0.1141481039025959
1331.0,0.5855507692307759,0.16154545454545463,0.1154037437119773,0.357787610619468,,,,-0.3724999999999999,-0.21523428571428255,-0.22557826373876316,-0.38916666666666666,0.13789078498293422,-0.6,-0.485,-0.053923708126127415,0.222689683321513,0.11414829582109802
1332.0,0.48305230769231305,0.08744666666666677,0.12589885611682225,0.37106194690265387,,,,-0.4450999999999999,-0.12051999999999852,-0.22835052265385003,-0.42169,0.1515085324232072,-0.59045,-0.4816,-0.06660019538277134,0.2132458696627101,0.11414847870667742
1333.0,0.4845333333333284,0.027113939393939506,0.13639396852166724,0.3843362831858398,,,,-0.5128999999999999,-0.10980571428571599,-0.22875585088005757,-0.4463266666666666,0.16451194539249095,-0.5778,-0.47539999999999993,-0.0743598816694067,0.21603621648470148,0.11414865260501265
1334.0,0.5951999999999951,-0.01945272727272715,0.1468890809265122,0.39761061946902576,,,,-0.5759,-0.14814285714285863,-0.228282574434553,-0.46307666666666664,0.1713720136518771,-0.5620499999999999,-0.4664,-0.07419027707524495,0.22499783901436007,0.11414881753909892
1335.0,0.7058666666666616,-0.05225333333333319,0.15738419333135717,0.41088495575221157,,,,-0.6340999999999999,-0.21342857142857205,-0.2278092979890484,-0.4719399999999999,0.17208873720136564,-0.5431999999999999,-0.45459999999999995,-0.07408787146887788,0.24123598155744225,0.1141489735144537
1336.0,0.8165333333333283,-0.07128787878787864,0.23733447313278985,0.4241592920353975,,,,-0.6874999999999998,-0.1525670329670366,-0.22611506357199063,-0.4729166666666666,0.16666211604095663,-0.52125,-0.44000000000000006,-0.05370976034630903,0.24428822270725117,0.11414912051272884
1337.0,0.9102500900900861,-0.06779090909090893,0.33522185416034966,0.436459536562645,,,,-0.7148999999999999,-0.06580989010988984,-0.2223362159202514,-0.4720766666666666,0.15509215017064995,-0.49775,-0.42200000000000004,-0.026318180651116848,0.24443716440883137,0.11414925847485975
1338.0,0.9827794594594564,-0.03299696969696954,0.45104633641403674,0.44551280857009745,,,,-0.6950999999999998,0.010354945054941656,-0.21647275503383065,-0.47549,0.1379931740614349,-0.47424999999999995,-0.4,0.0063197329518970705,0.2383843731034746,0.11414938730796742
1339.0,1.0341214414414392,0.033093939393939543,0.5748597654095157,0.4513191080577548,,,,-0.6280999999999999,0.1615967032967,-0.20852468091272836,-0.48315666666666673,0.12089419795221985,-0.45074999999999993,-0.374,0.05159035196489774,0.2267826520620997,0.11414950689353238
1340.0,1.0642760360360348,0.1304818181818183,0.6952384303389476,0.45387843502561714,,,,-0.5138999999999998,0.34847802197801764,-0.19849199355694455,-0.49507666666666666,0.1037952218430048,-0.4272499999999999,-0.34400000000000003,0.1048699424383209,0.21909002934397098,0.11414961708013775
1341.0,1.073243243243243,0.2591666666666668,0.7427271638057444,0.4531907894736843,,,,-0.3524999999999998,0.42531648351648077,-0.18759565093803238,-0.5112500000000001,0.08669624573378976,-0.40374999999999994,-0.31000000000000005,0.14648954592211616,0.20639066287816918,0.11414971770216423
1342.0,1.0779729729729728,0.39287356321839095,0.768844031980367,0.45023026315789483,,,,-0.19149999999999984,0.4690384615384615,-0.17669930831912023,-0.5192,0.06959726962457471,-0.3762,-0.2701,0.1846361198013857,0.20233046653770415,0.11414980861084349
1343.0,1.0827027027027025,0.5053275862068967,0.7735890348628152,0.44726973684210536,,,,-0.07849999999999982,0.49871538461538867,-0.16184820402613748,-0.50645,0.05249829351535966,-0.34055,-0.2224,0.21695405439643922,0.20230364796577288,0.114149889679178
1344.0,1.0874324324324323,0.596528735632184,0.7669103269374242,0.4443092105263159,,,,-0.013499999999999828,0.540673626373633,-0.13980269974394174,-0.47300000000000003,0.03539931740614462,-0.29679999999999995,-0.1669,0.24703554665508118,0.20103724982565455,0.11414996079582508
1345.0,1.092162162162162,0.6664770114942529,0.7602316190120331,0.44134868421052637,,,,0.0035000000000001835,0.5951351648351688,-0.11056279547253309,-0.41884999999999994,0.01830034129692957,-0.24494999999999995,-0.1036,0.27593929556184005,0.19520336163434698,0.11415002186000311
1346.0,1.0968918918918917,0.7151724137931035,0.753552911086642,0.4383881578947369,,,,-0.027499999999999813,0.5886351648351702,-0.07412849121191148,-0.344,0.0012013651877145148,-0.18499999999999994,-0.03250000000000001,0.29698667973809534,0.17536880643564778,0.11415007278234436
1347.0,1.1016216216216215,0.7479475862068965,0.746874203161251,0.4354276315789474,,,,-0.06789999999999981,0.5492131868131882,-0.03049978696207689,-0.2649,-0.01589761092150053,-0.1274999999999999,0.03479999999999999,0.3132115359218207,0.1545516256203566,0.11415011349294253
1348.0,1.1063513513513512,0.770135172413793,0.7428729281729847,0.43246710526315796,,,,-0.0790999999999998,0.5084285714285774,0.016368555602900077,-0.198,-0.032996587030715584,-0.08299999999999992,0.0867,0.3278515600767045,0.14279205655576824,0.11415014393908264
1349.0,1.111081081081081,0.7817351724137931,0.7423064172507654,0.4295065789473685,,,,-0.0610999999999998,0.3722142857142852,0.06323689816787705,-0.14330000000000004,-0.05009556313993063,-0.051499999999999914,0.12319999999999998,0.33212953946154006,0.1363605662325028,0.11415016408461236
1350.0,1.1158108108108107,0.7827475862068966,0.7451746703945936,0.4265460526315789,,,,-0.013899999999999812,0.2834285714285745,0.10512009846572656,-0.1008,-0.06719453924914569,-0.03299999999999993,0.14429999999999998,0.33857939221188516,0.14374392917960108,0.11415017391149283
1351.0,1.1205405405405404,0.7731724137931034,0.7514776876044689,0.42358552631578944,,,,0.06250000000000015,0.26709523809524205,0.13720353020228937,-0.07050000000000001,-0.08429351535836072,-0.027499999999999948,0.15,0.34903831680316116,0.1526331171086253,0.11415017340407559
1352.0,1.116756756756757,0.7544036781609196,0.7612154688803914,0.42062499999999997,,,,0.14800000000000016,0.2672666666666712,0.15948719337756542,,-0.10139249146757578,-0.0331333333333333,0.14516666666666667,0.3582638733151492,0.17153643128952387,0.11415016253959176
1353.0,1.1044594594594597,0.7278354022988506,0.7717105812852363,0.4176644736842105,,,,0.22250000000000014,0.32800952380952075,0.17197108799155475,,-0.11849146757679081,-0.0480333333333333,0.13466666666666666,0.36565355217288054,0.17798513168603777,0.11415014129617922
1354.0,1.0836486486486492,0.6934675862068966,0.7822056936900814,0.41470394736842103,,,,0.28600000000000014,0.443200952380955,0.17465521404425738,,-0.13559044368600587,-0.07219999999999997,0.11850000000000001,0.3732834726096685,0.18623220040708652,0.11415010965667732
1355.0,1.057594594594595,0.6513002298850575,0.7927008060949263,0.4117434210526315,,,,0.33850000000000013,0.48166666666666896,0.1725247138028007,,-0.1526894197952209,-0.10563333333333332,0.09666666666666669,0.3688617473078223,0.19873534026667616,0.11415006761621263
1356.0,1.033927927927928,0.6013333333333335,0.8026515083013288,0.40878289473684204,,,,0.3800000000000001,0.47361333333333555,0.17039421356134404,,-0.16978839590443598,-0.14833333333333332,0.0691666666666667,0.35659912760664403,0.21082494879705233,0.11415001519807169
1357.0,1.0173902323376012,0.5551400000000001,0.8067821936333907,0.40582236842105257,,,,0.3954000000000001,0.4684561904761922,0.165126262306694,,-0.18688737201365102,-0.19039999999999996,0.03646666666666672,0.34175396692713766,0.21883633778886977,0.11414995245249425
1358.0,1.004209577999052,0.5242933333333335,0.8050928620911117,0.4028618421052631,,,,0.3696000000000001,0.4679400000000011,0.1531557880586814,,-0.2039863481228661,-0.22193333333333332,-0.0009666666666666129,0.3244510182908008,0.21661308409223062,0.11414987944378348
1359.0,0.9886622807017554,0.5087933333333334,0.7975835136744921,0.3999013157894736,,,,0.3026000000000001,0.45317999999999936,0.13448279081730624,,-0.2210853242320811,-0.2429333333333333,-0.043133333333333274,0.30222943708610434,0.20252161478295977,0.114149796247655
1360.0,0.9636622807017556,0.5086400000000001,0.7842541483835319,0.39694078947368405,,,,0.19440000000000013,0.43736666666666474,0.10910727058256856,,-0.23818430034129615,-0.25339999999999996,-0.09003333333333327,0.2756996649577006,0.17733137080038353,0.1141497029548596
1361.0,0.9205141325536073,0.5238333333333335,0.7656491764166734,0.3939802631578946,,,,0.045000000000000165,0.4244945098039186,0.07702922735446827,,-0.2552832764505112,-0.2533333333333333,-0.1416666666666666,0.2444460493612815,0.14388212502518957,0.1141495996726084
1362.0,0.8629897660818718,0.5411433333333334,0.7470442044498148,0.3910197368421051,,,,-0.10779999999999985,0.3836415686274479,0.04138611214619879,,-0.27238225255972626,-0.2513333333333333,-0.18953333333333328,0.2090418929697809,0.11378649170634314,0.11414948652425436
1363.0,0.7948611111111108,0.5473400000000002,0.7284392324829563,0.3880592105263156,,,,-0.22619999999999987,0.3208464809081507,0.00843948147148926,,-0.28602093287827024,-0.25599999999999995,-0.22513333333333327,0.17388743777318494,0.09380016093182968,0.11414936364482625
1364.0,0.7218518518518502,0.5424233333333334,0.7098342605160978,0.38509868421052607,,,,-0.31019999999999986,0.28318121775025695,-0.015391244762520278,,-0.29533424345847525,-0.2673333333333333,-0.2484666666666666,0.14499069868844994,0.08445251221522031,0.1141492311676692
1365.0,0.6477777777777753,0.5263933333333334,0.6912292885492393,0.3821381578947366,,,,-0.3597999999999998,0.2727461300309585,-0.03010606655582983,,-0.3003221843003412,-0.2853333333333333,-0.2595333333333333,0.12294328975066357,0.08103980206689919,0.11414908920967488
1366.0,0.5737037037037004,0.4992500000000001,0.6726243165823809,0.3791776315789471,,,,-0.37499999999999983,0.2914891640866868,-0.03570498390843939,,-0.3009847554038681,-0.30999999999999994,-0.2583333333333333,0.10804648707495046,0.08288565394158856,0.114148937864768
1367.0,0.4996296296296254,0.46667000000000003,0.6540193446155222,0.37621710526315766,,,,-0.37879999999999986,0.3143121052631569,-0.03218799682034895,,-0.297321956769056,-0.3378,-0.2533333333333333,0.09556480252921544,0.09116746624450907,0.1141487772069673
1368.0,0.4255555555555506,0.4343300000000001,0.6336549175487397,0.36947697368420995,,,,-0.3941999999999999,0.32825052631578794,-0.022251589825118483,,-0.2927940841865759,-0.3652,-0.253,0.08080654265360242,0.10472073146420337,0.11414860730240133
1369.0,0.4100875420875399,0.40223000000000003,0.6098557251628962,0.35853728070175356,,,,-0.4211999999999998,0.33539578947368265,-0.016131382950344563,,-0.2882662116040958,-0.3922,-0.2573333333333333,0.06852185369815288,0.10706118379833368,0.114148428217428
1370.0,0.45973737373737167,0.3703700000000001,0.5826217674579917,0.3433980263157884,,,,-0.4597999999999999,0.329004210526315,-0.01502853095389855,,-0.28373833902161566,-0.41880000000000006,-0.2663333333333333,0.05856743021720495,0.0952662984020127,0.11414824001458004
1371.0,0.574505050505046,0.3387500000000001,0.5519530444340262,0.32405921052631464,,,,-0.51,,-0.01894303383578045,-0.4285,-0.2792104664391356,-0.445,-0.28,0.02276941037385833,0.04868055104579737,0.11414804277312593
1372.0,0.7242699786985467,0.3150857142857144,0.5178495560909997,0.3005208333333321,,,,-0.566,,-0.027874891595990253,-0.4225499999999999,-0.27468259385665544,-0.46610000000000007,-0.2918,0.020879889550405966,0.07423089075977742,0.11414783658623198
1373.0,0.8889517625231891,0.3070928571428572,0.4820707575288363,0.2765624999999992,,,,-0.6219999999999999,,-0.04182410423452797,-0.41509999999999997,-0.2701547212741754,-0.4774,-0.2952,0.023307935023429097,0.1254264233953255,0.11414762150739456
1374.0,1.0099443413729088,0.31477142857142865,0.4561028453340657,0.2526041666666662,,,,-0.6779999999999999,,-0.05770368825418959,-0.40614999999999996,-0.2656268486916953,-0.47890000000000005,-0.2902,0.025692254354729688,0.16871267567824896,0.11414739755372283
1375.0,1.0807359307359274,0.33812142857142863,0.44373087546693163,0.22864583333333316,,,,-0.734,,-0.07510184083539347,-0.3957,-0.2610989761092152,-0.4706,-0.27680000000000005,0.02780135497111246,0.19836919431177702,0.11414716473937413
1376.0,1.1013265306122448,0.3771428571428572,0.4449548479274341,0.2046875000000002,,,,-0.7899999999999999,,-0.0940185619781396,-0.38375,-0.25657110352673507,-0.4525,-0.255,0.02963523687257743,0.2152085179835436,0.11414692307973803
1377.0,1.1018367346938776,0.42612190476190487,0.4597747627155731,0.18529941002949832,,,,-0.8404,,-0.11445385168242797,-0.37105999999999995,-0.25204323094425496,-0.429,-0.229,0.03371560281222835,0.2276661954866953,0.11414667258944859
1378.0,1.1023469387755103,0.479344761904762,0.48819061983134865,0.18114546460176933,,,,-0.8795999999999999,,-0.13640770994825863,-0.35839,-0.24751535836177485,-0.40449999999999997,-0.20299999999999999,0.04216950153514691,0.23907642772734078,0.11414641327616333
1379.0,1.1028571428571428,0.5368114285714287,0.520391532907368,0.1922256637168132,,,,-0.9076000000000001,0.029185263157894843,-0.15687009923740308,-0.34574,-0.24298748577929477,-0.379,-0.177,0.04621940998505913,0.23809666431352383,0.11414614514229968
1380.0,1.1033673469387755,0.5985219047619048,0.5525924459833872,0.21854000737462984,,,,-0.9244,-0.005176959064326514,-0.16614651052274093,-0.33310999999999996,-0.2384596131968147,-0.35250000000000004,-0.15099999999999997,0.058033516901501464,0.2483964767509157,0.11414586818786344
1381.0,1.1038775510204082,0.6644761904761907,0.5847933590594065,0.26008849557521935,,,,-0.93,-0.048061403508770376,-0.1642369438042722,-0.3205,-0.23393174061433458,-0.325,-0.125,0.07296777925868622,0.2586156529913599,0.11414558240098155
1382.0,1.104387755102041,0.7315657142857144,0.6169942721354258,0.31230088495575054,,,,-0.9258999999999998,-0.08372456140350945,-0.15114139908199692,-0.30546999999999996,-0.2294038680318545,-0.2973,-0.09899999999999999,0.09176807832757015,0.26818089302531645,0.11414528775475917
1383.0,1.1048979591836736,0.7966819047619048,0.649195185211445,0.3645132743362817,,,,-0.9136,-0.07496666666667051,-0.126859876355915,-0.28557999999999995,-0.22487599544937437,-0.2702,-0.07299999999999998,0.11657689533300418,0.27334748492651734,0.11414498420816004
1384.0,1.1054081632653063,0.8598247619047619,0.6813960982874644,0.4167256637168129,,,,-0.8930999999999999,-0.022466666666672276,-0.0936731965410024,-0.26082999999999995,-0.22034812286689429,-0.24370000000000003,-0.04699999999999998,0.1471251604310434,0.27348477095112866,0.11414467170188196
1385.0,1.1059183673469388,0.9209942857142858,0.7133158805035554,0.4689380530973441,,,,-0.8643999999999998,0.06718888888888111,-0.05891744160223726,-0.23121999999999998,-0.2158202502844142,-0.2178,-0.02099999999999998,0.18212162248236863,0.2701802758226792,0.11414435015809371
1386.0,1.1064285714285715,0.9801904761904762,0.7432320503420292,0.5211504424778752,,,,-0.8274999999999999,0.15504444444443652,-0.022475778074396494,-0.19674999999999992,-0.21129237770193407,-0.1925,0.005000000000000027,0.2178788993407963,0.26704886082348833,0.11414401948611813
1387.0,1.106938775510204,1.0297724542124542,0.7711446078028857,0.5733628318584065,,,,-0.7784999999999999,0.21604444444443877,0.01565179404251995,-0.15934999999999996,-0.206764505119454,-0.1684,0.031000000000000028,0.25154913330846873,0.2625183368807152,0.11414367959243255
1388.0,1.1074489795918367,1.0620993406593406,0.7970535528861251,0.6255752212389376,,,,-0.7134999999999999,0.3087286549707544,0.05546527474851205,-0.12094999999999997,-0.2022366325369739,-0.1461,0.05700000000000003,0.2878840413818394,0.25180491362189333,0.11414333038469904
1389.0,1.1079591836734695,1.0771711355311355,0.820958885591747,0.6672404207014777,,,,-0.6324999999999998,0.43405087719298097,0.09696466404357981,-0.08154999999999998,-0.1977087599544938,-0.1256,0.08300000000000003,0.32601149731105433,0.23701071425795628,0.1141429717667603
1390.0,1.1084693877551022,1.0749878388278387,0.8431417367796801,0.6983584302460268,,,,-0.5354999999999999,0.507261988304095,0.13309634155568723,-0.04114999999999998,-0.19318088737201372,-0.10690000000000002,0.10900000000000003,0.357611354521647,0.2181863005848685,0.11414260364326127
1391.0,1.108979591836735,1.0555494505494507,0.8653245879676129,0.7189292498725848,,,,-0.42249999999999976,0.5737298245614044,0.16071560986682604,0.0002500000000000141,-0.1886530147895336,-0.09,0.135,0.3866786694097073,0.1958605905828822,0.1141422259313883
1392.0,1.1105877551020409,1.0288046398046398,0.8875074391555458,0.7289528795811517,,,,-0.30619999999999986,0.6635719298245623,0.1798224689769963,0.03199000000000001,-0.183481228668942,-0.077,0.15720000000000003,0.41435417703797234,0.1786861620647598,0.11414183856017741
1393.0,1.1132938775510204,1.0047020757020757,0.9096902903434787,0.7284293193717277,,,,-0.19929999999999987,0.6809677192982502,0.19041691888619794,0.04341000000000002,-0.1770216154721274,-0.06999999999999999,0.1718,0.4302298772111204,0.1620524026337947,0.1141414414741085
1394.0,1.1170979591836736,0.9832417582417582,0.9318731415314117,0.7279057591623037,,,,-0.10179999999999986,0.6361254970760255,0.192498959594431,0.03451000000000001,-0.16927417519908988,-0.069,0.17880000000000001,0.4361926330211104,0.14528123311308966,0.11414103464854451
1395.0,1.122,0.9644236874236874,0.9540559927193446,0.7273821989528796,,,,-0.013699999999999862,0.6214126315789479,0.1903311575690302,0.005290000000000014,-0.16023890784982933,-0.074,0.1782,0.4410269840032511,0.13895979140650436,0.11414061808787071
1396.0,1.128,0.9482478632478631,0.9762388439072776,0.7268586387434555,,,,0.06500000000000013,0.6280442105263163,0.1847490532780558,-0.04424999999999999,-0.14991581342434582,-0.08499999999999999,0.16999999999999998,0.4440102599927567,0.14237128813104524,0.11414019180924513
1397.0,1.1304,0.9291464102564102,0.9939414575588301,0.7263350785340313,,,,0.11070000000000013,0.6305521052631583,0.17575264672150775,-0.10164,-0.1389488054607508,-0.10259999999999998,0.1526,0.44021626877408077,0.14878899195521603,0.11413975584050488
1398.0,1.1291999999999998,0.901551452991453,1.0036296217517215,0.7258115183246072,,,,0.09980000000000014,0.6245221052631582,0.16334193789938606,-0.15441,-0.1279817974971558,-0.1274,0.1244,0.4271459002158975,0.15055976725794407,0.11413931023150573
1399.0,1.1244,0.8654629914529913,1.0053033364859512,0.7252879581151832,,,,0.03230000000000015,0.6054516290726817,0.14751692681169076,-0.20256,-0.11701478953356079,-0.15940000000000001,0.0854,0.4043898287315125,0.14697272115016238,0.11413885506308179
1400.0,1.1159999999999999,0.8208810256410256,0.9989626017615197,0.7247643979057591,,,,-0.09179999999999984,0.5686486215538833,0.12891850209388928,-0.24608999999999998,-0.10604778156996578,-0.1986,0.03560000000000001,0.3715797664570738,0.14233772851695362,0.11413839045023488
1401.0,1.1039999999999999,0.7678055555555555,0.9846074175784265,0.724240837696335,,,,-0.27249999999999985,0.522804761904761,0.10349977050541526,-0.285,-0.09508077360637075,-0.24500000000000002,-0.025,0.32913796666143846,0.14843401567593817,0.11413791654274973
1402.0,1.092,0.7156588888888888,0.9667180214730522,0.723717277486911,,,,-0.46169999999999983,0.4857380952380946,0.07126073204626869,-0.31942,-0.08411376564277574,-0.29159999999999997,-0.084,0.2863999375574673,0.1717562735486061,0.1141374335166659
1403.0,1.08,0.6738633333333334,0.9488286253676778,0.7231937172774868,,,,-0.6112999999999998,0.46188809523809454,0.032201386716449544,-0.34947999999999996,-0.07314675767918073,-0.33140000000000003,-0.129,0.25107167853596013,0.1989840686328579,0.11413694155101037
1404.0,1.0690666666666666,0.6424188888888889,0.9309392292623034,0.7226701570680627,,,,-0.7212999999999998,0.4441452380952378,-0.013678265484042162,-0.37517999999999996,-0.06217974971558572,-0.3644,-0.16,0.2226038389475666,0.22229162789124635,0.11413644080678598
1405.0,1.0602666666666667,0.6213255555555556,0.9130498331569292,0.7221465968586387,,,,-0.7916999999999998,0.43705000000000077,-0.06579713440982522,-0.39652,-0.05121274175199071,-0.3906,-0.177,0.20155898542887962,0.23936213231902034,0.11413593142073396
1406.0,1.0536,0.6105833333333334,0.8951604370515549,0.7216230366492147,,,,-0.8224999999999998,0.4316833333333337,-0.10825996299674742,-0.4135,-0.04024573378839569,-0.41000000000000003,-0.18,0.18857131883854494,0.2479271064261404,0.11413541350426921
1407.0,1.0490666666666666,0.5987309090909092,0.8772710409461805,0.7210994764397906,,,,-0.8351999999999998,0.40670303030303023,-0.13878406712909425,-0.42539,-0.029278725824800678,-0.42540000000000006,-0.1794,0.17777803583039845,0.2504471818440602,0.11413488714696607
1408.0,1.0466666666666666,0.5743069696969698,0.8593816448408063,0.7229201570680629,,,,-0.8512999999999998,0.36210909090909044,-0.15736944680686554,-0.43145999999999995,-0.018311717861205667,-0.4396,-0.18560000000000001,0.16526212983229324,0.25166972219443134,0.11413435242956851
1409.0,1.0453333333333332,0.5373115151515152,0.8379940560065997,0.7273455497382201,,,,-0.8707999999999998,0.30955151515151413,-0.1640161020300615,-0.43171,-0.007344709897610657,-0.4526,-0.1986,0.15169138373592828,0.25256380343527174,0.11413380943528459
1410.0,1.044,0.48774454545454554,0.81302858791678,0.7316970830216906,,,,-0.8936999999999997,0.2719619318181815,-0.158724032798682,-0.42614,0.003622298065984353,-0.46440000000000003,-0.2184,0.138802770647291,0.25425711128324385,0.11413325825051064
1411.0,1.0426666666666666,0.42560606060606065,0.7844852405713473,0.7332961854899029,,,,-0.9199999999999999,0.25916818181818185,-0.15384781502347128,-0.41475,0.014589306029579363,-0.475,-0.24500000000000002,0.1261230808909062,0.2579260307391136,0.11413269896164042
1412.0,1.0290509803921566,0.36403333333333343,0.7523640139703016,0.7321428571428574,,,,-0.9272999999999998,0.2791339015151519,-0.1540814922906454,-0.40008,0.025556313993174373,-0.4835,-0.26880000000000004,0.11678727015436642,0.2579309242594882,0.11413213165165133
1413.0,1.00315294117647,0.3161636363636364,0.7166649081136429,0.7258928571428573,,,,-0.8931999999999999,0.30696117424242503,-0.15942506460020434,-0.38466999999999996,0.03652332195676938,-0.489,-0.2802,0.11227307618520888,0.24829349917255017,0.1141315563937858
1414.0,0.9649725490196065,0.2819969696969698,0.6805648241844928,0.7142857142857144,,,,-0.8176999999999998,0.31775208333333466,-0.16987853195214805,-0.36852,0.047490329920364394,-0.4915,-0.2792,0.1105821820118214,0.22822855159925054,0.11413097324799483
1415.0,0.9145098039215664,0.2615333333333334,0.6427473567245336,0.7000000000000003,,,,-0.7007999999999999,0.28857500000000064,-0.18544189434647662,-0.35162999999999994,0.058457337883959404,-0.491,-0.2658,0.1097537273780562,0.1982086830422591,0.11413038226481863
1416.0,0.8517647058823495,0.2547727272727273,0.6032125057337655,0.6857142857142862,,,,-0.5424999999999999,0.22696875000000025,-0.20010515728661868,-0.33399999999999996,0.06942434584755441,-0.4875,-0.24,0.11126292970961503,0.1651649494653229,0.1141297834892385
1417.0,0.7933906485671155,0.25687835497835504,0.5619602712121884,0.6714285714285719,,,,-0.3686999999999999,0.15030000000000024,-0.2011354069509746,-0.31564999999999993,0.08039135381114942,-0.4821,-0.2088,0.11582762333528242,0.14756447871778322,0.11412917695919235
1418.0,0.7398733031674173,0.26301341991342,0.5189906531598023,0.6571428571428577,,,,-0.2052999999999999,0.08346666666666705,-0.18853264333954434,-0.2966,0.09135836177474443,-0.47589999999999993,-0.17919999999999997,0.12222297110246048,0.15413829885831531,0.11412856270410969
1419.0,0.6912126696832548,0.27317792207792213,0.47462494312231807,0.6428571428571435,,,,-0.05229999999999988,0.03512666666666618,-0.16229686645232796,-0.27684999999999993,0.10232536973833946,-0.4689,-0.1512,0.1312652646668197,0.17729255197388163,0.11412794074570454
1420.0,0.6474087481146282,0.28737186147186156,0.4319613181517147,0.6285714285714292,,,,0.09030000000000013,-0.0016800000000013666,-0.12242807628932548,-0.25639999999999996,0.11329237770193445,-0.46109999999999995,-0.1248,0.14260342921490385,0.208370260480766,0.11412731109792594
1421.0,0.6084615384615375,0.30559523809523814,0.39359114981326354,0.614285714285715,,,,0.22250000000000014,-0.044320000000002274,-0.07223773177522481,-0.23524999999999996,0.12354562002275342,-0.4525,-0.1,0.1545283265949983,0.24358547764151417,0.11412667376834214
1422.0,0.5700000000000001,0.33621904761904764,0.35951443810696454,0.6000000000000009,,,,0.33450000000000013,-0.10080333333333466,-0.03276478411208456,-0.21264999999999995,0.13023003412969297,-0.43760000000000004,-0.07339999999999999,0.16448958782290796,0.27867077361270526,0.11412602876362431
1423.0,0.5315384615384623,0.38761428571428574,0.3325998636042929,0.5857142857142866,,,,0.4165000000000002,-0.13370333333333484,-0.004421012825850633,-0.18784999999999996,0.13334562002275313,-0.4109,-0.0416,0.17681620309787238,0.30472441185441557,0.11412537609170022
1424.0,0.4951128205128204,0.45978095238095235,0.31570335245295433,0.5714285714285725,,,,0.46850000000000025,-0.12678000000000167,0.01279358208347697,-0.16084999999999997,0.13289237770193388,-0.3724,-0.004599999999999998,0.19342924729112812,0.31914514435032,0.114124715754791
1425.0,0.4790461538461527,0.5527190476190477,0.3071228195860679,0.5578780096308191,,,,0.4905000000000002,-0.06344476190476311,0.018879000615898246,-0.13164999999999996,0.1288703071672352,-0.3221,0.0376,0.21741460365474163,0.3198846375360546,0.11412404773964833
1426.0,0.483338461538459,0.6664285714285716,0.30426689343836244,0.5516789727126805,,,,0.4825000000000002,0.05870952380952475,0.013835242771413198,-0.10024999999999998,0.12199317406143313,-0.26000000000000006,0.08499999999999999,0.24942190030928593,0.3104212478611346,0.11412337200997467
1427.0,0.5081776223776181,0.7750117216117217,0.307135574009838,0.5528314606741567,,,,0.4619666666666668,0.20655952380952405,0.012722021531561215,-0.06789999999999997,0.11511604095563106,-0.19790000000000002,0.1274,0.28520551775258346,0.30034752336339476,0.1141226885063093
1428.0,0.5552545454545397,0.8525706959706962,0.31286018072901933,0.5613354735152475,,,,0.44636666666666674,0.3324928571428579,0.020967240228303034,-0.03584999999999998,0.10823890784982901,-0.1476,0.1546,0.3179433301089873,0.2933034970608912,0.11412199715875852
1429.0,0.6225333333333277,0.8991054945054946,0.37504994026161625,0.5771910112359532,,,,0.4357000000000001,0.4157720238095254,0.038570898861638656,-0.004099999999999977,0.10136177474402694,-0.10910000000000002,0.1666,0.35043859458120763,0.27582307624984786,0.11412129790009416
1430.0,0.6916909090909039,0.9146161172161176,0.4443954582709015,0.5996629213483128,,,,0.4299666666666668,0.46201428571428654,0.06553299743156808,0.02735000000000002,0.0944846416382249,-0.0824,0.1634,0.37698673281988027,0.2551423252837122,0.11412059067176744
1431.0,0.7627272727272683,0.8991025641025644,0.5208967347568747,0.6221348314606724,,,,0.4291666666666668,0.5097625000000007,0.10185353593809132,0.05850000000000002,0.08760750853242283,-0.0675,0.14499999999999996,0.40049015252966025,0.23149526977997584,0.11411987542886656
1432.0,0.835454545454542,0.870015384615385,0.6045537697195362,0.644606741573032,,,,0.43100000000000005,0.5179691666666647,0.14319019825062937,0.08070000000000002,0.08073037542662079,-0.06016666666666667,0.11739999999999999,0.4183266889710404,0.20712216602787256,0.11411915214231261
1433.0,0.9081818181818158,0.8448051282051285,0.695366563158886,0.6670786516853916,,,,0.4331666666666667,0.48656440476190344,0.17907773481114617,0.08530000000000001,0.07385324232081872,-0.05616666666666666,0.0866,0.43090614606970834,0.18593432481617805,0.11411842080054187
1434.0,0.9729696969696955,0.823471794871795,0.7368699622615082,0.6895505617977512,,,,0.43566666666666676,0.506373333333331,0.2018695593985258,0.07230000000000002,0.06697610921501666,-0.055499999999999994,0.052599999999999994,0.43993524983236276,0.1772856363118736,0.11411768140959319
1435.0,1.021878787878787,0.8060153846153847,0.7791632042364359,0.7120224719101108,,,,0.43850000000000006,,0.21156567201276832,0.041700000000000015,0.06009897610921461,-0.05816666666666666,0.015399999999999988,0.44282581286441475,0.18337052550768723,0.11411693399203862
1436.0,1.0549090909090906,0.7924358974358976,0.8223151372106061,0.7344943820224704,,,,0.44166666666666676,,0.20816607265387366,-0.0064999999999999945,0.05322184300341254,-0.06416666666666664,-0.025000000000000005,0.44116227217834636,0.1855592127808511,0.1141161785886188
1437.0,1.072060606060606,0.7833256410256412,0.8659365753676248,0.75696629213483,,,,0.4411666666666667,,0.19167076132184185,-0.05608,0.046344709897610484,-0.07619999999999996,-0.06560000000000002,0.43596715510229334,0.19158770563656946,0.11411541525685007
1438.0,1.0733333333333335,0.7792769230769232,0.8945309207615907,0.7794382022471896,,,,0.433,,0.16752886376869416,-0.09081999999999998,0.03946757679180842,-0.09696666666666662,-0.10340000000000002,0.4275469451860986,0.1982466397652844,0.1141146440676058
1439.0,1.067,0.7802897435897437,0.9080981733925038,0.8019101123595492,,,,0.4171666666666667,,0.14338696621554645,-0.11072,0.032590443686006366,-0.12646666666666664,-0.13840000000000002,0.4174935737791462,0.2038000219604566,0.114113865102311
1440.0,1.061,0.7863641025641026,0.9058484903880588,0.824382022471909,,,,0.3936666666666667,,0.11907093632390149,-0.11578,0.02571331058020431,-0.16469999999999993,-0.1706,0.40650458275429546,0.2082112302380044,0.11411307844930228
1441.0,1.0553333333333335,0.7975000000000001,0.8877130236213185,0.8468539325842684,,,,0.3625000000000001,,0.09428980937430442,-0.10599999999999998,0.018836177474402256,-0.2116666666666666,-0.2,0.39454399082690733,0.21207059012489973,0.11411228420125992
1442.0,1.05,0.8056266666666667,0.854080958908677,0.8693258426966282,,,,0.3314000000000001,,0.06904358536675526,-0.09976999999999997,0.011959044368600194,-0.2610666666666666,-0.2232,0.3807479729888773,0.2174813834900664,0.11411148245540623
1443.0,1.045,0.8026733333333335,0.8204488941960355,0.8890705562146689,,,,0.30810000000000015,,0.04333226430125396,-0.11547999999999999,0.005081911262798139,-0.30659999999999993,-0.23680000000000004,0.36549072578562025,0.2243529361339945,0.11411067331470172
1444.0,1.04,0.7886400000000001,0.7868168294833939,0.8997246144183123,,,,0.2926000000000002,,0.017155846177800547,-0.15313,-0.0017952218430039191,-0.3482666666666666,-0.24080000000000004,0.3481025700117949,0.23130032773568718,0.11410985688851666
1445.0,1.0170000000000001,0.7635266666666667,0.7531847647707525,0.9012880173075584,,,,0.28490000000000015,,-0.009311536665107742,-0.21271999999999996,-0.008672354948805977,-0.3860666666666666,-0.23520000000000002,0.32680091890125096,0.23742396385380657,0.11410903329500416
1446.0,0.9760000000000002,0.7273333333333334,0.7195527000581109,0.8937607648824069,,,,0.28500000000000014,,-0.035778919508016024,-0.29425,-0.015549488054608035,-0.41999999999999993,-0.22000000000000003,0.30161486892593403,0.24413965336924698,0.11410820266473706
1447.0,0.917,0.6764133333333334,0.6859206353454693,0.8771428571428579,,,,0.2927000000000001,,-0.062275666878281656,-0.37618999999999997,-0.022426621160410092,-0.4507,-0.20400000000000004,0.27336648363310817,0.25211545193918755,0.11410736514147779
1448.0,0.8400000000000001,0.6071200000000001,0.6522885706328279,0.8541614906832304,,,,0.30780000000000013,,-0.08880327879275303,-0.43701,-0.02930375426621215,-0.47879999999999995,-0.196,0.24315333268052058,0.2606985064735289,0.11410652087976011
1449.0,0.7449999999999999,0.5194533333333334,0.6185930762663643,0.831180124223603,,,,0.3303000000000001,,-0.11536175525143014,-0.47671,-0.036180887372014206,-0.5043,-0.196,0.2116054189747969,0.2716999379077357,0.11410567004170949
1450.0,0.65,0.41341333333333347,0.5847544667103345,0.8081987577639754,,,,0.36020000000000013,,-0.141951096254313,-0.49528999999999995,-0.04305802047781627,-0.5271999999999999,-0.20400000000000001,0.18051477396236265,0.2866798235733092,0.11410481279342653
1451.0,0.5615,0.28900000000000003,0.5507727419647386,0.7852173913043481,,,,0.39750000000000013,,-0.16857130180140156,-0.49275,-0.04703242320819142,-0.5475,-0.22000000000000003,0.15082167068076063,0.3069163852361535,0.11410394930049862
1452.0,0.47950000000000015,0.17418941176470598,0.5166479020295763,0.7622360248447206,,,,0.4290000000000001,,-0.19271777922027816,-0.48202,-0.04778156996587034,-0.5619,-0.24000000000000005,0.12372342880009672,0.3286491646846144,0.11410307972375819
1453.0,0.40400000000000047,0.09695764705882362,0.4823799469048479,0.7392546583850932,,,,0.4415000000000001,0.15967523809524287,-0.2090535020002778,-0.47603,-0.04530546075085302,-0.5671,-0.26,0.1002198719395071,0.32691642466842114,0.11410220421550592
1454.0,0.3350000000000008,0.05730470588235302,0.44803230624437546,0.7162732919254657,,,,0.43500000000000016,0.06728857142858151,-0.21757847014140044,-0.47478,-0.039604095563139464,-0.5631,-0.28,0.07454330667435792,0.335542524235868,0.11410132292172531
1455.0,0.2725000000000012,0.0552305882352942,0.42489163092988524,0.6932919254658383,,,,0.4095000000000001,-0.029071428571422524,-0.218292683643646,-0.47827000000000003,-0.030677474402729672,-0.5499,-0.3,0.05321296560499287,0.3377232007939504,0.114100435985552
1456.0,0.2100000000000016,0.09073529411764712,0.4189247759110925,0.6703105590062108,,,,0.3650000000000001,-0.04380476190475556,-0.21119614250701466,-0.48650000000000004,-0.021428327645050548,-0.5275000000000001,-0.31999999999999995,0.04369831460180292,0.33015415337848236,0.11409954353447282
1457.0,0.147500000000002,0.14697647058823535,0.43013174118799713,0.6473291925465834,,,,0.3274,-0.050799999999992705,-0.19876407487656667,-0.49161,-0.012179180887371428,-0.5029,-0.33759999999999996,0.04014765565459887,0.32398527665303356,0.11409864566677523
1458.0,0.1284545454545481,0.20711176470588238,0.4585125267605992,0.6243478260869559,,,,0.3226000000000001,-0.05546095238095126,-0.18499124427236807,-0.48574,-0.0029300341296923035,-0.4831,-0.3504,0.04677677235151589,0.320456468479178,0.11409774245155435
1459.0,0.1423030303030331,0.2711411764705883,0.5040671326288987,0.6024006568144494,,,,0.3506000000000001,0.026152380952378308,-0.1692648030405278,-0.46889000000000003,0.006319112627986819,-0.4681,-0.35839999999999994,0.07040625003622795,0.31639417702760353,0.11409683392055328
1460.0,0.1798636363636392,0.33906470588235293,0.5555885934469131,0.5856244734775465,,,,0.4114000000000001,0.1386723809523839,-0.1515847511810459,-0.44106000000000006,0.01556825938566594,-0.4579,-0.36160000000000003,0.10452521472446877,0.318521949453606,0.11409592005832017
1461.0,0.24113636363636637,0.4108823529411764,0.6125375911797503,0.5740192760762474,,,,0.5050000000000001,0.22997238095238431,-0.13195108869392233,-0.40225,0.024817406143345065,-0.4525,-0.36,0.14434584962518618,0.32892032017940026,0.11409500081174623
1462.0,0.32612121212121464,0.4842202614379085,0.6757836563900333,0.5675850646105518,,,,0.6032000000000001,0.33627238095238504,-0.11036381557915713,-0.35558,0.034066552901024186,-0.4444,-0.3454,0.191604125134151,0.3400957599506324,0.11409407610252444
1463.0,0.39136363636363836,0.5567045751633986,0.7453267890777624,0.5663218390804599,,,,0.6778000000000002,0.4497866666666737,-0.08788389627382018,-0.30417,0.04331569965870331,-0.42610000000000003,-0.3096,0.239909579398047,0.349161995099991,0.11409314583384768
1464.0,0.4474242424242442,0.628335294117647,0.8103769398960015,0.5691954022988507,,,,0.7288000000000001,0.5449885714285763,-0.060380663922140886,-0.24802,0.05256484641638244,-0.3976,-0.2526,0.2872022451182965,0.3522744374245673,0.11409220990179234
1465.0,0.5034848484848501,0.6991124183006534,0.8705611759334684,0.5720689655172414,,,,0.7562000000000001,0.5956285714285747,-0.02785411852411927,-0.18713,0.061813993174061554,-0.35889999999999994,-0.17439999999999994,0.3315205379960392,0.3458652040495717,0.11409126820615377
1466.0,0.559545454545456,0.7690359477124182,0.9204519602753398,0.5749425287356323,,,,0.7600000000000001,0.6217190476190505,0.009695739920244684,-0.12150000000000001,0.07106313993174068,-0.31,-0.07499999999999996,0.3741903529437802,0.33099595051173847,0.1140903206545022
1467.0,0.6156060606060618,0.831152450980392,0.9591797623589928,0.5778160919540231,,,,0.7526000000000002,0.6287142857142879,0.05226891141095097,-0.06290000000000001,0.08031228668941981,-0.2571,0.02426666666666672,0.41255059818386325,0.3135092139070023,0.11408936716390741
1468.0,0.6716666666666677,0.878508496732026,0.9867445821844274,0.5806896551724139,,,,0.7464000000000002,0.6105428571428577,0.09958559741131888,-0.023100000000000013,0.08956143344709892,-0.2064,0.10206666666666671,0.442946001733198,0.2975388022627193,0.11408840766759006
1469.0,0.7277272727272737,0.9111040849673202,1.0133824938645706,0.5835632183908046,,,,0.7414000000000002,0.598085714285715,0.1469022834116868,-0.002100000000000013,0.09881058020477804,-0.15789999999999998,0.15840000000000004,0.46868324649944076,0.28410931255476174,0.11408744212071523
1470.0,0.7837878787878794,0.9289392156862745,1.0368718708495557,0.5864367816091953,,,,0.7376000000000001,0.601942857142858,0.19065159008177604,9.999999999998899e-05,0.10805972696245716,-0.11159999999999999,0.19326666666666667,0.49019969558439674,0.2728521239700193,0.11408647049745611
1471.0,0.8398484848484854,0.9320138888888888,1.0572127131393831,0.5893103448275862,,,,0.7350000000000001,0.604999999999999,0.22732416727303587,-0.016500000000000004,0.11730887372013629,-0.0675,0.2066666666666667,0.5056204730005348,0.26356704437117495,0.11408549278900007
1472.0,0.8890173160173163,0.9306668300653594,1.0744050207340528,0.5921839080459771,,,,0.7256000000000002,0.5927714285714274,0.2569200149854663,-0.03330000000000001,0.1265580204778154,-0.026849999999999995,0.20933333333333332,0.5157678123520408,0.25461295281442525,0.1140845090057135
1473.0,0.9244025974025977,0.9352367647058826,1.0884487936335643,0.5950574712643678,,,,0.7014000000000001,0.6119999999999964,0.2794391332190673,-0.031700000000000006,0.13580716723549452,0.0091,0.21200000000000002,0.5270301810093337,0.2435262902492331,0.11408351917180237
1474.0,0.946004329004329,0.9457236928104577,1.099898007071927,0.5979310344827585,,,,0.6624000000000001,0.6345208791208752,0.2948815219738389,-0.011700000000000002,0.14505631399317365,0.04035,0.21466666666666664,0.5368975007968845,0.22946982985585027,0.11408252331569355
1475.0,0.9538225108225108,0.9621276143790851,1.1113472205102897,0.6008045977011494,,,,0.6086000000000001,0.650749450549447,0.30681456058005974,0.0267,0.15430546075085277,0.0669,0.21733333333333332,0.54505861929713,0.21247791177799782,0.11408152146911794
1476.0,0.9478571428571427,0.9844485294117649,1.1227964339486523,0.6036781609195401,,,,0.54,0.6442065934065889,0.3187475991862806,0.0835,0.16355460750853187,0.08875000000000001,0.22000000000000003,0.5503344664436548,0.19343568389352053,0.11408051367085051
1477.0,0.9349999999999999,1.0021137254901962,1.1342456473870148,0.6048697318007662,,,,0.4750000000000002,,0.3306806377925014,0.13967000000000002,0.172803754266211,0.10435000000000001,0.22266666666666665,0.5521480461951469,0.18829342332674648,0.11407949996952527
1478.0,0.9221428571428572,1.0045504901960787,1.1434976645961563,0.6039588122605364,,,,0.4320000000000001,,0.34261367639872226,0.17618,0.18205290102389013,0.11215,0.22533333333333333,0.5544560033499687,0.17974740919723212,0.11407848042222479
1479.0,0.9142857142857143,0.9917588235294119,1.1482654065333049,0.6009454022988506,,,,0.41100000000000014,,0.354640951685876,0.19303,0.19130204778156928,0.11215,0.22800000000000004,0.5545458644662838,0.17495608845565486,0.11407745509046593
1480.0,0.9164285714285715,0.9637387254901961,1.1485488731984599,0.5958295019157089,,,,0.4120000000000001,,0.3668018960239983,0.19022,0.19777849829351501,0.10435000000000001,0.23066666666666666,0.5526443031565229,0.1724160422170312,0.11407642404127327
1481.0,0.9285714285714285,0.9204901960784315,1.1443480645916215,0.5886111111111113,,,,0.43500000000000016,,0.3790965094130893,0.16775,0.19963378839590448,0.08875000000000001,0.2333333333333333,0.5485664730043032,0.17331378221896654,0.11407538734929472
1482.0,0.9507142857142856,0.8666162895927603,1.1356629807127903,0.5809722222222223,,,,0.4530000000000001,,0.3915247918531489,0.14001999999999998,0.1968679180887376,0.06650000000000002,0.23853333333333335,0.5420492120065391,0.17370292957923716,0.11407434509714866
1483.0,0.9828571428571429,0.8067200603318252,1.1246908177911863,0.5733333333333334,,,,0.43900000000000017,0.7217447619047664,0.40408674334417716,0.12143,0.18948088737201446,0.03875000000000001,0.2488,0.5442758009614678,0.16384976110740185,0.11407329736633344
1484.0,1.02,0.7408015082956261,1.1137186548695825,0.5656944444444443,,,,0.3930000000000001,0.7187847619047651,0.4166881272052413,0.11198,0.177472696245735,0.0055000000000000075,0.26413333333333333,0.533083053630948,0.1554828311291117,0.11407224423727313
1485.0,1.0571428571428574,0.6688606334841631,1.1027464919479786,0.5580555555555555,,,,0.31500000000000017,0.7242780952380963,0.42928951106630525,0.11167,0.1636160409556326,-0.03324999999999999,0.28453333333333336,0.5198256893059656,0.1477268167988397,0.11407118580821239
1486.0,1.0797142857142856,0.590897435897436,1.0917743290263748,0.5504166666666664,,,,0.20500000000000015,0.7211866666666668,0.44189089492736927,0.12050000000000001,0.14975938566553018,-0.07749999999999999,0.31,0.5017981571096389,0.14477514181780432,0.11407012219708139
1487.0,1.073142857142857,0.5122512820512822,1.0808021661047713,0.5427777777777775,,,,0.09100000000000015,0.697639999999998,0.45449227878843335,0.12165999999999999,0.13590273037542774,-0.12329999999999999,0.3234,0.4769008323529316,0.14984345863322363,0.11406905353815085
1488.0,1.0374285714285714,0.4382615384615386,1.0698300031831673,0.5351388888888884,,,,0.0010000000000001507,0.6373649999999974,0.4479015957806607,0.09834,0.12204607508532536,-0.16670000000000001,0.3076,0.4422137942245318,0.15413295795029947,0.11406797999054213
1489.0,0.9725714285714286,0.3689282051282053,1.0588578402615636,0.5274999999999996,,,,-0.06499999999999986,0.5778883333333306,0.4216428794988176,0.05053999999999999,0.10818941979522297,-0.2077,0.2626,0.4011052882027517,0.15625545961089377,0.11406690174217704
1490.0,0.8958412698412698,0.3042512820512822,1.0478856773399596,0.5198611111111106,,,,-0.10699999999999985,0.5209916666666652,0.37571612994290415,-0.021740000000000027,0.09433276450512054,-0.24630000000000002,0.1884,0.3553072695545466,0.15599194924336138,0.1140658190049456
1491.0,0.8218095238095238,0.24423076923076933,1.0369135144183559,0.5163888888888891,,,,-0.12499999999999986,0.47411166666666593,0.3101213471129202,-0.11850000000000002,0.08047610921501813,-0.2825,0.08500000000000003,0.3071992620894403,0.156572011729896,0.1140647320066931
1492.0,0.7650476190476191,0.1982076923076924,1.0259413514967521,0.5233333333333343,,,,-0.1443999999999999,0.4557955882352944,0.2248585310088659,-0.21090000000000003,0.06661945392491572,-0.312,-0.020199999999999968,0.2644039666360159,0.16037923957656097,0.11406364097895298
1493.0,0.7255555555555555,0.17552307692307703,1.0149691885751484,0.5406944444444461,,,,-0.19059999999999988,0.45815630252100875,0.1396466641044938,-0.2701,0.05276279863481331,-0.33049999999999996,-0.09979999999999997,0.2320407358545676,0.16362260329927694,0.11406254613719229
1494.0,0.7033333333333334,0.17617692307692318,1.0039970256535447,0.5626866471734909,,,,-0.2635999999999999,0.4495110644257708,0.07359536465167095,-0.29610000000000003,0.03890614334471091,-0.33799999999999997,-0.1538,0.2084405968455587,0.16210581206416438,0.11406144766674292
1495.0,0.6811111111111111,0.20016923076923088,0.9928108807461244,0.5868304093567269,,,,-0.36339999999999983,0.4379883371530429,0.02670463265039727,-0.2889,0.025049488054608503,-0.3345,-0.18219999999999997,0.19252765031663116,0.15804404160261262,0.11406034572217089
1496.0,0.6588888888888889,0.24750000000000014,0.9798119436850599,0.6089590643274866,,,,-0.4899999999999999,0.4303519735166791,-0.0010255318993271935,-0.2485,0.0111928327645061,-0.32,-0.185,0.184392657720454,0.15788921084509958,0.11405924043049705
1497.0,0.6366666666666666,,0.9650002144703504,0.6228226120857705,,,,-0.6171999999999999,0.4118813852813852,-0.009595128997502462,-0.19887999999999997,-0.0026638225255963045,-0.3,-0.17639999999999997,0.19412338868682694,0.16816486106060488,0.11405813188321068
1498.0,0.6144444444444443,,0.9483756931019969,0.6284210526315791,,,,-0.7187999999999998,0.3818391492565401,0.0004689257509554436,-0.16401999999999997,-0.016520477815698716,-0.28,-0.1706,0.18332107472570122,0.18732844670460636,0.11405702015199176
1499.0,0.5926666666666666,,0.9299383795799985,0.6315399610136454,,,,-0.7947999999999998,0.34922134387351705,0.011049905871487326,-0.14392,-0.030377133105801125,-0.26,-0.16759999999999997,0.17273210837867087,0.20350219345871914,0.1140559053285782
1500.0,0.5713333333333332,,0.9099022558901719,0.6346588693957116,,,,-0.8451999999999998,0.32339407114624474,0.02293329307711376,-0.13857999999999998,-0.04423378839590354,-0.24000000000000005,-0.1674,0.16364099943338672,0.21473311496265168,0.11405478752096056
1501.0,0.5558730158730159,,0.8898661322003456,0.6377777777777779,,,,-0.8699999999999999,0.30693043478260845,0.03611908736783474,-0.148,-0.05809044368600595,-0.22000000000000003,-0.16999999999999998,0.15700779642027715,0.21955066232955367,0.11405366683231459
1502.0,0.5462857142857143,,0.8698300085105191,0.6408966861598442,,,,-0.8715999999999999,0.2918521739130432,0.05060728874365028,-0.16012,-0.07194709897610835,-0.198,-0.174,0.15334067325238573,0.21839473575046475,0.11405254335777221
1503.0,0.5425714285714285,,0.8497938848206925,0.6440155945419105,,,,-0.8523999999999999,0.27477391304347776,0.06639789720456038,-0.16288,-0.08580375426621076,-0.17200000000000001,-0.17799999999999996,0.1536070923803054,0.2124109972634494,0.11405141718186021
1504.0,0.5442857142857143,,0.829757761130866,0.6471345029239768,,,,-0.8123999999999999,0.26274409937888266,0.08297398737849104,-0.15628000000000003,-0.09966040955631317,-0.14200000000000002,-0.18199999999999994,0.15841576154288123,0.20216173256211903,0.11405028837584677
1505.0,0.5367857142857151,,0.8097216374410394,0.650253411306043,,,,-0.7515999999999999,0.27418695652173886,0.0989149308190094,-0.14032,-0.11351706484641558,-0.10800000000000001,-0.18599999999999994,0.1680027545414326,0.19016147199190545,0.1140491569956369
1506.0,0.5109821428571448,,0.7896855137512129,0.6533723196881093,,,,-0.6699999999999999,0.3015631469979301,0.11402702559267104,-0.11500000000000002,-0.127373720136518,-0.07000000000000002,-0.18999999999999992,0.18068583886377454,0.17970206196122362,0.11404802308229145
1507.0,0.4668750000000035,,0.7757947325223465,0.6564912280701757,,,,-0.5815999999999999,0.322679503105591,0.12831027169947598,-0.08338,-0.14123037542662037,-0.03520000000000001,-0.1877999999999999,0.19305423198581675,0.17615445152984335,0.11404688666769888
1508.0,0.4246433397683423,,0.7733531648181889,0.6596101364522419,,,,-0.5003999999999998,0.345514285714287,0.1417646691394242,-0.04852000000000001,-0.15508703071672278,-0.010800000000000006,-0.1731999999999999,0.2066480525062957,0.1787118491082321,0.11404574778061652
1509.0,0.39773986486486723,,0.7823608106387401,0.6627290448343082,,,,-0.42639999999999983,0.4034952380952399,0.1543902179125157,-0.010419999999999995,-0.16839999999999936,0.003199999999999996,-0.1461999999999999,0.2262097136232867,0.18450279796647512,0.11404460644284407
1510.0,0.4008074324324344,,0.802817669984,0.6658479532163745,,,,-0.35959999999999986,0.46842857142857675,0.16715883344074528,0.030920000000000003,-0.1799006825938561,0.006799999999999995,-0.10679999999999994,0.250608173779547,0.18742758281326516,0.11404346266064266
1511.0,0.437506756756759,,0.8347237428539686,0.6689668615984408,,,,-0.2999999999999999,0.4863023809523826,0.1824109938700242,0.07550000000000001,-0.18958907849829307,-1.3877787807814458e-18,-0.05499999999999995,0.2750423617420477,0.18062676317935175,0.11404231642675154
1512.0,0.5251567567567609,,0.8719336867876855,0.672085769980507,,,,-0.24399999999999983,0.4809142857142839,0.20014669920035258,0.11754000000000002,-0.19746518771331023,-0.012,0.001400000000000029,0.3025313970613475,0.16225224585113285,0.11404116772708507
1513.0,0.645502702702711,,0.9093571887497152,0.6752046783625733,,,,-0.18799999999999983,0.5118571428571421,0.22036594943173035,0.15126,-0.20352901023890763,-0.024,0.05460000000000002,0.336222061175216,0.1438050787662457,0.11404001653693588
1514.0,0.7576918918919004,,0.9470669223909429,0.6783235867446396,,,,-0.13199999999999984,0.5452761904761874,0.24306874456415756,0.17666,-0.20832423208191103,-0.036,0.1046,0.36859650638731123,0.13372400793531586,0.11403886281942534
1515.0,0.8592594594594665,,0.9850628877113682,0.6814424951267058,,,,-0.07599999999999982,0.5530363636363578,0.26791831590905163,0.19374,-0.21311945392491446,-0.048,0.1514,0.3964342027805231,0.13012872004196932,0.11403770653861942
1516.0,0.9554216216216268,,1.023345084710991,0.6845614035087721,,,,-0.019999999999999817,0.5854681818181791,0.2890275790816378,0.20249999999999999,-0.21791467576791787,-0.06,0.19499999999999998,0.4247011154860484,0.13581652862257113,0.11403654766733867
1517.0,1.0288594594594616,,1.0619135133898119,0.6876803118908384,,,,0.026200000000000175,0.6404909090909101,0.30268157382227684,0.1964,-0.22270989761092133,-0.0764,0.22119999999999998,0.4475917829929572,0.14739066360477235,0.11403538618638014
1518.0,1.077648648648648,,1.1005546157195174,0.6907992202729047,,,,0.05280000000000016,0.6528753246753238,0.30888030013096884,0.1689,-0.22750511945392474,-0.1016,0.21579999999999994,0.45487549498806334,0.1549830463525197,0.11403422209916315
1519.0,1.1209729729729716,,1.1205990237309638,0.6939181286549709,,,,0.059800000000000166,0.6157818181818171,0.3076237580077138,0.12,-0.23230034129692817,-0.1356,0.17879999999999996,0.4459197320138705,0.15734594706737437,0.11403305545506791
1520.0,1.1489729729729719,,1.121179767424436,0.6970370370370371,,,,0.047200000000000145,0.5570181818181796,0.2989119474525118,0.0497,-0.23709556313993158,-0.1784,0.11019999999999994,0.42243263034524003,0.1591129730876743,0.11403188635792413
1521.0,1.156432432432431,,1.1022968467999334,0.7001559454191035,,,,0.015000000000000142,0.49081897233201455,0.28648517663767076,-0.042000000000000016,-0.24189078498293498,-0.23000000000000004,0.00999999999999993,0.3856900548525414,0.1636594237210326,0.11403071496248121
1522.0,1.1433513513513494,,1.0639502618574568,0.7032748538011697,,,,-0.04039999999999986,0.45444189723320105,0.27066328244962135,-0.13382,-0.24668600682593844,-0.2882,-0.09500000000000007,0.3441177599754055,0.17093972466815505,0.11402954146338909
1523.0,1.1207027027027003,,1.0061400125970055,0.7063937621832361,,,,-0.12259999999999986,0.4535233201581047,0.2509331076431668,-0.20448000000000005,-0.25148122866894185,-0.3508,-0.17800000000000007,0.30399336365024665,0.17735262089039994,0.11402836607400814
1524.0,1.101405405405404,,0.9486185540867877,0.7095126705653023,,,,-0.2315999999999998,0.46266877470355994,0.22729465221830725,-0.25398,-0.25627645051194525,-0.4178,-0.23900000000000005,0.26604455663546117,0.18687972427390454,0.11402718900755571
1525.0,1.0977837837837832,,0.898109738846423,0.7126315789473686,,,,-0.36739999999999984,0.4793596837944696,0.19974791617504262,-0.28232,-0.2610716723549487,-0.48919999999999997,-0.2780000000000001,0.23192429890793337,0.20434791874300626,0.11402601046894213
1526.0,1.1098378378378377,,0.8546135668759112,0.7157504873294349,,,,-0.5299999999999998,0.499643741765483,0.16829289951337295,-0.2895,-0.2658668941979521,-0.565,-0.29500000000000004,0.20123735990112826,0.2327340961935689,0.11402483065159391
1527.0,1.1080810810810815,,0.8181300381752523,0.7188693957115012,,,,-0.6919999999999998,0.49610999435347364,0.13581728412602495,-0.28798,-0.2706621160409556,-0.6328333333333334,-0.30460000000000004,0.169853430396024,0.26248840948081353,0.1140236497402689
1528.0,1.0815405405405407,,0.7886591527444464,0.7219883040935675,,,,-0.8259999999999998,0.44863463203463416,0.10121045714488586,-0.29022000000000003,-0.275457337883959,-0.6803333333333332,-0.3214,0.1358224375227978,0.2823866298024913,0.11402246792023848
1529.0,1.0169345661450926,,0.7650451498335451,0.7251072124756338,,,,-0.9319999999999997,0.36941443001443464,0.06447241856995567,-0.29622000000000004,-0.2802525597269624,-0.7075,-0.3454,0.09892031771988952,0.2901670389403112,0.11402128538442959
1530.0,0.9142631578947376,,0.7414311469226438,0.7282261208577001,,,,-1.0099999999999998,0.31205079365079874,0.025603168401234395,-0.30598000000000003,-0.2850477815699658,-0.7143333333333333,-0.3766,0.06392152327110104,0.2903257684872467,0.1140201023313442
1531.0,0.7735263157894752,,0.7178171440117425,0.7313450292397663,,,,-1.0599999999999998,0.27473412698413124,-0.015397293361277964,-0.3195,-0.28984300341296926,-0.7008333333333334,-0.41500000000000004,0.030645094580473008,0.2843244915540554,0.11401891895710725
1532.0,0.624210526315792,,0.6942031411008411,0.7344639376218326,,,,-1.0827999999999998,0.21107222222222793,-0.05802152523709969,-0.33270000000000005,-0.29463822525597266,-0.6771666666666667,-0.45220000000000005,-0.0023974630011850155,0.2751871764043003,0.11401773545291043
1533.0,0.466315789473688,,0.6705891381899398,0.7375828460038989,,,,-1.0791999999999997,0.14658888888889296,-0.09071972342538284,-0.34149999999999997,-0.2994334470989761,-0.6535,-0.4798,-0.0313474548080744,0.2678697467128973,0.11401655200438522
1534.0,0.31875187969925156,,0.6469751352790385,0.7407017543859651,,,,-1.0491999999999997,0.09830000000000216,-0.10707877151072379,-0.3459,-0.30422866894197953,-0.6298333333333334,-0.49779999999999996,-0.051971004453458404,0.26438362793555176,0.11401536878250837
1535.0,0.20562406015037876,,0.6233611323681372,0.7438206627680314,,,,-0.9927999999999997,0.0692333333333355,-0.10709866949312255,-0.3459,-0.30902389078498294,-0.6061666666666667,-0.5062,-0.06155480784376939,0.26155567729369805,0.11401418593053875
1536.0,0.12693233082706964,,0.6037277928292217,0.7469395711500978,,,,-0.9099999999999998,0.05199583333333694,-0.09077941737257912,-0.3415,-0.3138191126279864,-0.5825,-0.5050000000000001,-0.06044010419736442,0.25694359840960734,0.11401300355592003
1537.0,0.08267669172932421,,0.5909162763534558,0.7500584795321641,,,,-0.8349999999999997,0.08563333333333698,-0.05812101514909348,-0.33544,-0.3186143344709898,-0.5588333333333333,-0.49429999999999996,-0.04814219421179405,0.25488829425487997,0.11401182172808981
1538.0,0.07285714285714244,,0.5849265829408389,0.7531773879142303,,,,-0.8019999999999998,0.13670333333333481,-0.019049496510204225,-0.33046000000000003,-0.3234095563139932,-0.5351666666666667,-0.4742,-0.03270193125581226,0.25545712489834504,0.11401064048490575
1539.0,0.08714285714285683,,0.5857587125913712,0.7562962962962966,,,,-0.8109999999999999,0.1941166666666662,0.01308269866283833,-0.32656,-0.32472747291883075,-0.5115000000000001,-0.4447,-0.017248828167160637,0.25767794774355246,0.11400945984889022
1540.0,0.10142857142857123,,0.593412665305053,0.7594152046783629,,,,-0.8619999999999998,0.1975299999999976,0.03811075433358018,-0.32374,-0.3225680842855024,-0.4878333333333334,-0.4058,-0.01024422619860757,0.2630931495010035,0.11400827984697656
1541.0,0.1110389610389609,,0.603907777709898,0.7625341130604292,,,,-0.9549999999999997,0.19633749999999944,0.056034670502021336,-0.32199999999999995,-0.3169313904140081,-0.4641666666666667,-0.3575,-0.007614307488217099,0.27789422409668596,0.11400710052437114
1542.0,0.11597402597402584,,0.6144028901147429,0.7656530214424955,,,,-1.0551999999999997,0.1844133333333296,0.06685444716816177,-0.31623999999999997,-0.30781739130434793,-0.4357666666666667,-0.30889999999999995,-0.006702438005106383,0.2978247831146808,0.11400592194251978
1543.0,0.11623376623376606,,0.6248980025195878,0.7687719298245617,,,,-1.1277999999999997,0.16443999999999578,0.07057008433200154,-0.30135999999999996,-0.29522608695652186,-0.39790000000000003,-0.2691,-0.003687034415941383,0.31523884730613944,0.11400474416764654
1544.0,0.13020202020202087,,0.6353931149244328,0.771890838206628,,,,-1.1727999999999998,0.14471238095237823,0.07448747448887147,-0.27735999999999994,-0.28263478260869573,-0.35056666666666664,-0.23809999999999998,0.004482633938616415,0.3267216265656095,0.11400356725916885
1545.0,0.16575757575757682,,0.6563357395894058,0.7733669754911624,,,,-1.1901999999999997,0.17202285714285423,0.07946954379033688,-0.24423999999999996,-0.27004347826086966,-0.2937666666666667,-0.21589999999999998,0.024240450673099486,0.33195783287071845,0.11400239125550553
1546.0,0.2275757575757587,,0.688918397968522,0.7707361850318677,,,,-1.1799999999999997,0.2337028571428541,0.08551629223639774,-0.20199999999999996,-0.2574521739130435,-0.22750000000000004,-0.20249999999999999,0.05465992759295517,0.3299954001352345,0.11400121616107141
1547.0,0.3156565656565664,,0.7331147427500488,0.7639984668287441,,,,-1.143,0.2574895238095217,0.09262771982705406,-0.16028999999999993,-0.2448608695652174,-0.16640000000000002,-0.18939999999999999,0.08685381091939129,0.31805364986976137,0.11400004195001685
1548.0,0.43,,0.7771202673018467,0.7531538208817915,,,,-1.0799999999999998,0.30434285714285647,0.10080382656230584,-0.12875999999999993,-0.23226956521739134,-0.12510000000000002,-0.1681,0.12407931665586043,0.29699668579047783,0.11399886857963247
1549.0,0.5478888888888878,,0.8209349716239153,0.7382022471910101,,,,-0.9909999999999999,0.36889714285714464,0.10967804341266889,-0.10740999999999992,-0.21967826086956524,-0.1036,-0.1386,0.1634914992991257,0.2695429844325348,0.11399769599488509
1550.0,0.6513333333333321,,0.8541113434561268,0.7207865168539316,,,,-0.8759999999999998,0.36468000000000583,0.11981401040060886,-0.09623999999999994,-0.20708695652173917,-0.10190000000000002,-0.10089999999999999,0.19382002074094612,0.23154891536385622,0.113996524140316
1551.0,0.7403333333333328,,0.8754568613444663,0.7033707865168533,,,,-0.7349999999999999,0.3232514285714333,0.1317270902583754,-0.09524999999999995,-0.19449565217391307,-0.12000000000000002,-0.05499999999999998,0.21839958077377433,0.18511863746587487,0.1139953529791807
1552.0,0.8131932367149766,,0.884997872600666,0.6859550561797747,,,,-0.5977999999999998,0.3448380952381036,0.14541728298596848,-0.09604999999999997,-0.181904347826087,-0.1418,-0.0077999999999999875,0.24586491557805973,0.1442411925471969,0.11399418248995878
1553.0,0.8697246376811615,,0.8945388838568655,0.6685393258426962,,,,-0.49419999999999986,0.3942914285714402,0.1608845885833881,-0.09024999999999997,-0.1693130434782609,-0.1512,0.03380000000000001,0.2726417780944486,0.11867602658617679,0.11399301265158802
1554.0,0.9142608695652201,,0.9040798951130652,0.6511235955056176,,,,-0.4241999999999998,0.46816571428572484,0.1781290070506343,-0.07785,-0.1567217391304348,-0.14820000000000003,0.0698,0.2988189302277023,0.10950081532918281,0.1139918434421052
1555.0,0.9569130434782636,,0.9136209063692649,0.6337078651685392,,,,-0.3877999999999998,0.5763257142857229,0.19495926531598567,-0.05885,-0.14413043478260873,-0.1328,0.1002,0.3261748319722363,0.12006085132471438,0.11399067484005704
1556.0,0.9976811594202919,,0.9245499313532509,0.6162921348314608,,,,-0.3849999999999998,0.6209542857142931,0.20006792289857245,-0.03325,-0.13153913043478266,-0.10499999999999998,0.125,0.34393582636702824,0.1314271281203576,0.11398950683069059
1557.0,1.0382608695652187,,0.939867821528904,0.5988764044943823,,,,-0.39359999999999984,0.68163428571429,0.1934549797983945,-0.00571,-0.11894782608695653,-0.07306666666666667,0.14300000000000002,0.36133718282347616,0.14978053195566515,0.11398833941509713
1558.0,1.0788405797101457,,0.9595745768962243,0.5814606741573038,,,,-0.3913999999999998,0.708568452380952,0.17512043601545188,0.01911,-0.10635652173913046,-0.04526666666666666,0.15299999999999997,0.37422534906414756,0.16109986426709788,0.11398717260714268
1559.0,1.1129043478260876,,0.9836701974552111,0.5640449438202253,,,,-0.3783999999999998,0.6604166666666613,0.1450642915497446,0.041210000000000004,-0.09376521739130436,-0.021600000000000008,0.15499999999999997,0.3778147189813821,0.158813156215294,0.11398600643681694
1560.0,1.1404521739130438,,1.0121546832058652,0.5466292134831467,,,,-0.3545999999999998,0.6498966666666648,0.10421606933541709,0.06059000000000001,-0.08117391304347828,-0.0020666666666666863,0.14899999999999997,0.38347001867811875,0.16365755821769903,0.11398484095228138
1561.0,1.1614840579710144,,1.0436400204203995,0.5292134831460684,,,,-0.3199999999999998,0.6912166666666614,0.0670866929516101,0.07725000000000001,-0.06858260869565218,0.013333333333333298,0.135,0.393924360568063,0.17533950150391545,0.11398367620193099
1562.0,1.1759999999999997,,1.0708526883125586,0.5117977528089899,,,,-0.2799999999999998,0.6442699999999913,0.03824536165476811,0.08553,-0.055991304347826086,0.023999999999999952,0.1156,0.39399064583156773,0.17381498427998995,0.11398251223296682
1563.0,1.184,,1.089936414471317,0.49632556864894595,,,,-0.23999999999999985,0.611682499999993,0.017692075444891122,0.07977,-0.043399999999999994,0.029333333333333284,0.09340000000000001,0.39283418517856755,0.17330238564818973,0.11398134910742172
1564.0,1.1797333333333333,,1.1008911988966752,0.48409262811729326,,,,-0.19999999999999984,0.6285599999999991,0.005426834321979129,0.05997,-0.030808695652173902,0.029333333333333277,0.06839999999999999,0.39352005922376343,0.17475703657085095,0.11398018689677138
1565.0,1.1674222222222221,,1.1037170415886328,0.47509893121403185,,,,-0.15999999999999986,0.5715199999999977,0.0014496382860321347,0.026129999999999997,-0.018217391304347817,0.02399999999999996,0.0406,0.3841322401893764,0.16637754126752424,0.11397902567899837
1566.0,1.1512888888888888,,1.09841394254719,0.46934447793916173,,,,-0.11999999999999986,0.5187999999999994,0.002041641506529635,-0.02175,-0.005626086956521725,0.013333333333333303,0.009999999999999992,0.3725448157145776,0.1588778803432996,0.1139778655497711
1567.0,1.1313333333333335,,1.0892545710947217,0.466829268292683,,,,-0.08439999999999984,0.5266917647058852,0.003166327260387518,-0.07217,0.006321739130434797,-0.0006000000000000172,-0.022000000000000006,0.3654028963704641,0.15704966270280477,0.11397670661334777
1568.0,1.1091428571428574,,1.0800951996422534,0.46560975609756106,,,,-0.05759999999999985,0.5186211764705907,0.004942134556062488,-0.11363000000000001,0.01569565217391305,-0.01573333333333334,-0.054000000000000006,0.35627454026371,0.15612198922283668,0.11397554896978802
1569.0,1.0973809523809528,,1.0709358281897852,0.4643902439024391,,,,-0.03959999999999984,0.4993145098039207,0.0073690633935545435,-0.14613,0.02249565217391305,-0.03206666666666666,-0.08600000000000001,0.34676915430650945,0.15694866902760674,0.11397439271894345
1570.0,1.091825396825397,,1.0617764567373171,0.4631707317073171,,,,-0.030399999999999826,0.5015411764705866,0.010447113772863687,-0.16967,0.026721739130434786,-0.04959999999999998,-0.11800000000000002,0.3397414574531112,0.16000780996080355,0.11397323796076067
1571.0,1.0882539682539687,,1.052617085284849,0.4619512195121951,,,,-0.029999999999999825,0.4828569659442725,0.014176285693989914,-0.18424999999999997,0.02837391304347826,-0.0683333333333333,-0.15,0.33052480642866156,0.16131943949978542,0.11397208479297262
1572.0,1.086666666666667,,1.043457713832381,0.4607317073170732,,,,-0.041599999999999825,0.441287306501548,0.01771422853148317,-0.19392,0.02809565217391304,-0.08904999999999995,-0.1778,0.31851852349102605,0.1604894792785268,0.11397093331723196
1573.0,1.0854761904761907,,1.0342983423799128,0.4595121951219513,,,,-0.06839999999999982,0.4119157894736845,0.019595306242760242,-0.20273,0.02781739130434782,-0.11253333333333329,-0.1972,0.30673538415527096,0.15877150647674715,0.11396978364157977
1574.0,1.0842857142857143,,1.0251389709274445,0.4582926829268293,,,,-0.11039999999999983,0.40930877192982534,0.019819518827821132,-0.21067999999999998,0.027539130434782604,-0.1387833333333333,-0.2082,0.29659234158862796,0.15643659938369286,0.11396863587450144
1575.0,1.083095238095238,,1.0159795994749765,0.4570731707317073,,,,-0.16759999999999983,0.42472210526315807,0.01838686628666584,-0.21776999999999996,0.027260869565217387,-0.16779999999999995,-0.21080000000000002,0.28721498093041586,0.15450025486025504,0.11396749012060448
1576.0,1.081904761904762,,1.0069660850566915,0.4558536585365854,,,,-0.23999999999999982,0.43788631578947446,0.01529734861929436,-0.22399999999999998,0.026982608695652166,-0.19958333333333328,-0.205,0.27659094051563216,0.15420415135607013,0.11396634648264338
1577.0,1.0807142857142857,,1.000929366307275,0.4546341463414634,,,,-0.31499999999999984,0.4354442105263163,0.01086063391779638,-0.22668999999999997,0.02670434782608695,-0.22808333333333328,-0.19660000000000002,0.2652515617187085,0.15662584289612036,0.11396520506530043
1578.0,1.0795238095238096,,0.9978694432267267,0.4534146341463415,,,,-0.3799999999999998,0.4046863157894727,0.007502037746286628,-0.22315999999999997,0.02642608695652173,-0.24724999999999997,-0.1914,0.25372142872763537,0.15966646364052448,0.11396406597554576
1579.0,1.0783333333333334,,0.9977863158150468,0.45196320068463836,,,,-0.4349999999999998,0.35928000000000004,0.006096201092958393,-0.21341000000000002,0.026147826086956517,-0.2570833333333333,-0.1894,0.24343155035667952,0.16370752796945498,0.11396292932001609
1580.0,1.0771428571428572,,1.0006799840722351,0.44935216089002983,,,,-0.4799999999999998,0.3243199999999999,0.006643123957811675,-0.19744,0.025869565217391293,-0.25758333333333333,-0.1906,0.23679863178341867,0.1693477099819635,0.11396179519997184
1581.0,1.075952380952381,,1.0064045909641088,0.44558151476251584,,,,-0.5149999999999999,0.29628999999999894,0.009142806340846476,-0.17524999999999996,0.025591304347826076,-0.24874999999999997,-0.195,0.23345645572548723,0.17553402540084487,0.11396066370617229
1582.0,1.0747619047619048,,1.0115745864955454,0.4406512623020965,,,,-0.5323999999999998,0.27783999999999864,0.013595248242062794,-0.15116,0.025313043478260862,-0.2363,-0.19740000000000002,0.23360780051670646,0.1794589436492899,0.11395953491723186
1583.0,1.0735714285714286,,1.0145978544597987,0.4345614035087717,,,,-0.5245999999999997,0.2836505263157899,0.018922331131472396,-0.12948999999999997,0.025034782608695644,-0.22594999999999996,-0.1926,0.23873002864831525,0.17820563514783283,0.11395840889829895
1584.0,1.0723809523809524,,1.0154743948568683,0.4275438596491227,,,,-0.49159999999999976,0.29653052631578947,0.02130691778885717,-0.11023999999999998,0.024756521739130427,-0.2177,-0.1806,0.24674551326179156,0.17199779195683876,0.11395728570011548
1585.0,1.0735907335907335,,1.0142042076867548,0.4205263157894736,,,,-0.4333999999999998,0.3167157894736832,0.020494876274568932,-0.09340999999999999,0.02447826086956521,-0.21155,-0.1614,0.25798521435719746,0.16206212347193258,0.1139561653610508
1586.0,1.0772007722007721,,1.010787292949458,0.41350877192982455,,,,-0.34999999999999976,0.35377105263157715,0.016486206588607687,-0.079,0.02419999999999999,-0.20750000000000002,-0.13499999999999998,0.2734056056187435,0.15073831206951294,0.11395504790749957
1587.0,1.083211068211068,,1.0057782620054148,0.40649122807017546,,,,-0.2663999999999998,0.4113789473684196,0.00928090873097344,-0.06907999999999999,0.02392173913043477,-0.2045,-0.10679999999999998,0.2902884113403682,0.14495030748818388,0.1139539333542943
1588.0,1.0917145460066806,,1.0007692310613716,0.39947368421052637,,,,-0.20759999999999978,0.4681999999999972,-0.001121017298333815,-0.06572,0.023643478260869554,-0.2015,-0.0822,0.3035261882128307,0.1468866943633907,0.11395282171302466
1589.0,1.102928029152748,,0.9957602001173285,0.39245614035087734,,,,-0.1735999999999998,0.49238947368420805,-0.01038709464261367,-0.06892000000000001,0.023365217391304337,-0.1985,-0.0612,0.31038939259410475,0.1503379195379458,0.11395171300562722
1590.0,1.1144512602490129,,0.9907511691732852,0.3854385964912283,,,,-0.16439999999999982,0.4865894736842088,-0.014858482008709229,-0.07868,0.023086956521739123,-0.1955,-0.04379999999999999,0.31126809339979605,0.15183907903520405,0.1139506072732147
1591.0,1.126284239295475,,0.9857421382292421,0.37842105263157927,,,,-0.17999999999999985,0.46207368421052547,-0.014535179396620487,-0.095,0.022808695652173902,-0.1925,-0.029999999999999992,0.307289659050957,0.15211622904787628,0.11394950457678829
1592.0,1.1384269662921347,,0.9807331072851989,0.3714035087719301,,,,-0.20679999999999982,0.4255789473684216,-0.009417186806347452,-0.10917999999999999,0.02253043478260868,-0.1883,-0.014399999999999996,0.3020177737581142,0.1523777507774803,0.11394840499184862
1593.0,1.1507865168539326,,0.9757240763411558,0.3643859649122811,,,,-0.23119999999999985,0.39876842105263344,0.0004954957621098807,-0.11251999999999998,0.022252173913043467,-0.1817,0.008400000000000003,0.30049946087223517,0.1537680894825,0.1139473085968517
1594.0,1.1631460674157306,,0.9717809185139388,0.35736842105263206,,,,-0.25319999999999987,0.40337894736842267,0.01381288768407594,-0.10501999999999997,0.021973913043478246,-0.1727,0.038400000000000004,0.30485431149654735,0.15671366551919527,0.11394621545951718
1595.0,1.1755056179775285,,0.9694120275416921,0.35035087719298297,,,,-0.2727999999999999,0.4258736842105277,0.027130279606041995,-0.08668,0.02169565217391303,-0.1613,0.0756,0.31343900985898815,0.1614047900719489,0.11394512563019413
1596.0,1.1878651685393264,,0.9686174034244159,0.34396806623299814,,,,-0.2899999999999998,0.457052631578949,0.04044767152800806,-0.05749999999999998,0.021493913043478245,-0.1475,0.12000000000000002,0.32540468142343715,0.16808549277344062,0.11394403914360769
1597.0,1.2002851353840494,,0.9693970461621099,0.3439325842696624,,,,-0.29639999999999983,0.4898947368421053,0.053765063449974115,-0.024699999999999993,0.021445217391304332,-0.13036666666666666,0.16419999999999998,0.3401055076719734,0.17438321674524473,0.11394295602231755
1598.0,1.212856142936085,,0.9717509557547744,0.35024443130297545,,,,-0.28359999999999985,0.5144842105263149,0.06708245537194017,0.004500000000000007,0.021549565217391285,-0.10896666666666668,0.2008,0.35603030543300096,0.17764106613630845,0.11394187627988693
1599.0,1.2255781911954329,,0.9746132590855829,0.3629036073329375,,,,-0.2515999999999998,0.5421789473684203,0.08039984729390623,0.030100000000000005,0.021806956521739116,-0.08330000000000001,0.2298,0.37420827686852143,0.17791676487943975,0.11394079992317431
1600.0,1.2384512801620933,,0.9774755624163916,0.3819101123595484,,,,-0.20039999999999983,0.5779473684210521,0.09371723921587229,0.0521,0.02221739130434781,-0.053366666666666694,0.2512,0.39508542470998337,0.17589188645040543,0.11393972695147511
1601.0,1.251475409836066,,0.9803378657472003,0.406629213483144,,,,-0.12999999999999984,0.6178736842105257,0.10703463113783833,0.07050000000000001,0.02270434782608694,-0.019166666666666714,0.265,0.41819904454613893,0.17266902933154252,0.11393865735526065
1602.0,1.2645901639344266,,0.9832001690780089,0.4313483146067396,,,,-0.06479999999999983,0.6678421052631578,0.12035202305980439,0.084,0.023191304347826076,0.010099999999999944,0.26959999999999995,0.43990260401771586,0.1721477629142596,0.11393759111976254
1603.0,1.2758704137392665,,0.9866298330685455,0.45606741573033516,,,,-0.029199999999999827,0.7257473684210545,0.13366941498177046,0.0913,0.023678260869565204,0.025233333333333274,0.26339999999999997,0.45619980000310656,0.17384613878972766,0.11393652823517313
1604.0,1.281035649232371,,0.990631957771295,0.48078651685393076,,,,-0.023199999999999825,0.7554526315789489,0.1469868069037365,0.09240000000000001,0.024165217391304332,0.026233333333333275,0.24639999999999995,0.4630494072952115,0.17151896745861922,0.11393546871025305
1605.0,1.2800858704137394,,0.9952065431862571,0.5055056179775264,,,,-0.04679999999999983,0.7560842105263197,0.16030419882570257,0.0873,0.024652173913043467,0.013099999999999954,0.2186,0.4603640574729784,0.16438388537089393,0.11393441258288789
1606.0,1.2730210772833728,,1.0003535893134328,0.5302247191011219,,,,-0.09999999999999984,0.7221894736842149,0.17379685405184706,0.076,0.025139130434782598,-0.014166666666666699,0.18,0.44761601370893,0.1529790893956066,0.11393335992420262
1607.0,1.2598412698412704,,1.006073096152821,0.5549438202247174,,,,-0.15859999999999982,0.6548491228070226,0.18773355109247958,0.06185999999999999,0.025626086956521726,-0.045933333333333354,0.1384,0.42943955736286943,0.13962605988253482,0.11393231083552806
1608.0,1.2423809523809528,,1.0110231615488183,0.579662921348313,,,,-0.19839999999999985,0.5893333333333385,0.20211428994760014,0.04824,0.02611304347826086,-0.07256666666666668,0.1016,0.4139102995257812,0.1288795503153372,0.11393126543380466
1609.0,1.224920634920635,,1.0121091171098175,0.6043820224719086,,,,-0.21939999999999982,0.5573438596491289,0.21693907061720868,0.03514,0.02659999999999999,-0.09406666666666666,0.0696,0.4043169997989227,0.12240098093969168,0.11393022383068838
1610.0,1.2075377468060395,,1.009330962835818,0.6291011235955042,,,,-0.22159999999999985,0.5608807017543901,0.23220789310130527,0.022560000000000004,0.027086956521739126,-0.11043333333333334,0.04240000000000001,0.4008674011168658,0.11781633856097298,0.11392918611964946
1611.0,1.190232288037166,,1.0026886987268202,0.6538202247190996,,,,-0.20499999999999985,0.578847368421056,0.24774549409571148,0.010500000000000002,0.027573913043478254,-0.12166666666666666,0.020000000000000007,0.40143432802638596,0.1130960788199389,0.11392815237459687
1612.0,1.1730042586140144,,0.992182324782824,0.6785393258426954,,,,-0.17899999999999983,0.5738140350877201,0.2597118104330097,-0.00032999999999999837,0.028060869565217382,-0.12866666666666665,0.0057000000000000045,0.40126179175460097,0.1052108416450828,0.11392712265750912
1613.0,1.1558536585365846,,0.9785863824997054,0.7032584269662909,,,,-0.15299999999999986,0.5441719298245609,0.26781351833279265,-0.009219999999999997,0.028547826086956517,-0.13233333333333333,0.0028000000000000017,0.3996080368800753,0.09433058105428709,0.11392609702917053
1614.0,1.1486036585365853,,0.9649904402165868,0.7265675527541783,,,,-0.12699999999999984,0.5068877192982437,0.2720506177950601,-0.016169999999999997,0.029034782608695648,-0.13266666666666665,0.011300000000000001,0.39932000644298793,0.08542427459981737,0.1139250755521107
1615.0,1.1522682926829273,,0.9513944979334683,0.7451767607563708,,,,-0.10099999999999984,0.4413953216374251,0.27242310881981213,-0.021179999999999997,0.029521739130434776,-0.12966666666666665,0.031200000000000006,0.39811350141809665,0.08071355334350414,0.1139240582882863
1616.0,1.1668475609756108,,0.9377985556503496,0.7590860509728689,,,,-0.07499999999999982,0.370028654970759,0.2689309914070487,-0.02425,0.03000869565217391,-0.12333333333333332,0.0625,0.39822191361826725,0.08594344614756297,0.11392304529863322
1617.0,1.180262195121952,,0.9242026133672312,0.7682954234036721,,,,-0.056199999999999826,0.35748654970760185,0.2641749214045052,-0.02905,0.030495652173913042,-0.11586666666666665,0.0959,0.4029302648399404,0.08920362411775694,0.1139220366383199
1618.0,1.1873353658536598,,0.9106066710841125,0.7728048780487805,,,,-0.051799999999999825,0.36648654970760164,0.2579039008644675,-0.03924999999999999,0.03098260869565217,-0.10946666666666664,0.12209999999999999,0.4057305267474803,0.08966958008784007,0.11392103235475329
1619.0,1.1782439024390254,,0.897010728800994,0.7740243902439025,,,,-0.06179999999999981,0.3676970760233914,0.2501179297869356,-0.054849999999999996,0.031469565217391304,-0.1041333333333333,0.1411,0.40284822190655023,0.08789488130976646,0.11392003249929238
1620.0,1.151896341463416,,0.886870589512544,0.7752439024390243,,,,-0.08619999999999982,0.38825263157894757,0.24081700817190943,-0.07585,0.03195652173913043,-0.09986666666666665,0.15289999999999998,0.3975622288125501,0.08074605278712428,0.11391903713659537
1621.0,1.1194796747967484,,0.8823119420575777,0.7764634146341465,,,,-0.12499999999999982,0.4502526315789493,0.23000113601938904,-0.10225,0.03244347826086956,-0.09666666666666665,0.1575,0.3934137570568209,0.07389257106460943,0.11391804633912923
1622.0,1.1005311653116532,,0.8833347864360949,0.7776829268292683,,,,-0.15719999999999984,0.48669473684210407,0.2187758535073901,,0.032930434782608695,-0.09676666666666665,0.15835,0.4024486956368197,0.06768439071521455,0.11391706016772697
1623.0,1.1002276422764226,,0.8899391226480958,0.7789024390243903,,,,-0.16179999999999983,0.4535368421052609,0.20792626402976383,,0.03341739130434783,-0.1024,0.15889999999999999,0.3973727472308006,0.06902822266918295,0.1139160786712901
1624.0,1.1185691056910563,,0.9021249506935802,0.7801219512195121,,,,-0.13879999999999984,0.40932631578947054,0.19745236758651036,,0.033904347826086964,-0.11356666666666666,0.15914999999999999,0.3962208217587194,0.07526051033283376,0.11391510190804612
1625.0,1.136078431372548,,0.9164364675778796,0.7813414634146343,,,,-0.0881999999999998,0.3945052631578879,0.18735416417762962,,0.03498086956521739,-0.13026666666666667,0.1591,0.4010038906986727,0.08167404700534273,0.1139141299361881
1626.0,1.1415686274509804,,0.9279022549839617,0.7825609756097561,,,,-0.00999999999999982,0.3761719298245524,0.1776316538031216,,0.03684347826086957,-0.15250000000000002,0.15875,0.40629266040246287,0.09236081017471874,0.11391316279944735
1627.0,1.1275816993464067,,0.9359332783585348,0.7837804878048781,,,,0.07540000000000018,0.37368304093566695,0.16828012478674165,,0.03949217391304348,-0.17503333333333332,0.15825,0.41167472172231817,0.10539468665330604,0.11391220053512452
1628.0,1.106342928660827,,0.9405295377015992,0.7850000000000001,,,,0.14760000000000018,0.4277777777777736,0.16044607470274422,,0.04292695652173913,-0.19263333333333335,0.15775,0.42149388508003055,0.11516076932300279,0.11391124317574572
1629.0,1.086002503128912,,0.9416910330131548,0.7862195121951221,,,,0.20660000000000017,0.49271461988303766,0.1541295035511293,,0.04714782608695652,-0.20529999999999998,0.15725,0.4315733357274708,0.12761592795012366,0.11391029074550701
1630.0,1.0860375469336676,,0.9394177642932018,0.787439024390244,,,,0.2524000000000002,0.5117461988304081,0.14933041133189695,,0.051565217391304354,-0.21303333333333332,0.15675,0.43770642816959054,0.1410917254425342,0.11390934326740262
1631.0,1.1064480600750943,,0.9366204845367481,0.7798915383567236,,,,0.28500000000000014,0.500079532163742,0.1460487980450471,,0.05598260869565219,-0.21583333333333327,0.15625,0.44091030135873316,0.15188129380884297,0.11390840077326488
1632.0,1.147234042553192,,0.9355405867672666,0.7626029431802682,,,,0.30510000000000015,,0.14415446399818133,,0.06040000000000001,-0.21439999999999998,0.1571,0.4474221618867806,0.17204678517894817,0.11390746330023772
1633.0,1.184028368794327,,0.9361780709847574,0.735573238860878,,,,0.3134000000000002,,0.1389020655155498,,0.06481739130434785,-0.20943333333333328,0.16065000000000002,0.45072013259023286,0.17919284134101512,0.11390653088472989
1634.0,1.207331757289205,,0.9385329371892205,0.6988024253985528,,,,0.3099000000000002,,0.12948798102998665,,0.06923478260869567,-0.20093333333333327,0.1669,0.450112726097208,0.18302047848983,0.11390560356891812
1635.0,1.2171442080378259,,0.9426051853806561,0.6522905027932925,,,,0.29460000000000014,,0.1159122105414919,,0.07365217391304349,-0.18889999999999996,0.17585,0.44559994240770573,0.18410131712493885,0.11390468140760282
1636.0,1.2134657210401891,,0.9483297920422732,0.6048044692737397,,,,0.2675000000000002,,0.09817475405006554,,0.0780695652173913,-0.17333333333333328,0.1875,0.43826952836070776,0.18250443576573086,0.11390376446786112
1637.0,1.1962962962962955,,0.9540543987038905,0.5573184357541868,,,,0.23450000000000015,,0.07627561155570754,,0.08248695652173914,-0.1665333333333333,0.1924,0.4260554530117278,0.18123699921944936,0.11390285282894703
1638.0,1.1835769980506816,,0.9597790053655076,0.509832402234634,,,,0.20150000000000015,,0.05139957183832079,,0.08690434782608698,-0.1808,0.18109999999999998,0.40936719798882093,0.18494561599436388,0.11390194658457096
1639.0,1.182456140350877,,0.9655036120271248,0.46234636871508117,,,,0.16850000000000018,0.5226400000000039,0.022353778368318523,,0.0913217391304348,-0.21613333333333334,0.15360000000000001,0.39669925877193685,0.18345317444281004,0.11390104583660454
1640.0,1.1929337231968813,,0.9726383330457411,0.41486033519552834,,,,0.13550000000000018,0.5030790909090915,-0.010861768854299283,,0.09573913043478263,-0.27253333333333335,0.10990000000000003,0.37321783714259077,0.19864611983470246,0.1139001506928468
1641.0,1.2150097465886947,,0.9837802788656432,0.3673743016759755,,,,0.10250000000000019,0.5257272727272698,-0.04824706982953262,,0.10015652173913045,-0.35,0.050000000000000024,0.3515562306062339,0.2237104841000807,0.11389926127442235
1642.0,1.2421923774954635,,0.998929449486831,0.3198882681564227,,,,0.07820000000000019,0.5661939393939381,-0.08980212455738149,,0.10457391304347827,-0.4298,-0.013799999999999979,0.3326978718564086,0.2564780550813706,0.11389837770586653
1643.0,1.2659001814882038,,1.0157335295490828,0.2724022346368698,,,,0.07130000000000018,0.5705772727272713,-0.12950300508829726,,0.10899130434782611,-0.4932,-0.06919999999999998,0.31452294903887573,0.2865540629277509,0.11389750010428715
1644.0,1.2803339382940115,,1.031392688279011,0.224916201117317,,,,0.08180000000000018,0.5360080419580389,-0.15316618343809674,,0.11340869565217393,-0.5401999999999999,-0.1162,0.2973331561723756,0.3093314672933253,0.11389662858191633
1645.0,1.2844794491299247,,1.0444968113196165,0.17743016759776414,,,,0.10970000000000017,0.47060664335664015,-0.16079165960677988,,0.11782608695652175,-0.5708,-0.1548,0.28176139138251244,0.32638927536310053,0.11389576324686645
1646.0,1.2780831643002029,,1.052448788226613,0.1299441340782113,,,,0.15500000000000017,0.37437307692307475,-0.1523794335943467,,0.12224347826086959,-0.585,-0.185,0.26749091465372776,0.3401651075037622,0.1138949042020351
1647.0,1.2676369168357002,,1.055248619,0.08245810055865843,,,,0.19020000000000015,0.2873286324786302,-0.1279295054007972,,0.12666086956521744,-0.5904,-0.20579999999999998,0.25590096185848155,0.35197277861919324,0.11389405154389974
1648.0,1.2559229208924951,,1.055248619,0.0349720670391056,,,,0.18780000000000013,0.21947863247863095,-0.09129252731981716,,0.13107826086956526,-0.5946,-0.2162,0.2444569996276561,0.35866596719180804,0.1138932053625896
1649.0,1.2429411764705887,,1.055248619,0.0058721291123522605,,,,0.14780000000000015,0.17398860398860366,-0.06414832521122081,,0.13549565217391307,-0.5976,-0.2162,0.2334558754692402,0.35725515990929524,0.11389236574482108
1650.0,1.2297058823529414,,1.055248619,-0.004841713221601608,,,,0.07020000000000018,0.15782905982905984,-0.04686060319024187,,0.1399130434782609,-0.5993999999999999,-0.20579999999999998,0.22374436799303815,0.3472183797985736,0.11389153277483939
1651.0,1.2164705882352944,,1.055248619,0.002830540037243999,,,,-0.04499999999999978,0.17099999999999943,-0.03942936125688032,,0.1443304347826087,-0.6,-0.185,0.21535064938746568,0.33042575414696324,0.11389070653266026
1652.0,1.2098823529411764,,1.0519400782332329,0.028888888888889082,,,,-0.1591999999999998,0.18846666666666587,-0.041854599411136145,,0.14874782608695652,-0.6,-0.1662,0.2087084707883011,0.31533878468192383,0.1138898870929035
1653.0,1.2099411764705883,,1.0443380824011759,0.07333333333333363,,,,-0.23379999999999979,0.19904444444444355,-0.05413631765300936,,0.15316521739130437,-0.6,-0.1618,0.20531010667519572,0.30384114282706065,0.11388907452271554
1654.0,1.2166470588235294,,1.0324426315038289,0.11777777777777818,,,,-0.2687999999999998,0.20243703703703636,-0.06808475749842724,,0.1536178732919255,-0.6,-0.1718,0.20354918273606623,0.2960538140630226,0.11388826888019248
1655.0,1.2109999999999999,,1.0162537255411925,0.1622222222222227,,,,-0.2641999999999998,,-0.08391862273570014,,0.15010579378881989,-0.6,-0.1962,0.2096135471764839,0.3057309426090478,0.11388747021050055
1656.0,1.193,,0.9957713645132659,0.20666666666666728,,,,-0.21999999999999983,,-0.10163791336482804,,0.1426289788819876,-0.6,-0.23500000000000001,0.20788429441155365,0.2954359368156539,0.11388667855008071
1657.0,1.1560000000000001,,0.9743040891868165,0.25111111111111184,,,,-0.1625999999999998,,-0.12124262938581094,,0.13118742857142857,-0.5999000000000001,-0.273,0.2046881572598603,0.2843852577977491,0.11388589394288881
1658.0,1.1,,0.9543514750565933,0.29555555555555635,,,,-0.1183999999999998,,-0.14273277079864882,,0.11578114285714285,-0.5996,-0.295,0.1989500826582475,0.2709458318689246,0.11388511644389836
1659.0,1.025,,0.9359445045490118,0.3400000000000009,,,,-0.08739999999999981,,-0.15933333563907906,,0.1003748571428571,-0.5991,-0.301,0.19201641058101587,0.25458544487045276,0.11388434611430558
1660.0,0.95,,0.9190831776640718,0.3844444444444455,,,,-0.06959999999999981,,-0.16243948746853343,,0.0849685714285714,-0.5984,-0.291,0.18733774558298644,0.23722098263398933,0.11388358301712839
1661.0,0.9059999999999999,,0.9037674944017736,0.42888888888889004,,,,-0.06499999999999982,,-0.152051226287012,,0.06956228571428566,-0.5974999999999999,-0.265,0.1887890876641592,0.22139867667588137,0.11388282720668556
1662.0,0.893,,0.8899974547621172,0.4733333333333345,,,,-0.07519999999999982,,-0.12816855209451472,,0.054155999999999926,-0.5965,-0.2314,0.19510793682453414,0.20609738104884773,0.11388207871997193
1663.0,0.9109999999999999,,0.8762583975488765,0.517777777777779,,,,-0.10179999999999982,,-0.09079146489104165,,0.038749714285714186,-0.5954999999999999,-0.19860000000000003,0.20484246041458307,0.19195596693018313,0.11388133757674497
1664.0,0.9517272727272725,,0.8625193403356357,0.5622222222222236,,,,-0.14479999999999982,,-0.045954037503987716,,0.02334342857142846,-0.5945,-0.1666,0.21620043561848862,0.18147825250771765,0.11388060378469406
1665.0,1.015181818181818,,0.8487802831223951,0.6066666666666682,,,,-0.2041999999999998,,-0.005836075704203181,,0.007937142857142731,-0.5935,-0.13540000000000002,0.22765938671489458,0.18043556103473793,0.11387987734513177
1666.0,1.0703636363636355,,0.8350412259091543,0.6511111111111128,,,,-0.2799999999999998,,0.029562420508311926,,-0.007469142857142996,-0.5924999999999999,-0.10500000000000001,0.23534431370380096,0.1871768287887065,0.11387915826055411
1667.0,1.1172727272727256,,0.8213021686959137,0.6955555555555573,,,,-0.3485999999999998,,0.06024145113355763,,-0.022875428571428724,-0.5874499999999999,-0.0782,0.24236146658520777,0.19963979511706742,0.11387844653999195
1668.0,1.1533596837944644,,0.8075631114826731,0.7379804639804652,,,,-0.3863999999999998,,0.0862010161715339,,-0.038281714285714454,-0.5742999999999999,-0.057800000000000004,0.25124597746734484,0.21028316155899304,0.1138777421947858
1669.0,1.185197628458496,,0.7938240542694323,0.7703076923076931,,,,-0.39339999999999986,,0.10800320397368406,,-0.05368800000000018,-0.55305,-0.04380000000000001,0.2618799797005802,0.21616519007807922,0.1138770452315965
1670.0,1.2127865612648203,,0.7800849970561916,0.7925372405372412,,,,-0.3695999999999998,,0.12048312922990576,,-0.06909428571428591,-0.5237,-0.03620000000000001,0.2736178626211511,0.2160370751362099,0.11387635565097247
1671.0,1.2361264822134372,,0.7663459398429511,0.8046691086691087,,,,-0.31499999999999984,,0.12192295199213295,-0.1625,-0.08450057142857163,-0.4862499999999999,-0.03500000000000001,0.2799284562314073,0.19794661224326535,0.11387567345424014
1672.0,1.2552173913043472,,0.7568713980770888,0.8067032967032965,,,,-0.24839999999999982,,0.11232267226036563,-0.14165,-0.09990685714285737,-0.44404999999999994,-0.03340000000000001,0.2930277884439831,0.19158268619299773,0.11387499864480079
1673.0,1.2611304347826082,,0.7558692745075942,0.8006593406593405,,,,-0.18859999999999982,,0.09168229003460379,-0.12390000000000001,-0.11531314285714309,-0.40045000000000003,-0.02460000000000001,0.30333559910229,0.18419277983645155,0.11387433122091462
1674.0,1.2555652173913041,,0.7633395691344671,0.7946153846153845,,,,-0.13559999999999986,,0.060001805314847445,-0.10925,-0.13071942857142882,-0.35545,-0.008600000000000009,0.3119383047420201,0.1772155110336353,0.11387367118078541
1675.0,1.2385217391304348,,0.7777159831847754,0.7885714285714284,,,,-0.08939999999999984,,0.028233830574196074,-0.09769999999999998,-0.14612571428571455,-0.30905,0.014599999999999993,0.3198788291076363,0.17039070327351738,0.11387301852808422
1676.0,1.219081081081081,,0.7979887423991855,0.7825274725274723,,,,-0.049999999999999836,,0.0018077625411823547,-0.08924999999999998,-0.16153200000000031,-0.26125,0.045,0.32865725037139193,0.16578411155804762,0.11387237326789831
1677.0,1.1972432432432432,,0.8198933313303188,0.7764835164835163,,,,-0.013999999999999842,,-0.019276398784193717,,-0.17693828571428605,-0.21719999999999998,0.0728,0.3400813331442419,0.17505547921700068,0.11387173540165763
1678.0,1.1844864864864864,,0.8392218472291862,0.7704395604395602,,,,0.02200000000000015,,-0.035018653401932144,,-0.19234457142857175,-0.18205,0.0882,0.3470724909900082,0.17859636728212663,0.11387110492883984
1679.0,1.180170697012802,,0.8559742900957878,0.7643956043956042,,,,0.05800000000000014,,-0.04541900131203292,,-0.20775085714285746,-0.1558,0.0912,0.35280199895558007,0.1855275050594827,0.11387048185493469
1680.0,1.1828022759601706,,0.8717169587030558,0.7583516483516481,,,,0.09400000000000015,,-0.05210779244166713,,-0.2231571428571432,-0.13845000000000002,0.0818,0.35707515078892504,0.19475450859124932,0.11386986619225296
1681.0,1.1833001422475105,,0.8831314290285388,0.7523076923076921,,,,0.13000000000000014,,-0.05879658357130135,,-0.2366786285714289,-0.13,0.059999999999999984,0.35811366375454345,0.20452011823583024,0.11386925795905688
1682.0,1.1816642958748222,,0.8892506380999233,0.7462637362637361,,,,0.14420000000000016,,-0.06572635155745067,,-0.2480292285714288,-0.126,0.024999999999999984,0.3535335435881173,0.21085244893859065,0.11386865718488232
1683.0,1.1755263157894738,,0.8900745859172096,0.7402197802197801,,,,0.11480000000000015,,-0.07294761205178316,,-0.2572089428571431,-0.122,-0.024000000000000025,0.34076367320160916,0.20951102179747613,0.11386806391844649
1684.0,1.163157894736842,,0.8856032724803973,0.734175824175824,,,,0.04180000000000016,,-0.0804603650542988,,-0.2642177714285716,-0.11800000000000002,-0.08700000000000002,0.31958801418819116,0.20241167687683373,0.1138674782343605
1685.0,1.146052631578947,,0.8758366977894865,0.728131868131868,,,,-0.07479999999999984,,-0.0882646105649976,,-0.2690557142857144,-0.11400000000000002,-0.164,0.29019326640561577,0.19532149438411542,0.11386690023556553
1686.0,1.1242105263157889,,0.865103060126262,0.722087912087912,,,,-0.23499999999999982,,-0.09636034858387957,,-0.27360757142857156,-0.11000000000000001,-0.255,0.252884854639106,0.19852217333915254,0.11386633005292096
1687.0,1.0975775438596482,,0.8543694224630377,0.7157867786663598,,,,-0.3967999999999998,,-0.10450660225442958,,-0.2781594285714287,-0.11344000000000001,-0.33820000000000006,0.2147841215948155,0.2147285144777185,0.11386576783832104
1688.0,1.06849894736842,,0.8436357847998133,0.7092284678672113,,,,-0.5181999999999998,,-0.1126528559249796,,-0.28271128571428583,-0.13176,-0.39180000000000004,0.18323553962393946,0.23019654489398123,0.1138652137456871
1689.0,1.0393431578947356,,0.8329021471365889,0.7024129796904666,,,,-0.5991999999999997,,-0.12079910959552961,,-0.287263142857143,-0.16495999999999997,-0.41580000000000006,0.15853516135805687,0.23753679272707834,0.11386466791177417
1690.0,1.010110175438595,,0.8221685094733646,0.6953403141361255,,,,-0.6397999999999998,,-0.12904379909986768,,-0.29181500000000016,-0.21303999999999998,-0.4102,0.14067068231794427,0.2336334252835168,0.11386413044928213
1691.0,0.9807999999999988,,0.8114348718101402,0.6880104712041883,,,,-0.6399999999999998,,-0.14065957880243207,,-0.2963668571428573,-0.2759999999999999,-0.375,0.1292330207080468,0.21858100157277008,0.11386360144696325
1692.0,0.9514666666666652,,0.7980320904438025,0.6806806282722512,,,,-0.6199999999999998,,-0.15564644870322283,,-0.3009187142857145,-0.3460199999999999,-0.3317,0.11969243512363975,0.20134459978388755,0.11386308097426313
1693.0,0.9221333333333319,,0.7733232107077839,0.673350785340314,,,,-0.5999999999999999,,-0.17400440880223997,,-0.3054705714285716,-0.4152799999999999,-0.3018,0.10673720096824432,0.1886265045443649,0.11386256909413565
1694.0,0.8870983333333309,,0.7373082326020837,0.6660209424083767,,,,-0.5799999999999998,,-0.19573345909948348,,-0.31002242857142875,-0.48378,-0.2853,0.08965460990852694,0.17918625970011748,0.1138620658768003
1695.0,0.8235549999999968,,0.6899871561267024,0.6586910994764396,,,,-0.5599999999999998,,-0.22073516376116528,,-0.3145742857142859,-0.5515199999999999,-0.2822,0.06560613309037798,0.16919514096824603,0.1138615714080421
1696.0,0.7315033333333297,,0.63135998128164,0.6513612565445023,,,,-0.5399999999999998,,-0.2457368684228471,-0.458,-0.3191261428571431,-0.6184999999999999,-0.29250000000000004,0.023767083852565415,0.15416563329511884,0.11386108580413595
1697.0,0.6109433333333301,,0.5640958517700094,0.644031413612565,,,,-0.5199999999999998,,-0.2707385730845289,-0.47174999999999995,-0.32367800000000024,-0.67914,-0.3146,-0.00969930884166862,0.15023880543157994,0.11386060921038095
1698.0,0.5043097014925342,,0.49683172225837885,0.6367015706806278,,,,-0.49999999999999983,,-0.2957402777462107,-0.4814,-0.32822985714285735,-0.72786,-0.3469,-0.04097166062932446,0.15558732425829064,0.11386014177044239
1699.0,0.41730410447761024,,0.42956759274674844,0.6293717277486907,,,,-0.4799999999999998,,-0.31867969471495533,-0.48694999999999994,-0.3327817142857145,-0.7646599999999999,-0.3894000000000001,-0.0691873099148904,0.16626641284314372,0.11385968361361135
1700.0,0.372733208955223,,0.36230346323511786,0.6220418848167534,,,,-0.4599999999999998,,-0.33264483973880604,-0.48839999999999995,-0.3373335714285717,-0.7895399999999999,-0.44210000000000005,-0.09104418437407516,0.17708488757784444,0.11385923485578908
1701.0,0.3705970149253726,,0.29503933372348734,0.6147120418848162,,,,-0.4399999999999998,,-0.3376357128177627,-0.48575,-0.34188542857142884,-0.8024999999999999,-0.5050000000000001,-0.10654228400687872,0.18695700508400076,0.11385879559299733
1702.0,0.4108955223880589,,0.22777520421185687,0.6073821989528791,,,,-0.41993333333333316,,-0.33365231395182554,-0.48132,-0.346437285714286,-0.8097999999999999,-0.5622,-0.11486086807256034,0.19754819796005793,0.11385836589779168
1703.0,0.4511940298507452,,0.16051107470022638,0.6000523560209418,,,,-0.39973333333333316,,-0.3206946431409944,-0.47743,-0.3509891428571431,-0.8177,-0.5978000000000001,-0.11989416266288339,0.21030918069418136,0.11385794582120848
1704.0,0.4989876703439302,,0.11092691753831252,0.5927225130890046,,,,-0.37939999999999985,,-0.3008249880782065,-0.47408,-0.3555410000000003,-0.8261999999999998,-0.6118,-0.11907407692370585,0.22150767524853296,0.11385753539657677
1705.0,0.5717650876054482,,0.08834382384994308,0.5853926701570675,,,,-0.35893333333333316,,-0.2809553330154187,-0.47126999999999997,-0.36009285714285744,-0.8352999999999999,-0.6042,-0.11018974967617153,0.22979167132562137,0.1138571346365205
1706.0,0.6695262816352991,,0.09276179363511802,0.5776461583437419,,,,-0.3383333333333332,,-0.2610856779526308,-0.469,-0.3646447142857146,-0.845,-0.575,-0.09328747746265696,0.23656020062783806,0.11385674352693533
1707.0,0.7576277741726128,,0.1241808268938374,0.5694366811066514,,,,-0.3176666666666665,,-0.24121602288984306,-0.46345999999999987,-0.36919657142857176,-0.85,-0.5347000000000001,-0.07238353155759698,0.23994607982569718,0.11385636202863818
1708.0,0.8360695652173893,,0.1826009236261012,0.560764238445796,,,,-0.2969999999999998,,-0.22134636782705522,-0.4508399999999999,-0.372980285714286,-0.845,-0.49380000000000007,-0.04755441460649417,0.2394979413269758,0.11385599008444826
1709.0,0.8973565217391298,,0.25034211148219276,0.551628830361176,,,,-0.2763333333333332,,-0.20376167026457,-0.4311399999999999,-0.375720942857143,-0.8300000000000001,-0.4523,-0.021820698675437906,0.23607855505953684,0.11385562762543247
1710.0,0.924,,0.3180832993382843,0.542030456852791,,,,-0.2556666666666665,,-0.19009225286024609,-0.40435999999999994,-0.377418542857143,-0.805,-0.41019999999999995,0.0016576098445140494,0.22641534739201954,0.11385527457896337
1711.0,0.916,,0.3858244871943758,0.5323857868020296,,,,-0.23499999999999982,,-0.18033811561408336,-0.3705,-0.37807308571428583,-0.77,-0.36749999999999994,0.02292680749573811,0.20963385101824594,0.11385493087679209
1712.0,0.8989333333333333,,0.4535656750504674,0.5227411167512683,,,,-0.21433333333333318,,-0.17449925852608195,,-0.3776845714285715,-0.73,-0.3269999999999999,0.041671027555302345,0.20553091604994964,0.11385459645799298
1713.0,0.8728,,0.5297280207828106,0.5130964467005069,,,,-0.1936666666666665,,-0.17257568159624173,,-0.3770211428571429,-0.6900000000000001,-0.2914999999999999,0.059063279369825306,0.18807648900031812,0.11385427126846273
1714.0,0.8376000000000001,,0.5923421289439353,0.5034517766497454,,,,-0.17299999999999985,,-0.1722824273242601,,-0.37635771428571435,-0.65,-0.26099999999999995,0.07279987782238033,0.17360651302353886,0.11385395526116557
1715.0,0.8074482758620689,,0.6414079995338419,0.493807106598984,,,,-0.15233333333333315,,-0.1719891730522785,,-0.37569428571428576,-0.61,-0.23549999999999996,0.08484898106129173,0.1639621545267572,0.11385364839741224
1716.0,0.7823448275862068,,0.6769256325525301,0.4841624365482226,,,,-0.13166666666666652,,-0.1716959187802969,,-0.37503085714285717,-0.5700000000000001,-0.21499999999999994,0.09521058908655941,0.15791055997066628,0.11385335064544969
1717.0,0.7713563218390803,,0.698895028,0.47451776649746125,,,,-0.1222666666666665,,-0.17140266450831526,,-0.37436742857142863,-0.531,-0.19979999999999998,0.10344720189818345,0.1526178918761862,0.11385306197913835
1718.0,0.7744827586206895,,0.697671056694593,0.46487309644669983,,,,-0.13539999999999985,,-0.1711094102363337,,-0.37370400000000004,-0.49399999999999994,-0.1902,0.10678234501512311,0.14321338553808138,0.11385278238112403
1719.0,0.7917241379310342,,0.6895775572570912,0.4552284263959384,,,,-0.1710666666666665,,-0.1708161559643521,,-0.3730405714285715,-0.45899999999999996,-0.1862,0.10725649826497625,0.1312816368052107,0.11385251184626771
1720.0,0.808965517241379,,0.6746145296874951,0.44558375634517705,,,,-0.2292666666666665,,-0.17073908530632514,,-0.3723771428571429,-0.426,-0.18780000000000002,0.1030782708799066,0.11719648928899774,0.11385225038206949
1721.0,0.8262068965517237,,0.6559394349461672,0.43593908629441563,,,,-0.30999999999999983,,-0.1716587118080712,,-0.37171371428571437,-0.395,-0.195,0.09454478128673216,0.10543511456842515,0.11385199800974898
1722.0,0.8434482758620685,,0.6415577952701289,0.4262944162436543,,,,-0.3837999999999998,,-0.17357503546959036,,-0.3710502857142858,-0.37279999999999996,-0.20620000000000002,0.08569005309841399,0.10397591121959676,0.11385175476178266
1723.0,0.8587771236333049,,0.6326935819647879,0.41664974619289286,,,,-0.4211999999999998,,-0.17648805629088252,,-0.37038685714285724,-0.3662,-0.21980000000000005,0.07946134961907277,0.10841968323133237,0.11385152067208777
1724.0,0.8677308662741797,,0.634992351856831,0.40700507614213144,,,,-0.4221999999999998,,-0.1803977742719477,,-0.36972342857142865,-0.37520000000000003,-0.2358,0.07600654375313777,0.11203679018224696,0.11385129576727793
1725.0,0.8703095037846929,,0.6484541049462584,0.39881596033526134,,,,-0.38679999999999987,,-0.18508800579883125,,-0.36906000000000005,-0.39980000000000004,-0.25420000000000004,0.0755346027328397,0.1155783987864655,0.11385108006366632
1726.0,0.8665130361648444,,0.6699213802727076,0.39790461574784575,,,,-0.31499999999999984,,-0.1897782373257148,,-0.3683965714285715,-0.44000000000000006,-0.275,0.07847618525330595,0.12504852346607107,0.11385087356640014
1727.0,0.8575422138836775,,0.6916704236126783,0.4042710423798848,,,,-0.23939999999999984,,-0.19446846885259836,,-0.3677331428571429,-0.4806000000000001,-0.2946000000000001,0.08229091584522945,0.1411136998720358,0.11385067627073601
1728.0,0.850112570356473,,0.7139919276418363,0.41791524023137844,,,,-0.19259999999999983,,-0.19915870037948194,,-0.3670697142857144,-0.5064000000000001,-0.3094,0.08612957276997844,0.15525764400143963,0.11385048816681187
1729.0,0.8486866791744841,,0.7368858923601816,0.4388372093023266,,,,-0.1745999999999998,,-0.2038489319063655,,-0.36640628571428585,-0.5174,-0.3194,0.0905499777264597,0.1643334374560964,0.11385030924284206
1730.0,0.8532645403377114,,0.7603523177677144,0.4655813953488382,,,,-0.18539999999999984,,-0.20853916343324905,,-0.36574285714285726,-0.5136000000000001,-0.32460000000000006,0.09537018643418672,0.167596037265591,0.11385013948504626
1731.0,0.8638461538461542,,0.7843912038644345,0.49232558139534977,,,,-0.2249999999999998,,-0.21322939496013263,,-0.36507942857142867,-0.495,-0.32500000000000007,0.09986242177121418,0.16640392081536096,0.11384997887811489
1732.0,0.8792307692307695,,0.8087207826368206,0.5190697674418614,,,,-0.26959999999999984,,-0.21587175571462042,,-0.36441600000000013,-0.47273333333333334,-0.32060000000000005,0.10568068610710425,0.1670855994829926,0.11384982740519745
1733.0,0.8894976452119311,,0.8282711436220925,0.5458139534883728,,,,-0.2953999999999998,,-0.21433819727580442,,-0.36375257142857154,-0.45793333333333336,-0.31140000000000007,0.11280048736000296,0.16962534020865971,0.11384968504568804
1734.0,0.8946467817896391,,0.8410092225510966,0.5725581395348843,,,,-0.30239999999999984,,-0.20862871964368473,,-0.36308914285714294,-0.4506,-0.2974,0.1209676924962661,0.17168149261271015,0.11384955177405673
1735.0,0.8946781789638936,,0.8469350194238325,0.599302325581396,,,,-0.29059999999999986,,-0.19874332281826124,,-0.358341300000001,-0.4507333333333333,-0.27860000000000007,0.13069285330160788,0.17198168099404246,0.11384942755987246
1736.0,0.8895918367346942,,0.8460485342403004,0.6260465116279075,,,,-0.25999999999999984,,-0.18468200679953403,-0.4215,-0.34683846428571596,-0.4583333333333333,-0.255,0.123208363664214,0.1696205761771336,0.11384931238342237
1737.0,0.8791302982731561,,0.8383497670005002,0.652790697674419,,,,-0.2231999999999998,,-0.16849264235989886,-0.41722000000000004,-0.3285806357142881,-0.4696666666666666,-0.2325,0.1337947792223143,0.16869026380930102,0.11384920623722761
1738.0,0.866094191522764,,0.8286179354915462,0.6795348837209306,,,,-0.1927999999999998,,-0.15230327792026369,-0.41757999999999995,-0.30356781428571705,-0.48100000000000004,-0.21700000000000003,0.142615345924763,0.16859516643894015,0.11384910909832317
1739.0,0.850483516483518,,0.8188861039825918,0.7062790697674423,,,,-0.16879999999999984,,-0.13611391348062854,-0.42258000000000007,-0.27293438571428863,-0.4923333333333333,-0.2085,0.14976991694432318,0.16980777984802178,0.11384902093198532
1740.0,0.8322982731554178,,0.8091542724736375,0.7330232558139538,,,,-0.15119999999999983,,-0.11992454904099337,-0.43222000000000005,-0.2439343714285736,-0.5036666666666667,-0.20700000000000002,0.15445248990004246,0.17301559215279966,0.11384894170946992
1741.0,0.8115384615384637,,0.7994224409646833,0.7597674418604653,,,,-0.13999999999999982,,-0.10373518460135818,-0.4465,-0.2192383500000016,-0.515,-0.2125,0.15636633383953993,0.17827960332339982,0.11384887140958552
1742.0,0.7884615384615405,,0.789690609455729,0.7865116279069768,,,,-0.13226666666666648,,-0.08754582016172299,-0.4614599999999999,-0.19884632142857253,-0.5282666666666666,-0.22410000000000005,0.15619116618824713,0.18550034957528858,0.11384881001932055
1743.0,0.7653846153846174,,0.7799587779467748,0.8035288672914497,,,,-0.1250666666666665,,-0.07135645572208782,-0.47314,-0.18275828571428648,-0.5454,-0.24090000000000003,0.15375478303482312,0.1925721448281132,0.11384875753307283
1744.0,0.7466845785793168,,0.7702269464378205,0.810819160013884,,,,-0.11839999999999981,,-0.05709485437040883,-0.48154,-0.16983985714285788,-0.5664,-0.2629,0.1494553520345957,0.19934915461040212,0.1138487139520141
1745.0,0.7352793522267214,,0.7604951149288663,0.8083825060742796,,,,-0.11226666666666649,,-0.04538895113347999,-0.48666,-0.15692142857142927,-0.5912666666666666,-0.2901,0.14389949499835908,0.20571628939677994,0.1138486792830225
1746.0,0.7311689363268312,,0.7507632834199119,0.7962189054726366,,,,-0.1066666666666665,,-0.036238746011301295,-0.4885,-0.14400300000000069,-0.62,-0.3225,0.13708721192611317,0.2118261437622038,0.11384865353728409
1747.0,0.7343533308796462,,0.7391943102371517,0.7743283582089548,,,,-0.10133333333333314,,-0.029644239003872763,-0.48512000000000005,-0.1310845714285721,-0.6442666666666665,-0.35069999999999996,0.1310299315207683,0.2151481797158532,0.11384863672802036
1748.0,0.7448325358851664,,0.7194582302464493,0.7524378109452732,,,,-0.09599999999999982,,-0.02560543011119437,-0.47458,-0.11816614285714351,-0.6557333333333333,-0.3653,0.1283206517298694,0.2142637450657419,0.1138486288647478
1749.0,0.7582296650717695,,0.6915550434478049,0.7305472636815915,,,,-0.09066666666666648,,-0.022194556245309943,-0.45687999999999995,-0.10524771428571493,-0.6544000000000001,-0.3663,0.12868724775523124,0.20899533394335934,0.11384862994726924
1750.0,0.7716267942583723,,0.6554847498412186,0.7086567164179098,,,,-0.08533333333333315,,-0.018783682379425515,-0.43201999999999996,-0.09232928571428634,-0.6402666666666667,-0.3537,0.1318752763574884,0.19956856159357542,0.11384863996411738
1751.0,0.7850239234449753,,0.6112473494266903,0.6867661691542282,,,,-0.07999999999999982,,-0.015372808513541086,-0.4,-0.07941085714285774,-0.6133333333333333,-0.3275,0.13788473753664093,0.18684903438848927,0.11384865889323371
1752.0,0.7984210526315783,,0.5606799838780261,0.6648756218905465,,,,-0.07466666666666649,,-0.011961934647656656,,-0.06649242857142916,-0.5821333333333334,-0.2897,0.16008344422205018,0.1806328043696522,0.1138486866905958
1753.0,0.8118181818181812,,0.5101126183293618,0.6429850746268648,,,,-0.06933333333333316,,-0.008551060781772228,,-0.05357400000000058,-0.5551999999999999,-0.24230000000000002,0.16470034240682976,0.17426867751209604,0.11384872329632555
1754.0,0.8252153110047841,,0.4595452527806976,0.621094527363183,,,,-0.06399999999999983,,-0.005140186915887799,,-0.04065557142857198,-0.5325333333333333,-0.18530000000000002,0.16998390725827603,0.17311664404909402,0.11384876866586119
1755.0,0.8386124401913871,,0.4089778872320333,0.5992039800995015,,,,-0.05866666666666649,,-0.002209981277394539,,-0.027737142857143394,-0.5141333333333333,-0.1187,0.17587405524796507,0.178308296565631,0.11384882276765004
1756.0,0.8520095693779901,,0.3657126963634231,0.5773134328358197,,,,-0.05333333333333316,,-0.017016610597972846,,-0.014818714285714806,-0.5,-0.04250000000000001,0.18112653736944356,0.18929831040045098,0.11384888556850585
1757.0,0.8654066985645932,,0.3359957426705929,0.555422885572138,,,,-0.037133333333333164,,-0.03491577778155001,,-0.0019002857142862207,-0.491,0.027749999999999986,0.18765889857168638,0.2047446176783428,0.11384895703416004
1758.0,0.878803827751196,,0.3198270261535427,0.5335323383084564,,,,0.0008000000000001784,,-0.053411919090779136,,0.01101814285714237,-0.488,0.07649999999999998,0.19508933432186182,0.22260755894583822,0.11384903712734949
1759.0,0.8922009569377991,,0.3319451880556813,0.5116417910447747,,,,0.06046666666666685,,-0.07250503452566022,,0.023936571428570953,-0.491,0.10374999999999998,0.2052601747753961,0.2380830189009669,0.11384912580522166
1760.0,0.905598086124402,,0.38051001414847707,0.48975124378109297,,,,0.14186666666666686,,-0.0917144558588021,,0.03685499999999954,-0.5,0.10949999999999997,0.2192514766821466,0.2514230687120294,0.11384922301553752
1761.0,0.9189952153110049,,0.458219329751876,0.46786069651741136,,,,0.24500000000000025,,-0.09378401635852437,,0.04977342857142813,-0.515,0.09374999999999997,0.2383074890485666,0.2671829924988853,0.11384932869212627
1762.0,0.9323923444976078,,0.5506876719336721,0.44597014925372963,,,,0.34340000000000026,,-0.09335801312089977,,0.06269185714285672,-0.5283,0.06724999999999996,0.2577974085377879,0.2856121201886174,0.11384944275581473
1763.0,0.9457894736842108,,0.6551776883120952,0.4274744459520564,,,,0.41060000000000024,,-0.09293200988327516,,0.07561028571428531,-0.5322000000000001,0.04074999999999997,0.2764893927968386,0.29897499836554964,0.11384956512245993
1764.0,0.9591866028708138,,0.7569507376437363,0.41275079149705896,,,,0.4466000000000002,,-0.09250600664565053,,0.08852871428571389,-0.5267000000000001,0.014249999999999968,0.2925882622808761,0.30698567635585833,0.11384969571067076
1765.0,0.9859808612440201,,0.8405223397073727,0.4017991858887372,,,,0.4514000000000002,,-0.09208000340802594,,0.10144714285714249,-0.5118,-0.012250000000000035,0.3058330981105729,0.30901501809241033,0.11384983444622684
1766.0,1.0319138755980872,,0.9046302788221793,0.39461962912709125,,,,0.42500000000000016,,-0.09165400017040132,,0.11377591428571406,-0.4875,-0.03875000000000004,0.3167101195322509,0.30423306324465915,0.11384998126367547
1767.0,1.0812280701754395,,0.9574139554246359,0.391212121212121,,,,0.3814500000000002,,-0.0912279969327767,,0.1216302285714285,-0.45760000000000006,-0.06290000000000004,0.3253564546307731,0.2963515423679353,0.11385013610560292
1768.0,1.1181658692185015,,0.9944836482874235,0.3881818181818181,,,,0.33480000000000015,,-0.0908720100533237,,0.12501008571428576,-0.42589999999999995,-0.08235000000000003,0.3303955837430052,0.28792555536472375,0.11385029892317537
1769.0,1.142727272727273,,1.0155244422121652,0.385151515151515,,,,0.2850500000000002,,-0.09111241464040848,,0.12391548571428587,-0.39239999999999997,-0.09710000000000003,0.33167519497002085,0.2777721355710708,0.11385046967854573
1770.0,1.1457878787878788,,1.027861031648615,0.38212121212121203,,,,0.23220000000000018,,-0.09194921069403109,,0.11834642857142885,-0.3571,-0.10715000000000004,0.32897032487880506,0.26442536021708984,0.11385064834651112
1771.0,1.1386969696969695,,1.0327556322775986,0.37909090909090903,,,,0.17625000000000018,,-0.0933823982141915,-0.047,0.1088925714285717,-0.31999999999999995,-0.11250000000000002,0.3262606532303849,0.23310918380195794,0.1138508349115856
1772.0,1.1177676767676765,,1.0302082440991156,0.37606060606060604,,,,0.1187500000000002,,-0.09541197720088973,-0.07897000000000001,0.09943871428571453,-0.2925999999999999,-0.11960000000000001,0.3143539398673144,0.21825722952196183,0.11385102936926589
1773.0,1.0987575757575754,,1.0273459407222558,0.373030303030303,,,,0.06125000000000021,,-0.09796793129595419,-0.10128000000000001,0.0899848571428574,-0.2863999999999999,-0.13490000000000002,0.30037366001673826,0.20757466290504145,0.11385123173234771
1774.0,1.0816666666666659,,1.024483637345396,0.37,,,,0.003750000000000209,,-0.10052388539101864,-0.11393,0.08053100000000024,-0.30139999999999995,-0.15840000000000004,0.2844132903794056,0.20073022546985597,0.1138514420264574
1775.0,1.0559774011299403,,1.0216213339685363,0.36696969696969706,,,,-0.053749999999999784,,-0.1030798394860831,-0.11692,0.07107714285714309,-0.3375999999999999,-0.19010000000000002,0.2653042144703156,0.19668760249022776,0.11385166028472032
1776.0,0.9952316384180744,,1.0187590305916765,0.36393939393939395,,,,-0.11124999999999977,,-0.10563579358114754,-0.11025,0.06162328571428592,-0.3949999999999999,-0.23000000000000004,0.24010663887509887,0.19340340354498792,0.11385188655225241
1777.0,0.918873822975512,,1.0158967272148165,0.360909090909091,,,,-0.1625499999999998,,-0.10819174767621201,-0.10201,0.05216942857142879,-0.45796666666666663,-0.2705,0.21335253890239742,0.19396627938748556,0.11385212088833657
1778.0,0.8269039548022535,,1.0130344238379567,0.357878787878788,,,,-0.20144999999999977,,-0.11074770177127644,-0.10029000000000002,0.04271557142857163,-0.5108666666666666,-0.30400000000000005,0.18741339603369264,0.1963074570155781,0.11385236335904483
1779.0,0.7193220338982987,,1.010172120461097,0.354848484848485,,,,-0.2279499999999998,,-0.1133036558663409,-0.10508999999999999,0.03326171428571448,-0.5536999999999999,-0.33050000000000007,0.1622892102689846,0.2010474947544195,0.11385261402918351
1780.0,0.6023728813559278,,1.007309817084237,0.35181818181818203,,,,-0.2420499999999998,,-0.11637837264757929,-0.11640999999999999,0.023807857142857325,-0.5864666666666667,-0.35000000000000003,0.13861621032006277,0.20939351465194997,0.11385287295967522
1781.0,0.5009723026043791,,1.0044475137073772,0.348787878787879,,,,-0.24374999999999983,,-0.12081789523301087,-0.13425,0.014354000000000172,-0.6091666666666666,-0.36250000000000004,0.11906881422150721,0.21973949625110675,0.11385314020412665
1782.0,0.4306688714344755,,1.001860603415158,0.34625534028812693,,,,-0.23924999999999982,,-0.12662222362263562,-0.15789,0.0049001428571430194,,-0.37150000000000005,0.1384340429596559,0.21807138357878905,0.11385341577345232
1783.0,0.3914625878462168,,0.9998461537983105,0.3487004470938891,,,,-0.23474999999999985,,-0.13379135781645352,-0.18661,-0.004553714285714133,,-0.38050000000000006,0.12735671574265353,0.2240334482788692,0.1138536996333624
1784.0,0.383353451839603,,0.998404164856835,0.3561231992051654,,,,-0.23024999999999984,,-0.14232529781446462,-0.22041,-0.014007571428571286,,-0.38950000000000007,0.12005469449544338,0.22457161173163598,0.11385399176483343
1785.0,0.4063414634146342,,0.9975346365907315,0.3685235966219559,,,,-0.2257499999999998,,-0.15170528093049498,-0.25929,-0.02346142857142844,,-0.39849999999999997,0.11659282455379721,0.22005084187708118,0.11385429216485073
1786.0,0.44487804878048787,,0.997237569,0.38590163934426047,,,,-0.2212499999999998,,-0.16108526404652532,-0.30325,-0.03291528571428559,,-0.40750000000000003,0.11513328958361461,0.21459854577694515,0.11385460081820661
1787.0,0.48341463414634145,,0.997237569,0.4077595628415283,,,,-0.2149999999999998,,-0.17046524716255568,,-0.042369142857142744,,-0.41800000000000004,0.12424714986784006,0.22707732306401057,0.11385491769319814
1788.0,0.5219512195121951,,0.997237569,0.4296174863387961,,,,-0.2052499999999998,,-0.179845230278586,,-0.0518229999999999,,-0.43150000000000005,0.12964867395415922,0.22511743755366473,0.1138552427407463
1789.0,0.5604878048780488,,0.997237569,0.4514754098360639,,,,-0.1919999999999998,,-0.18922521339461634,,-0.06127685714285704,,-0.44800000000000006,0.13512162661190694,0.22584841969151837,0.11385557590846831
1790.0,0.5990243902439024,,0.997237569,0.47333333333333166,,,,-0.1752499999999998,,-0.19860519651064668,,-0.0707307142857142,,-0.4675000000000001,0.14066600784108324,0.22944758253874106,0.11385591714651068
1791.0,0.637560975609756,,0.997237569,0.4951912568305995,,,,-0.15499999999999975,,-0.20798517962667704,,-0.08018457142857136,,-0.49000000000000005,0.14628181764168807,0.2360259876947072,0.11385626640427178
1792.0,0.6760975609756097,,0.997237569,0.5170491803278674,,,,-0.13309999999999975,,-0.21441328534920542,,-0.08963842857142851,,-0.5074,0.15328360992707893,0.24280299832883104,0.11385662362926645
1793.0,0.7146341463414634,,0.997237569,0.5389071038251352,,,,-0.11139999999999975,,-0.21632090501736662,,-0.09909228571428566,,-0.5116,0.16278832879166513,0.24681486842367134,0.11385698876388158
1794.0,0.7531707317073171,,0.9953489168491411,0.560765027322403,,,,-0.08989999999999974,,-0.21370803863116056,,-0.10623417142857142,,-0.5026,0.1748564484179769,0.24736700183552293,0.1138573617422512
1795.0,0.7917073170731708,,0.9913612422173129,0.5826229508196707,,,,-0.06859999999999974,,-0.2065746861905872,,-0.11106408571428568,,-0.4804000000000001,0.18945791590171296,0.2442291007910707,0.11385774248921547
1796.0,0.8302439024390245,,0.9852745451045161,0.6044808743169385,,,,-0.047499999999999765,,-0.1949208476956466,,-0.11358202857142856,,-0.4450000000000001,0.20659273124287328,0.23737972774416222,0.11385813092032825
1797.0,0.868780487804878,,0.97708882551075,0.6263387978142063,,,,-0.02649999999999978,,-0.18169840053984068,,-0.113788,,-0.4014000000000001,0.22513919767095755,0.22880180209755663,0.11385852694286507
1798.0,0.9073170731707316,,0.966804083436015,0.6481967213114741,,,,-0.005499999999999805,,-0.16847595338403476,,-0.11168200000000002,,-0.3546000000000001,0.24417322823441362,0.22030779085983768,0.1138589304585809
1799.0,0.9458536585365854,,0.9563089710311701,0.670054644808742,,,,0.015500000000000177,,-0.1552535062282288,,-0.109576,,-0.3046000000000001,0.26363434875071107,0.2125546500119837,0.11385934136634944
1800.0,0.984390243902439,,0.9458138586263249,0.6919125683060098,,,,0.03650000000000016,,-0.1420310590724229,,-0.10747,,-0.25140000000000007,0.28355261212415145,0.205905754206061,0.11385975956305454
1801.0,1.0229268292682927,,0.9353187462214801,0.7075022743230447,,,,0.05750000000000014,,-0.12880861191661697,-0.47874999999999995,-0.10536400000000001,,-0.19500000000000003,0.2542968559001475,0.2310787852515723,0.11386018498665522
1802.0,1.0457560975609757,,0.9251500249347113,0.7152567084897881,,,,0.07910000000000011,,-0.11558616476081103,-0.45843,-0.10325800000000003,,-0.14330000000000004,0.27046728444120544,0.22627991971705316,0.11386061762020991
1803.0,1.0528780487804879,,0.916507865413996,0.7151758708062398,,,,0.1019000000000001,,-0.10103375673253485,-0.43606999999999996,-0.10115200000000002,,-0.10420000000000003,0.28288195469664595,0.22069306478016823,0.11386105741346868
1804.0,1.0504322178105503,,0.9093922676593336,0.7072597612724,,,,0.1259000000000001,,-0.0845448884939058,-0.41167,-0.09904600000000002,,-0.07770000000000003,0.2923841209441697,0.21466111414847525,0.11386150428541109
1805.0,1.0384186046511625,,0.9038032316707245,0.6915083798882685,,,,0.1511000000000001,,-0.0661195600449239,-0.38523,-0.09694000000000003,,-0.06380000000000004,0.29897378318377643,0.2082947444809765,0.11386195816545548
1806.0,1.0168372093023255,,0.8997407574481684,0.6741899441340784,,,,0.17750000000000013,,-0.04575777138558914,-0.35675,-0.09483400000000004,,-0.06250000000000004,0.3034344686004954,0.20243785768613373,0.11386241899205472
1807.0,1.001395348837209,,0.8968784538735894,0.6568715083798884,,,,0.20390000000000014,,-0.023459522515901512,,-0.09272800000000005,,-0.07070000000000005,0.34275863738307066,0.1870078350364714,0.1138628866792529
1808.0,0.9921226215644818,,0.8940161502990106,0.6395530726256984,,,,0.22910000000000016,,-0.0005547743083312684,,-0.09062200000000005,,-0.08530000000000006,0.34363824904108126,0.19169221836038927,0.11386336111542726
1809.0,0.9828921775898515,,0.8911538467244317,0.6222346368715083,,,,0.25310000000000016,,0.022349973899238974,,-0.08851600000000007,,-0.10630000000000003,0.34343818688453415,0.19826906286407356,0.11386384222598255
1810.0,0.9737040169133188,,0.8882915431498526,0.6049162011173181,,,,0.27590000000000015,,0.04525472210680922,,-0.08641000000000007,,-0.13370000000000004,0.34215845091342967,0.20680853992406684,0.11386432997212505
1811.0,0.9680222543674196,,0.8854292395752736,0.5875977653631281,,,,0.29750000000000015,,0.06815947031437947,,-0.08430400000000006,,-0.16750000000000004,0.3402939146752728,0.21757349326466102,0.1138648243180234
1812.0,0.9710430622009572,,0.8825669360006947,0.570279329608938,,,,0.31370000000000015,,0.09001872027934223,,-0.08219800000000006,,-0.19840000000000005,0.3391661030280915,0.2277810280538453,0.11386532522880612
1813.0,0.9827368421052632,,0.8797046324261156,0.552960893854748,,,,0.32030000000000014,,0.10839413737990071,,-0.08009200000000008,,-0.21710000000000002,0.33915102555324816,0.2340649832745877,0.11386583266751585
1814.0,1.003090909090909,,0.8768423288515367,0.5356424581005579,,,,0.3173000000000002,,0.12328572161605493,,-0.07798600000000008,,-0.22360000000000008,0.3402468701093954,0.23620005894878512,0.11386634659331481
1815.0,1.0245263157894742,,0.8739800252769576,0.5183240223463679,,,,0.30470000000000014,,0.1346934729878049,,-0.07588000000000009,,-0.21790000000000004,0.34137092992961626,0.23375507819395874,0.11386686696210414
1816.0,1.0385263157894742,,0.8711177217023787,0.5010055865921778,,,,0.28250000000000014,,0.14261739149515057,,-0.07377400000000009,,-0.20000000000000004,0.34130652695512714,0.2260797469160555,0.11386739372946278
1817.0,1.0398947368421059,,0.8650903088333651,0.48368715083798774,,,,0.25170000000000015,,0.14810297538069944,,-0.07166800000000009,,-0.18020000000000005,0.3376799778572668,0.21481906057218575,0.11386792685576011
1818.0,1.0286315789473695,,0.8547694409247905,0.4663687150837975,,,,0.21330000000000018,,0.15358855926624831,,-0.0695620000000001,,-0.16880000000000006,0.32934985247555926,0.20191522715885335,0.1138684663123227
1819.0,1.0085263157894753,,0.8401551179766547,0.45254259776536204,,,,0.16730000000000017,,0.1590741431517972,,-0.0674560000000001,,-0.16580000000000006,0.3173564068271425,0.18715539105634751,0.11386901208457283
1820.0,0.9881052631578958,,0.8212473399889575,0.4425968342644312,,,,0.1137000000000002,,0.16455972703734606,,-0.0653500000000001,,-0.17120000000000007,0.30297311965076285,0.17161180153793348,0.11386956417010882
1821.0,0.9724210526315795,,0.7980461069616991,0.43653142458100513,,,,0.052500000000000234,,0.17004311892128335,-0.31475,-0.06315200000000012,,-0.18500000000000005,0.26071116405006833,0.16281473137941935,0.11387012259770238
1822.0,0.9614736842105266,,0.7737165281893141,0.4343463687150836,,,,0.0016000000000002568,,0.175514681330792,-0.28956,-0.06054000000000015,,-0.21060000000000006,0.250625108968837,0.14989391201330882,0.11387068741831416
1823.0,0.9433157894736842,,0.7522768774713957,0.4360416666666668,,,,-0.021099999999999737,,0.18097441426587213,-0.26819000000000004,-0.057514000000000176,,-0.2514,0.2416817946478248,0.14741798462433953,0.11387125864992549
1824.0,0.9141578947368421,,0.7338903503715789,0.43812500000000015,,,,-0.015599999999999743,,0.18642231772652368,-0.25064000000000003,-0.0540740000000002,,-0.3074,0.23299139651749054,0.15600147588634541,0.11387183628005103
1825.0,0.8730526315789474,,0.7185569468898638,0.4402083333333334,,,,0.018100000000000255,,0.19185839171274663,-0.23691,-0.05022000000000022,,-0.37860000000000005,0.22438698910248386,0.1769699226507614,0.11387242029434698
1826.0,0.82,,0.7062766670262502,0.44229166666666686,,,,0.08000000000000022,,0.19728482822615262,-0.227,-0.04604400000000023,,-0.465,0.21585734640300613,0.21156782299059662,0.113873010677682
1827.0,0.755,,0.6970495107807385,0.44437500000000013,,,,0.1387000000000002,,0.20271126473955864,-0.22041999999999998,-0.04186800000000024,,-0.5472,0.20592467310315957,0.24746920403039513,0.11387360741558307
1828.0,0.69,,0.6879855500988618,0.44645833333333335,,,,0.16280000000000022,,0.2081377012529646,-0.21667999999999998,-0.037692000000000246,,-0.6058,0.1942823992487674,0.27109687190662834,0.1138742104970745
1829.0,0.6366666666666666,,0.6789215894169851,0.4485416666666667,,,,0.1523000000000002,,0.21356413776637062,-0.21578,-0.033516000000000254,,-0.6408,0.18236845872770854,0.28125380575616954,0.11387481991524354
1830.0,0.595,,0.6698576287351082,0.45062500000000005,,,,0.10720000000000021,,0.21899057427977664,-0.21772,-0.02934000000000026,,-0.6522,0.17018285153998305,0.27769993998572046,0.11387543566501018
1831.0,0.5650000000000001,,0.6607936680532316,0.4527083333333334,,,,0.027500000000000184,,0.2244170107931826,-0.22249999999999998,-0.025164000000000263,,-0.64,0.1577255776855909,0.26116366790882384,0.11387605774187802
1832.0,0.5466666666666666,,0.6517297073713549,0.45479166666666676,,,,-0.05869999999999982,,0.22984344730658862,-0.22653999999999996,-0.02098800000000027,,-0.6093000000000001,0.14831913716453202,0.23972855033444407,0.11387668613905036
1833.0,0.54,,0.6426657466894782,0.4604927536231885,,,,-0.12329999999999981,,0.23526988381999464,-0.22626,-0.016812000000000278,,-0.5652000000000001,0.14573824917970507,0.21934064140017512,0.11387732083838986
1834.0,0.5333333333333334,,0.6336017860076015,0.47342934782608703,,,,-0.1662999999999998,,0.24069632033340066,-0.22165999999999997,-0.012636000000000286,,-0.5077,0.1489767996006752,0.2001807139317058,0.11387796180186008
1835.0,0.5302222222222223,,0.6245378253257249,0.4936014492753623,,,,-0.1876999999999998,,0.24612275684680665,-0.21274,-0.008460000000000292,,-0.43680000000000013,0.15847923287188692,0.1816471389082719,0.11387860896961333
1836.0,0.5306666666666666,,0.6154738646438481,0.5210090579710145,,,,-0.18749999999999983,,0.25154919336021264,-0.19949999999999998,-0.0042840000000003015,,-0.3525000000000001,0.17424554899334016,0.1644355308596449,0.11387926226009723
1837.0,0.5346666666666667,,0.6064099039619714,0.5556521739130436,,,,-0.18169999999999983,,0.25697562987361866,-0.18534,-0.00010800000000030786,,-0.27390000000000003,0.19146324796503494,0.15219472341484727,0.11387992157385157
1838.0,0.5422222222222223,,0.5973459432800946,0.5939130434782609,,,,-0.18629999999999983,,0.2624020663870247,-0.17366,0.004067999999999685,,-0.22010000000000005,0.20486761058407274,0.1460408588198122,0.11388058680643443
1839.0,0.5533333333333333,,0.588281982598218,0.6321739130434783,,,,-0.2012999999999998,,0.2678285029004307,-0.16446,0.008243999999999679,,-0.19110000000000005,0.21400641764755493,0.14423080243819272,0.11388125786213348
1840.0,0.5644444444444445,,0.5823648969779444,0.6704347826086956,,,,-0.22669999999999982,,0.266255977599824,-0.15774000000000002,0.012419999999999671,,-0.18690000000000004,0.217953713866986,0.1451772249081224,0.11388193466013011
1841.0,0.5755555555555556,,0.5819243520750333,0.7086956521739131,,,,-0.26249999999999984,,0.25543779600593863,-0.1535,0.016595999999999663,,-0.20750000000000002,0.21671987063942752,0.1489724387317116,0.11388261713649657
1842.0,0.5866666666666667,,0.586960347889485,0.7469565217391305,,,,-0.2951999999999998,,0.23537395811877443,-0.15339,0.02077199999999966,,-0.23420000000000002,0.2141236379648795,0.15444976770439797,0.11388330524167396
1843.0,0.5977777777777777,,0.5974728844212993,0.7852173913043479,,,,-0.3112999999999998,,0.20606446393833147,-0.15905999999999998,0.02494799999999965,,-0.24830000000000002,0.21398376584334194,0.15828679297588,0.11388399893052867
1844.0,0.6266666666666669,,0.6134619616704761,0.8234782608695653,,,,-0.31079999999999985,,0.16750931346460968,-0.17050999999999997,0.029123999999999643,,-0.24980000000000002,0.21852247649703715,0.15784328292366132,0.11388469815048974
1845.0,0.673333333333334,,0.6317807045754124,0.8572448512585812,,,,-0.2936999999999998,,0.12724323490042427,-0.18773999999999996,0.03329999999999964,,-0.23870000000000005,0.22772646667159138,0.15474951106616827,0.11388540283439617
1846.0,0.7377777777777791,,0.6500994474803486,0.8857978642257821,,,,-0.2599999999999998,,0.09144187624293093,-0.21074999999999994,0.037475999999999635,,-0.21500000000000002,0.24198657187897749,0.15156227097189823,0.1138861128982589
1847.0,0.8200000000000021,,0.6684181903852849,0.9026636155606413,,,,-0.21729999999999983,,0.06010523749212959,-0.23699999999999993,0.04165199999999962,,-0.18710000000000007,0.2588110815928797,0.15089621519350127,0.11388682824276332
1848.0,0.8998750000000022,,0.6867369332902212,0.9078421052631589,,,,-0.17319999999999983,,0.033233318648020274,-0.2639499999999999,0.04582799999999961,,-0.16340000000000005,0.2740018708132978,0.1558111174483205,0.11388754876090468
1849.0,0.9520568181818201,,0.7050556761951575,0.9013333333333347,,,,-0.12769999999999984,,0.010826119710602992,-0.29159999999999997,0.04011280000000165,,-0.14390000000000006,0.2831542945907371,0.16205026696526115,0.11388827435126427
1850.0,0.9860568181818194,,0.7233744191000938,0.8876315789473702,,,,-0.08079999999999983,,-0.007652125708924831,-0.31994999999999996,0.012142400000003186,,-0.12860000000000008,0.2864065874781677,0.1687295742655452,0.11388900492918294
1851.0,1.0018750000000005,,0.7416931620050301,0.8674561403508789,,,,-0.03249999999999982,,-0.026130371128452658,-0.3489999999999999,-0.03254053333333024,,-0.11750000000000005,0.28405037589988835,0.17692959752845158,0.11388974043009684
1852.0,0.9995113636363634,,0.7600119049099664,0.8472807017543877,,,,0.014800000000000183,,-0.04456032769545285,,-0.07453666666666367,,-0.10850000000000004,0.3173085212921872,0.16593764650572546,0.1138904807731571
1853.0,0.9989163636363632,,0.7783306478149027,0.8271052631578965,,,,0.05870000000000018,,-0.06242016793981359,,-0.11384599999999712,,-0.09950000000000006,0.31634839711086576,0.1761073115384747,0.11389122585004259
1854.0,1.007614545454545,,0.7962529587754317,0.8069298245614052,,,,0.09920000000000018,,-0.07970989186153488,,-0.1405773333333326,,-0.09050000000000005,0.31805182524331765,0.18826707073945856,0.11389197557837244
1855.0,1.0092145454545463,,0.810129880695515,0.7867543859649139,,,,0.13630000000000017,,-0.0964294994606167,,-0.14236666666666759,,-0.08150000000000004,0.3213221884420571,0.1975119671195354,0.11389272989925452
1856.0,0.9876630303030322,,0.819961413575153,0.7665789473684226,,,,0.17000000000000018,,-0.11257899073705906,,-0.12475666666666765,,-0.07250000000000004,0.32307434384994144,0.20268368704553463,0.1138934887498749
1857.0,0.9429600000000029,,0.8257475574143454,0.7464035087719314,,,,0.1879333333333335,,-0.12820665454338961,,-0.10714666666666765,,-0.06320000000000006,0.31880625020232356,0.20389387297126135,0.11389425207371187
1858.0,0.8836800000000025,,0.8274883122130923,0.72622807017544,,,,0.17773333333333352,,-0.14383431834972016,,-0.0895366666666677,,-0.053300000000000056,0.3079444862588842,0.19910365038260705,0.11389501983152459
1859.0,0.8294666666666691,,0.825580109915801,0.7060526315789488,,,,0.13940000000000022,,-0.15931852020230836,,-0.07192666666666774,,-0.04280000000000007,0.2933724134855932,0.18899268827791726,0.11389579200375388
1860.0,0.7872000000000015,,0.8236719076185098,0.6858771929824575,,,,0.07293333333333354,,-0.17167718929363046,,-0.05431666666666777,,-0.03170000000000008,0.27702017872581614,0.17282052187500488,0.1138965685843425
1861.0,0.7729333333333338,,0.8217637053212187,0.6657017543859662,,,,-0.02166666666666644,,-0.18091032562368642,,-0.03670666666666781,,-0.020000000000000098,0.26118111531288674,0.15140877968368743,0.11389734957289352
1862.0,0.791818181818181,,0.8198555030239273,0.6455263157894751,,,,-0.13239999999999977,,-0.18701792919247628,,-0.019096666666667837,,-0.009200000000000114,0.2480911539827355,0.1323812842093728,0.11389813496707472
1863.0,0.8354545454545445,,0.8203453048311795,0.6253508771929838,,,,-0.24726666666666644,,-0.19,,-0.001486666666667874,,-0.0008000000000001211,0.23839286675029747,0.12720154444008658,0.11389892475618989
1864.0,0.8841996434937599,,0.8266551235415542,0.6051754385964925,,,,-0.36626666666666646,,-0.19,,0.01612333333333209,,0.005199999999999879,0.22974850648645445,0.14172075362567885,0.11389971892015066
1865.0,0.9380427807486619,,0.8387849591550516,0.5850000000000012,,,,-0.48939999999999984,,-0.19,,0.03373333333333206,,0.008799999999999888,0.2217305351919651,0.174146079027032,0.11390051743334527
1866.0,0.99698395721925,,0.8567348116716715,0.5648245614035099,,,,-0.6166666666666665,,-0.18998569703856255,-0.18274999999999997,0.051343333333332034,,0.009999999999999907,0.21369173865343924,0.20239230411843012,0.11390132026796983
1867.0,1.05587165775401,,0.880504681091414,0.5446491228070187,,,,-0.7268666666666664,,-0.1872727221078047,-0.1668833333333333,0.068953333333332,,0.013699999999999924,0.2127132102728687,0.24418594711318728,0.11390212738937985
1868.0,1.1147058823529414,,0.9076965633097359,0.5244736842105274,,,,-0.7987999999999997,,-0.18186107520772657,-0.15548333333333333,0.08656333333333197,,0.024799999999999933,0.21764308299630705,0.27800456327936307,0.11390293874536685
1869.0,1.136217194570136,,0.9332877226697338,0.5080472334682865,,,,-0.8324666666666664,,-0.17375075633832807,-0.14855,0.10417333333333192,,0.04329999999999994,0.2236634587926841,0.2953365182371088,0.11390375426619678
1870.0,1.104425339366518,,0.9563028089629272,0.5041174089068825,,,,-0.8278666666666664,,-0.16294176549960923,-0.14608333333333332,0.12178333333333188,,0.06919999999999996,0.22974834179687878,0.29316030933889325,0.11390457387486373
1871.0,1.025322000733766,,0.9767418221893163,0.5126842105263152,,,,-0.7849999999999998,,-0.14944840565300754,-0.1480833333333333,0.13939333333333184,,0.10249999999999995,0.23664490463767102,0.27481029991852407,0.11390539749240741
1872.0,0.9528323345970401,,0.992388017529348,0.5337476383265847,,,,-0.7307999999999998,,-0.13595504580640588,-0.15133999999999995,0.15700333333333183,,0.13229999999999995,0.2461532359106098,0.2566885267294011,0.11390622503595207
1873.0,0.8869563409563403,,1.0024050161959863,0.567307692307691,,,,-0.6921999999999999,,-0.1224616859598042,-0.15264333333333327,0.1746133333333318,,0.14769999999999997,0.2538408716006489,0.24483219529681827,0.11390705641878743
1874.0,0.8650062370062379,,1.008393541047555,0.6096153846153836,,,,-0.6691999999999998,,-0.10627298560597805,-0.15199333333333329,0.19222333333333178,,0.14869999999999994,0.26444022329602207,0.2391341426276415,0.11390789155239947
1875.0,0.9110501930501946,,1.011328942292535,0.6519230769230762,,,,-0.6617999999999998,,-0.08729060728031876,-0.14938999999999997,0.2098333333333317,,0.13529999999999995,0.2800005684529748,0.23862338104961053,0.11390873034033515
1876.0,1.0312123552123584,,1.0112112199309256,0.6942307692307687,,,,-0.6699999999999997,,-0.06551455098282638,-0.1448333333333333,0.22744333333333167,,0.10749999999999996,0.30128742533702546,0.2485291783604536,0.11390957266988645
1877.0,1.128107250107254,,1.01025711878228,0.7312185833968008,,,,-0.6712999999999998,,-0.040944816713500906,-0.13604,0.24505333333333165,,0.07799999999999996,0.32042513477639323,0.2597697197079523,0.11391041841582714
1878.0,1.2017348777348815,,1.0093030176336344,0.7575666412795123,,,,-0.6431999999999997,,-0.013581404472342313,-0.12072666666666668,0.2626633333333316,,0.059499999999999956,0.34153867601841625,0.26251523338632826,0.11391126744984646
1879.0,1.2520952380952406,,1.0083489164849886,0.7732749428789031,,,,-0.5856999999999998,,0.01388034523342489,-0.09889333333333335,0.27697679999999897,,0.051999999999999956,0.3638790648330253,0.25436289992905164,0.11391211964088682
1880.0,1.271111111111111,,1.0073106676241033,0.7783434881949732,,,,-0.4987999999999998,,0.037352624703295326,-0.07054000000000002,0.2838730666666664,,0.05549999999999995,0.3854000709506411,0.2327817264891875,0.11391297485465285
1881.0,1.2466666666666668,,1.004173396282249,0.7727722772277226,,,,-0.38249999999999973,,0.05408934746896751,-0.035666666666666715,0.28335213333333387,,0.06999999999999995,0.40399209545215664,0.1957116348929273,0.1139138329596546
1882.0,1.2222222222222223,,0.9989371024594256,0.7618811881188116,,,,-0.2610999999999998,,0.06409051353044146,-0.001265000000000055,0.27541400000000127,,0.08959999999999994,0.4211037044544852,0.16049957222788475,0.11391469383139896
1883.0,1.1977777777777778,,0.9916017861556334,0.7509900990099005,,,,-0.15889999999999976,,0.06735612288771717,0.025673333333333277,0.26005866666666877,,0.10839999999999997,0.4327509243920013,0.1347991839968273,0.11391555735517458
1884.0,1.1733333333333333,,0.9821674473708721,0.7400990099009895,,,,-0.07589999999999976,,0.06388617554079463,0.045148333333333276,0.24058266666666878,,0.12639999999999998,0.4393458219313714,0.11959234769896089,0.1139164234313607
1885.0,1.148888888888889,,0.9707182338173815,0.7292079207920785,,,,-0.01209999999999976,,0.057670141725570646,0.05715999999999995,0.22110666666666884,,0.14359999999999995,0.44191268264944605,0.11322848450629322,0.1139172919772886
1886.0,1.1217777777777778,,0.9592690202638909,0.7183168316831676,,,,0.03250000000000023,,0.054870084893261686,0.061708333333333296,0.20163066666666882,,0.15999999999999998,0.441140290490385,0.11036297161730084,0.11391816292451654
1887.0,1.092,,0.9478198067104004,0.705565322385896,,,,0.056800000000000204,,0.05562204738393787,0.060638333333333315,0.18215466666666888,,0.16419999999999998,0.435481223223152,0.1076840615776742,0.11391903621809367
1888.0,1.0595555555555556,,0.9363705931569098,0.6881627626177238,,,,0.0597000000000002,,0.05992602919759919,0.055794999999999983,0.16267866666666891,,0.14479999999999996,0.4232547770624296,0.10253043942975672,0.11391991182010867
1889.0,1.0244444444444445,,0.9192452259147406,0.6661091523786512,,,,0.04120000000000019,,0.06778203033424565,0.04717833333333333,0.14320266666666898,,0.10179999999999997,0.403751432797133,0.09417982955375853,0.11392078971456485
1890.0,0.9880000000000001,,0.8860909597437351,0.6394044916686781,,,,0.0013000000000001788,,0.07919005079387728,0.03478833333333333,0.12372666666666898,,0.03519999999999996,0.37584376393890906,0.08483890804319147,0.11392166991104569
1891.0,0.9542222222222222,,0.8369077946438939,0.6125482652009608,,,,-0.05999999999999981,,0.0875014454536027,0.018625000000000003,0.10425066666666902,,-0.05500000000000005,0.3397631254365411,0.08262069102916475,0.11392255244708117
1892.0,0.9231111111111112,,0.7776708641358396,0.5978996908278934,,,,-0.1231999999999998,,0.08604942078389514,-0.0014433333333333312,0.08477466666666905,,-0.14760000000000004,0.3020390036871319,0.09194700849613738,0.11392343738305231
1893.0,0.8946666666666667,,0.7154285146271596,0.5982493988320159,,,,-0.16879999999999978,,0.07483397678475465,-0.02554833333333333,0.06529866666666909,,-0.22140000000000004,0.268972312443614,0.10523189200942668,0.11392432478518548
1894.0,0.868888888888889,,0.6558568998065327,0.6135973892133283,,,,-0.1967999999999998,,0.05385511345618117,-0.053689999999999995,0.04582266666666913,,-0.27640000000000003,0.24127257091707247,0.11827908023862203,0.11392521470832952
1895.0,0.8546666666666667,,0.609308764914116,0.6439436619718303,,,,-0.20719999999999977,,0.023112830798174736,-0.0858683333333333,0.026346666666669166,,-0.31260000000000004,0.2213449833736379,0.13042005566836784,0.11392610718716242
1896.0,0.8506666666666666,,0.5757841099499094,0.6847887323943661,,,,-0.1999999999999998,,-0.01416020304928838,-0.1220833333333333,0.006870666666669201,,-0.33000000000000007,0.20886453107499617,0.1423208069409725,0.11392700223167715
1897.0,0.8568888888888889,,0.5493078013932898,0.7256338028169018,,,,-0.20619999999999977,,-0.04376258546570504,-0.16029999999999994,-0.012605333333330759,,-0.3375,0.19881402295062806,0.15362287419638493,0.11392789983000677
1898.0,0.8733333333333333,,0.5228314928366704,0.7632450704225354,,,,-0.2567999999999998,,-0.06235972910013075,-0.1984833333333333,-0.03208133333333073,,-0.34400000000000003,0.18559188876634047,0.16485718700717675,0.11392879996226814
1899.0,0.8995555555555554,,0.4963551842800508,0.7846873239436618,,,,-0.3517999999999998,,-0.06995163395256553,-0.23663333333333325,-0.05155733333333069,,-0.34950000000000003,0.16752567155812728,0.1771206350619539,0.11392970261608242
1900.0,0.9248888888888889,,0.46987887572343123,0.7951426529325202,,,,-0.49119999999999975,,-0.06653830002300938,-0.27474999999999994,-0.07103333333333066,,-0.354,0.143929799186685,0.19704603206169963,0.1139306077949287
1901.0,0.9493333333333333,,0.4434025671668117,0.7968319529114984,,,,-0.6749999999999998,,-0.052119727311462284,-0.3128333333333333,-0.09050933333333062,,-0.35750000000000004,0.11508188359231208,0.23256883478516413,0.11393151552053957
1902.0,0.9728888888888889,,0.41692625861019217,0.7897552238805962,,,,-0.8478999999999999,,-0.03412703656107493,-0.34509333333333336,-0.10998533333333058,,-0.36155,0.08749553468211475,0.2748981511458509,0.11393242582735762
1903.0,0.9955555555555555,,0.3904499500535726,0.777146268656716,,,,-0.9545999999999998,,-0.012403338211066345,-0.36573999999999995,-0.12946133333333054,,-0.3677,0.06903708900330338,0.30531078204363743,0.11393333874416249
1904.0,1.0057142857142856,,0.3791693566577956,0.7719402985074626,,,,-0.9950999999999997,,0.013051367738563472,-0.37477333333333335,-0.1489373333333305,,-0.37595,0.06177053140705285,0.31827052695446023,0.11393425427297539
1905.0,1.0038095238095228,,0.38520569916996894,0.768955223880597,,,,-0.9693999999999997,,0.04223708128781452,-0.37219333333333326,-0.1684133333333305,,-0.3863,0.06536880884827738,0.3117131240944943,0.11393517237893432
1906.0,0.9819711399711378,,0.40855897759009274,0.7659701492537313,,,,-0.8774999999999998,,0.0751538024366868,-0.358,-0.18788933333333047,,-0.39875000000000005,0.07857054315291222,0.2850330922718197,0.11393609299016615
1907.0,0.9393246753246723,,0.44922919191816685,0.7592070895522388,,,,-0.7526999999999997,,0.11156200049728453,-0.3368,-0.2035765333333313,,-0.40825000000000006,0.09713075415800136,0.24806561739406377,0.11393701600394646
1908.0,0.890485965647253,,0.5072163421541913,0.7486660447761196,,,,-0.6282999999999997,,0.14026950135648636,-0.31320000000000003,-0.21358053333333213,,-0.40975,0.11760711623821221,0.21163623830923375,0.11393794129815388
1909.0,0.8537824326211396,,0.5662307865811431,0.7343470149253736,,,,-0.5042999999999997,,0.15121709169586647,-0.2872,-0.217901333333333,,-0.40325000000000005,0.1389969502243962,0.17962306528168212,0.11393886874180598
1910.0,0.8292140762463319,,0.6126510961222813,0.7162500000000007,,,,-0.38069999999999976,,0.14440477151542494,-0.25880000000000003,-0.21653893333333385,,-0.38875000000000004,0.15959757748196057,0.15358944141179345,0.11393979820127467
1911.0,0.8079413489736058,,0.6464772707776055,0.694375000000001,,,,-0.25749999999999973,,0.11983254081516177,-0.22799999999999998,-0.20949333333333472,,-0.3662500000000001,0.17830405456725237,0.13497541914029124,0.11394072954508154
1912.0,0.7826989247311812,,0.667709310547116,0.6725000000000012,,,,-0.1578999999999998,,0.07750039959507693,-0.19938666666666666,-0.20055333333333475,,-0.33660000000000007,0.19062728052229422,0.12619255276556812,0.11394166265119866
1913.0,0.7433709677419331,,0.6763472154308127,0.6526785714285726,,,,-0.10509999999999979,,0.02510904505656634,-0.17754666666666666,-0.19161333333333472,,-0.30065000000000003,0.19270567612035788,0.12125226296179362,0.1139425974191568
1914.0,0.6836935483870946,,0.6734849119848757,0.636279761904763,,,,-0.09909999999999983,,-0.011739514984090062,-0.16247999999999999,-0.18267333333333474,,-0.2584000000000001,0.187264372908036,0.11457296175891121,0.113943533778284
1915.0,0.6133709677419337,,0.6709617502801128,0.6233035714285722,,,,-0.13989999999999986,,-0.02922975580958148,-0.15418666666666664,-0.1737333333333348,,-0.20985000000000004,0.17747326786825196,0.10429405416831011,0.1139444716835829
1916.0,0.5491129032258047,,0.6695835099537246,0.6137500000000004,,,,-0.22749999999999987,,-0.027361677419907925,-0.15266666666666667,-0.16479333333333476,,-0.15500000000000005,0.16552179313307502,0.09459973890177822,0.11394541110596978
1917.0,0.49905913978494587,,0.6693501910057111,0.6004705882352926,,,,-0.3221499999999998,,-0.006135279815069386,-0.15172,-0.1558533333333348,,-0.10020000000000004,0.15648386439781564,0.0989408506789267,0.11394635202132493
1918.0,0.45870967741935526,,0.6718682537615769,0.5706890756302495,,,,-0.38409999999999983,,0.034449437004934136,-0.14514666666666662,-0.14691333333333484,,-0.05180000000000005,0.15335075664013675,0.1142885850305439,0.11394729439719485
1919.0,0.42806451612903296,,0.6795384626165134,0.5230364145658233,,,,-0.4133499999999999,,0.07775641544476726,-0.13294666666666663,-0.13797333333333484,,-0.00980000000000004,0.1541719272576394,0.13158697265946095,0.11394823818489372
1920.0,0.3974193548387106,,0.6920216758293469,0.45751260504201374,,,,-0.4098999999999998,,0.11471828014413901,-0.11511999999999997,-0.12903333333333483,,0.02579999999999997,0.1565585239782319,0.15078268565495967,0.11394918332236717
1921.0,0.3823440860215058,,0.7085121137628766,0.3896684491978579,,,,-0.37374999999999986,,0.14533503110304943,-0.09166666666666665,-0.12009333333333486,,0.05499999999999996,0.16429991117378345,0.16764070936246026,0.11395012973674581
1922.0,0.3867311827956989,,0.7290097764171022,0.32665240641711074,,,,-0.32124999999999987,,0.1696066683214985,-0.07028666666666665,-0.11115333333333488,,0.07849999999999996,0.17585745540704856,0.1814341533338462,0.11395107734118327
1923.0,0.41058064516129,,0.7519082034665192,0.27918716577540054,,,,-0.2687499999999998,,0.18753319179948624,-0.058679999999999975,-0.10221333333333489,,0.09699999999999995,0.1894519352717926,0.1897793097666349,0.11395202603578902
1924.0,0.4535894428152488,,0.7748066305159365,0.2472727272727273,,,,-0.21624999999999978,,0.20020786463449375,-0.05684666666666664,-0.09327333333333492,,0.11049999999999996,0.20488203431792307,0.19175813439638448,0.11395297571223324
1925.0,0.515454545454545,,0.7977050575653536,0.2309090909090909,,,,-0.16374999999999978,,0.2128825374695013,-0.06478666666666663,-0.08433333333333493,,0.11899999999999995,0.22276635508793363,0.18805559819402262,0.1139539262551127
1926.0,0.5806060606060611,,0.8206034846147707,0.2196738816738817,,,,-0.11124999999999978,,0.22362047398134793,-0.08249999999999995,-0.07539333333333494,,0.12249999999999997,0.23961377210596324,0.18494956304208182,0.11395487754409118
1927.0,0.640424242424243,,0.8435019116641879,0.21869552669552678,,,,-0.0616999999999998,,0.23210770006534917,-0.10447999999999995,-0.06645333333333496,,0.12349999999999994,0.25558070710261893,0.18316121054701495,0.11395582945929536
1928.0,0.6756363636363655,,0.8664003387136049,0.22797402597402616,,,,-0.018049999999999802,,0.238344215721505,-0.12521999999999994,-0.05751333333333497,,0.12449999999999997,0.2688901525021433,0.18400357286047123,0.11395678188562444
1929.0,0.683272727272729,,0.889298765763022,0.2475093795093799,,,,0.01970000000000019,,0.24233002094981546,-0.1447199999999999,-0.04857333333333498,,0.12549999999999994,0.2791708961833239,0.18598840558248814,0.11395773471603017
1930.0,0.6636363636363638,,0.9059804491927144,0.27730158730158794,,,,0.051550000000000186,,0.2440651157502806,-0.16297999999999996,-0.039633333333335005,,0.12649999999999995,0.28568372398157393,0.18844419703892065,0.11395868785435309
1931.0,0.6532727272727281,,0.9150770286633666,0.31222222222222307,,,,0.07750000000000018,,0.2454862364460612,-0.17999999999999997,-0.030693333333335016,,0.12749999999999995,0.29242681132200293,0.1882550948784627,0.11395964121346708
1932.0,0.6609696969696978,,0.9165885041749787,0.34352380952380984,,,,0.08930000000000018,,0.24690735714184192,-0.19634,-0.02175333333333503,,0.11159999999999996,0.2962307054727466,0.18248634047939646,0.11396059471174046
1933.0,0.7059999999999977,,0.9105148757275504,0.35673015873015845,,,,0.07870000000000019,,0.24446551694027643,-0.21256,-0.012813333333335047,,0.061899999999999955,0.2939983534212035,0.16874785258989874,0.1139615482777596
1934.0,0.7747142857142835,,0.8968561433210823,0.35184126984126907,,,,0.0457000000000002,,0.23733447924253878,-0.22866,-0.0038733333333350662,,-0.02160000000000003,0.28392030676135227,0.15497909698855855,0.11396250186002632
1935.0,0.8558311688311679,,0.8818290505752986,0.32885714285714157,,,,-0.00969999999999981,,0.225514244048629,-0.24463999999999997,0.002183800995023783,,-0.13890000000000002,0.26500312707653007,0.15511154089708842,0.11396345543364832
1936.0,0.912805194805193,,0.866801957829515,0.287777777777776,,,,-0.0874999999999998,,0.20900481135854698,-0.26050000000000006,0.004997711442785614,,-0.29,0.23280463281484956,0.17832012377891443,0.11396440900748518
1937.0,0.938157967818344,,0.8517748650837313,0.23222222222222083,,,,-0.1679999999999998,,0.1878061811722928,-0.2787,0.004568398009950433,,-0.4332,0.19420990545143987,0.2128679230726235,0.1139653626267399
1938.0,0.9310350404312675,,0.8367477723379476,0.1766666666666656,,,,-0.23149999999999976,,0.1657813143872126,-0.3017,0.0008958606965182404,,-0.5267999999999999,0.15877203297807393,0.23785723428204272,0.11396631635657076
1939.0,0.9083584905660386,,0.8217206795921641,0.12111111111111042,,,,-0.2779999999999998,,0.1437564476021324,-0.3295,-0.006019900497510966,,-0.5708,0.12870955470986428,0.2506708017781718,0.11396727025760861
1940.0,0.8814097035040438,,0.8066935868463803,0.07724358974358932,,,,-0.3074999999999998,,0.10805964993873693,-0.36210000000000003,-0.01329601990049605,,-0.5651999999999999,0.10554501492965424,0.2492184555489255,0.11396822437248891
1941.0,0.8501886792452836,,0.79112080844615,0.045064102564102336,,,,-0.31999999999999984,,0.07506265042560503,-0.3995,-0.02057213930348114,,-0.51,0.09130171383532994,0.23681962178331126,0.11396917871952164
1942.0,0.8352096436058709,,0.7732581868837524,0.024572649572649475,,,,-0.3334999999999998,,0.04476544906273672,-0.43474,-0.027848258706466223,,-0.441,0.08247090996544035,0.22436601871199682,0.11397013329089808
1943.0,0.8544234800838592,,0.7531057221591876,0.01576923076923072,,,,-0.3659999999999998,,0.017168045850131996,-0.46086,-0.03512437810945131,,-0.3940000000000001,0.0754414637572422,0.21870727721463143,0.11397108806015303
1944.0,0.8819533118023696,,0.7306634142724556,0.018653846153846076,,,,-0.41749999999999987,,-0.007729559212209136,-0.47786,-0.042400497512436394,,-0.36900000000000005,0.06697876560112569,0.21579266779939538,0.11397204299427917
1945.0,0.9067090486713137,,0.7059312632235566,0.02153846153846144,,,,-0.4879999999999998,,-0.016255435245971412,-0.48573999999999995,-0.04967661691542148,,-0.366,0.055944541322114794,0.2177595307057736,0.11397299806345931
1946.0,0.9286906906906914,,0.679454954666937,0.024423076923076794,,,,-0.5774999999999999,,-0.024781311279733684,-0.4845,-0.05695273631840656,,-0.38499999999999995,0.04036053549844307,0.22516938079224175,0.11397395324756338
1947.0,0.9308018018018022,,0.6529786461103175,0.027307692307692154,,,,-0.6621999999999998,,-0.033067877729673664,-0.4755599999999999,-0.06422885572139164,,-0.4096,0.023185127009215763,0.2321332053700254,0.11397490853800041
1948.0,0.9159684684684674,,0.626502337553698,0.03019230769230751,,,,-0.7182999999999998,,-0.035670131024675186,-0.46033999999999997,-0.07150497512437673,,-0.4234,0.010312202108800066,0.23357548060242847,0.11397586392918675
1949.0,0.910067567567566,,0.6000260289970784,0.03307692307692287,,,,-0.7457999999999998,,-0.032588071164738254,-0.43884,-0.07878109452736182,,-0.4264,0.004976370406805854,0.23312707864843887,0.11397681940294531
1950.0,0.9016891891891898,,0.5735497204404588,0.04184915084914988,,,,-0.7446999999999997,,-0.023821698149862854,-0.41106,-0.0860572139303469,,-0.41859999999999997,0.006487344712946059,0.22651489974821706,0.11397777491837838
1951.0,0.8758333333333355,,0.5470734118838393,0.06043406593406445,,,,-0.7149999999999997,,-0.00937101198004899,-0.377,-0.09333333333333199,,-0.4,0.013460759392854725,0.20994779350212436,0.11397873041146153
1952.0,0.8325000000000028,,0.5205971033272196,0.08883166833166659,,,,-0.6702999999999998,,0.01052467776088104,,-0.10060945273631708,,-0.37340000000000007,0.019328095684308894,0.20156660740180715,0.11397968580374662
1953.0,0.7516666666666698,,0.506250530397434,0.12704195804195628,,,,-0.6241999999999999,,0.03042036750181107,,-0.10788557213930217,,-0.3416,0.024120946225039748,0.16880873726613893,0.11398064101493713
1954.0,0.6588235294117688,,0.5103658147539728,0.17506493506493354,,,,-0.5766999999999999,,0.050297637643879664,,-0.11516169154228724,,-0.3046000000000001,0.03217755691985382,0.13766559694257582,0.11398159596477446
1955.0,0.5764705882352963,,0.5329429563968363,0.22701298701298675,,,,-0.5277999999999998,,0.06676387095976197,,-0.12243781094527233,,-0.2624000000000001,0.04538646639518828,0.11630208430961078,0.11398255056385187
1956.0,0.5196078431372557,,0.5696215624164258,0.27896103896103985,,,,-0.47749999999999976,,0.07981906744945799,,-0.12971393034825743,,-0.21500000000000002,0.06470689353180445,0.10636825451739307,0.11398350470575001
1957.0,0.49705882352941105,,0.6190374189455955,0.3309090909090931,,,,-0.4314999999999998,,0.08946322711296774,,-0.1369900497512425,,-0.17220000000000008,0.08899016912179057,0.10176131459381531,0.11398445826474042
1958.0,0.51470588235294,,0.6690607903575115,0.3705236363636383,,,,-0.3954999999999998,,0.09569634995029118,,-0.14426616915422757,,-0.14380000000000007,0.11336759471098039,0.09455023883013487,0.11398541110118159
1959.0,0.5470588235294108,,0.7133595549926832,0.3964342857142871,,,,-0.36949999999999983,,0.0985368555602898,,-0.1515422885572127,,-0.12980000000000005,0.13309998633516676,0.08678728777038185,0.11398636307508705
1960.0,0.5927251975417025,,0.7519337128511104,0.40864103896103965,,,,-0.3534999999999998,,0.1013773611702884,,-0.15881840796019775,,-0.13020000000000004,0.14847308223866462,0.079586041713564,0.11398731405833681
1961.0,0.646135206321334,,0.7891436568423915,0.40714389610389584,,,,-0.3474999999999998,,0.104217866780287,,-0.1660945273631828,,-0.14500000000000007,0.1593141102559192,0.07866674034239136,0.1139882639384547
1962.0,0.6984653204565414,,0.8263536008336725,0.39194285714285565,,,,-0.34079999999999977,,0.10089643367847989,,-0.17389350715173985,,-0.16100000000000003,0.16701676829521697,0.08712737337624572,0.11398921261746157
1963.0,0.7438331870061468,,0.8635635448249538,0.375371428571427,,,,-0.32269999999999976,,0.09118559917496674,,-0.18299407555969988,,-0.16500000000000004,0.1757731938749291,0.09991665121699929,0.11399016000597913
1964.0,0.7822388059701503,,0.8997439497734279,0.35879999999999845,,,,-0.2931999999999998,,0.07508536326974756,,-0.19339623258706287,,-0.15700000000000006,0.18563207993328149,0.11444069398461013,0.11399110601471296
1965.0,0.8150746268656723,,0.9223284136357662,0.3422285714285699,,,,-0.2522999999999998,,0.05259572596282237,,-0.2050999782338289,,-0.13700000000000007,0.1949971475379588,0.12717075069837844,0.11399205055212366
1966.0,0.8479104477611946,,0.9313169364119691,0.3256571428571413,,,,-0.1999999999999998,,0.02371668725419116,-0.14675000000000002,-0.21810531249999787,,-0.10500000000000005,0.20972443888618472,0.13095677606739148,0.11399299352208178
1967.0,0.8698156277436354,,0.9267095181020363,0.30908571428571274,,,,-0.1423999999999998,,-0.005389814144340343,-0.10511000000000001,-0.2318893749999979,,-0.06620000000000006,0.2217089100365032,0.14614865204152144,0.11399393482213185
1968.0,0.8698595258999132,,0.9085061587059678,0.2925142857142842,,,,-0.08559999999999982,,-0.034496315542871844,-0.06919,-0.24567343749999795,,-0.025800000000000052,0.22864622832278442,0.16184205086854822,0.11399487435448216
1969.0,0.8480421422300284,,0.8777363972665707,0.2759428571428556,,,,-0.029599999999999804,,-0.05906849756315809,-0.03899000000000001,-0.259457499999998,,0.016199999999999947,0.23123187604765977,0.1783114163487466,0.11399581203643869
1970.0,0.8072660228270419,,0.8469666358271738,0.25937142857142703,,,,0.0256000000000002,,-0.07871902607400615,-0.014510000000000006,-0.2732415624999981,,0.059799999999999943,0.2314478884945773,0.19781696437735882,0.11399674779948474
1971.0,0.7736540825285336,,0.8161968743877767,0.24279999999999843,,,,0.08000000000000021,,-0.09344790107541603,0.004249999999999997,-0.2870256249999981,,0.10499999999999994,0.23255963001823426,0.22014581564320435,0.11399768158241115
1972.0,0.7581369622475848,,0.7854271129483796,0.2262285714285699,,,,0.1348000000000002,,-0.10325512256738774,,-0.3008096874999982,,0.14559999999999995,0.21046864423769393,0.251393703924468,0.11399861334484043
1973.0,0.7716453028972767,,0.7546573515089825,0.20965714285714135,,,,0.1912000000000002,,-0.10814069054992126,,-0.3145937499999982,,0.17539999999999994,0.21528257568859863,0.27566519780294085,0.11399954306273807
1974.0,0.8141791044776097,,0.7238875900695855,0.19308571428571275,,,,0.24920000000000017,,-0.11263892440126186,,-0.32837781249999826,,0.19439999999999996,0.22298404929119384,0.3002023026616778,0.11400047068321727
1975.0,0.8828358208955219,,0.6931178286301884,0.1803188732394359,,,,0.30880000000000024,,-0.11713715825260247,,-0.3421618749999983,,0.20259999999999997,0.23364659465989351,0.3255867911117513,0.11400139612267988
1976.0,0.9514925373134341,,0.6622773064784607,0.17706350100603624,,,,0.3700000000000002,,-0.1159167463993889,,-0.35594593749999837,,0.19999999999999996,0.2451604762864647,0.35017469946202995,0.11400231928936023
1977.0,1.0106567164179114,,0.6312936691717053,0.18331959758551367,,,,0.4179000000000002,,-0.10820893159149245,,-0.36972999999999845,,0.19139999999999996,0.25482624638433554,0.36937161488079,0.11400324008927099
1978.0,1.0460895522388065,,0.6001669167099221,0.19908716297786824,,,,0.4376000000000002,,-0.0940137138289131,,-0.3835140624999985,,0.18159999999999996,0.25916693267205637,0.37742799166111807,0.11400415843574098
1979.0,1.0577910447761194,,0.5732698699757347,0.22436619718309997,,,,0.4291000000000002,,-0.07333109311165088,,-0.3972981249999985,,0.17059999999999995,0.2588072238471449,0.37338315352900975,0.11400507425725452
1980.0,1.0457611940298501,,0.5535285817182354,0.2553521126760571,,,,0.3924000000000002,,-0.04616106943970575,,-0.4110821874999986,,0.15839999999999996,0.2536216149415925,0.357432730754585,0.11400598749949792
1981.0,1.0319999999999983,,0.5410138126497548,0.28633802816901427,,,,0.3275000000000002,,-0.01822228851763192,,-0.42486624999999856,,0.14499999999999996,0.24513085362969228,0.33345540555113434,0.11400689812371942
1982.0,1.0100000000000002,,0.53579791721299,0.3246955579631624,,,,0.2633000000000002,,0.009716492404441907,,-0.43865031249999864,,0.12829999999999994,0.23718747545532928,0.30806369680722573,0.11400780610085895
1983.0,0.9686666666666701,,0.537880895407941,0.38762513542795096,,,,0.2287000000000002,,0.027447463941713525,,-0.4524343749999987,,0.10619999999999993,0.23303406565014087,0.28666107901459065,0.11400871140073232
1984.0,0.9017777777777832,,0.5428899263519843,0.44273590817252656,,,,0.22370000000000018,,0.03305946434660721,,-0.46621843749999875,,0.07869999999999995,0.22625675889365882,0.27480360878467713,0.11400961398862763
1985.0,0.8093333333333398,,0.5478989572960274,0.490027876196889,,,,0.24830000000000013,,0.026552493619122968,,-0.48000249999999883,,0.04579999999999995,0.2164375476502985,0.27604312256153524,0.11401051383398358
1986.0,0.6693333333333398,,0.5529079882400707,0.5295010395010384,,,,0.30250000000000016,,0.00792655175926079,-0.24775,-0.4937865624999988,,0.007499999999999951,0.19339774495483628,0.27471972098700537,0.11401141092550855
1987.0,0.5885714285714364,,0.5579170191841138,0.5498287118287126,,,,0.35610000000000014,,-0.022818361232979322,-0.28654999999999997,-0.5075706249999989,,-0.03370000000000005,0.177603472832033,0.29876305867500796,0.11401230527144686
1988.0,0.5923809523809623,,0.562926050128157,0.5245819585819602,,,,0.3789000000000001,,-0.05547443597279515,-0.31955,-0.521354687499999,,-0.07530000000000006,0.1632699308654081,0.3086073601617599,0.11401319687791467
1989.0,0.6393628645256635,,0.5679350810722001,0.4861516321516347,,,,0.3709000000000001,,-0.088130510712611,-0.34675,,,-0.11730000000000004,0.20265174181940757,0.28980640866888535,0.114014085695849
1990.0,0.7242259136212699,,0.5730486572181064,0.434537732537736,,,,0.3321000000000001,,-0.11881902571657446,-0.36815,,,-0.15970000000000004,0.18909091476564335,0.27933317140418784,0.11401497162789263
1991.0,0.8469700996677814,,0.5840299553072985,0.36974025974026414,,,,0.26250000000000007,,-0.14704562913914085,-0.3837499999999999,,,-0.20250000000000004,0.17661968732502412,0.26757335344260996,0.11401585462124715
1992.0,0.916801771871544,,0.6008789753397765,0.29571428571429054,,,,0.1914000000000001,,-0.17281032098031018,,,,-0.24265000000000003,0.18397181690766604,0.2783979192776799,0.11401673465020508
1993.0,0.9199726402188796,,0.6237359633064014,0.22168831168831696,,,,0.14810000000000012,,-0.19611310124008244,,,,-0.2771,0.15913000057903512,0.282894030582109,0.11401761168189989
1994.0,0.8949384404924776,,0.6536055945256101,0.14766233766234338,,,,0.1326000000000001,,-0.21695396991845758,,,,-0.30585000000000007,0.13674976537711145,0.29513382222755336,0.11401848572023998
1995.0,0.8469904240766087,,0.6903833237955391,,,,,0.1449000000000001,,-0.23730048675128806,,,,-0.3289000000000001,0.19161767494320284,0.28915026756254486,0.11401935672602793
1996.0,,,,,,,,0.18500000000000014,,,,,,-0.34625000000000006,0.2992738340874076,0.5172107277359149,0.11402022447836739
1997.0,,,,,,,,,,,,,,,,,
1998.0,,,,,,,,,,,,,,,,,
1999.0,,,,,,,,,,,,,,,,,
2000.0,,,,,,,,,,,,,,,,,
