Era,Leg/Exp,Site,Hole,Latitude,Longitude,Water depth (m),Transition Depth,Green bands assoc. with transition,Red bands assoc. with transition,Green bands deeper than transiition,Red bands deeper than transiition,Unusable image,Bottomwater O2 (umol/L),Holocene-LGM CaCO3 (%),Organic Carbon (%),CaCO3 (%),Productivity (mgC/m2/day),Sedimentation Rate (cm/ka)
DSDP,1,1,*,25.8583,-92.1833,2827,None,FALSE,FALSE,FALSE,FALSE,FALSE,,9.888888888888886,0.6961193084716797,,240.18179321289065,18.76567268371582
DSDP,1,4,*,24.478,-73.792,5319,None,FALSE,FALSE,FALSE,FALSE,TRUE,250.8125,11.384615384615389,0.397281289,28.0875,132.1124267578125,0.5597407221794128
DSDP,1,5,*,24.7265,-73.641,5354,None,FALSE,FALSE,FALSE,FALSE,TRUE,250.8125,11.384615384615389,0.4217695891857147,28.0875,132.1124267578125,0.6152594089508057
DSDP,1,7,*,30.134,-68.2967,5182,None,FALSE,FALSE,FALSE,FALSE,FALSE,260.6875,20.444444444444443,0.5212348699569702,15.495,158.8913574,0.7364625334739685
DSDP,3,13,*,6.04,-18.2285,4585,None,FALSE,FALSE,FALSE,FALSE,FALSE,242.125,24.8125,0.5905801057815552,27.557499999999997,334.465332,1.8768832683563232
DSDP,3,14,*,-28.3315,-20.941,4343,None,FALSE,FALSE,FALSE,FALSE,FALSE,230.6875,10.999999999999991,0.2972792387008667,78.065,172.93130493164062,0.2938086986541748
DSDP,3,15,*,-30.8897,-17.9832,3927,None,FALSE,FALSE,FALSE,FALSE,FALSE,245.375,10.999999999999991,0.3026116788387298,89.4775,181.9329833984375,0.5243052840232849
DSDP,3,16,*,-30.3358,-15.7132,3527,None,FALSE,FALSE,FALSE,FALSE,FALSE,245.5625,10.999999999999991,0.2744933664798736,90.8925,180.1869354248047,0.9922720193862916
DSDP,3,17,*,-28.0457,-6.6025,4265,None,FALSE,FALSE,FALSE,FALSE,FALSE,235.25,10.999999999999991,0.272087425,91.2675,173.4777374267578,0.3559125661849975
DSDP,3,18,*,-27.9787,-8.0117,4018,None,FALSE,FALSE,FALSE,FALSE,FALSE,235.9375,10.999999999999991,0.2693572342395782,90.5025,164.46141052246094,0.4514245986938476
DSDP,3,19,*,-28.5347,-23.6772,4677,None,FALSE,FALSE,FALSE,FALSE,FALSE,228.1875,10.999999999999991,0.3270730078220367,42.905,178.48910522460938,0.2584031820297241
DSDP,3,22,*,-30.0052,-35.25,2134,None,FALSE,FALSE,FALSE,FALSE,FALSE,218.75,10.999999999999991,0.4066023230552673,34.2,283.92340087890625,0.8828005790710449
DSDP,4,23,*,-6.1458,-31.0433,5079,None,FALSE,FALSE,FALSE,FALSE,TRUE,226.5625,10.999999999999991,0.3544846475124359,11.45,143.2307891845703,1.3491754531860352
DSDP,4,25,*,-0.5167,-39.24,1916,None,FALSE,FALSE,FALSE,FALSE,FALSE,229.6875,18.095238095238106,0.4213777184486389,48.91,257.1156005859375,1.826634168624878
DSDP,4,29,*,14.7852,-69.3227,4247,None,FALSE,FALSE,FALSE,FALSE,FALSE,,9.888888888888886,0.9735878705978394,41.3425,380.0613403320313,0.7175775170326233
DSDP,4,31,*,14.9433,-72.0272,3369,None,FALSE,FALSE,FALSE,FALSE,FALSE,,9.888888888888886,0.7964133024215698,52.8625,313.3685607910156,0.7571026086807251
DSDP,5,32,*,37.1272,-127.5563,4758,None,FALSE,FALSE,FALSE,FALSE,FALSE,130.5625,-14.77777778,0.7199265956878662,0.8225,622.6430053710938,1.096629619598389
DSDP,5,33,*,39.4747,-127.4968,4284,None,FALSE,FALSE,FALSE,FALSE,FALSE,115.8125,-14.77777778,0.825698733,1.145,729.6407470703125,4.330684661865234
DSDP,5,35,*,40.6737,-127.4747,3273,None,FALSE,FALSE,FALSE,FALSE,FALSE,109.625,-14.77777778,1.2253031730651855,4.79,770.0686035,10.360051155090332
DSDP,5,36,*,40.9847,-130.1097,3273,None,FALSE,FALSE,FALSE,FALSE,FALSE,125.4375,-14.77777778,0.74845475,1.6475,463.9610290527344,2.1581788063049316
DSDP,5,37,*,40.979,-140.7185,4682,None,FALSE,FALSE,FALSE,FALSE,FALSE,146.8125,-9.544444444,0.3020627200603485,0.7175,435.0267639160156,0.3690398335456848
DSDP,5,38,*,38.702,-140.3545,5137,None,FALSE,FALSE,FALSE,FALSE,FALSE,148.75,-9.544444444,0.3477040529251098,0.3325,391.9565734863281,0.2273966819047927
DSDP,5,39,*,32.8047,-139.5715,4929,None,FALSE,FALSE,FALSE,FALSE,FALSE,148.3125,-29.5,0.3119108974933624,1.09,358.3088684082031,0.2034429162740707
DSDP,5,40,*,19.7928,-139.9013,5183,None,FALSE,FALSE,FALSE,FALSE,FALSE,168.1875,-29.5,0.3752650022506714,0.4649999999999999,235.53155517578125,0.1733256578445434
DSDP,5,41,*,19.8542,-140.048,5339,None,FALSE,FALSE,FALSE,FALSE,FALSE,169,-29.5,0.3743866980075836,0.295,232.53805541992188,0.1726718097925186
DSDP,5,42,*,13.8427,-140.1885,4848,None,FALSE,FALSE,FALSE,FALSE,FALSE,171.875,-29.5,0.5029479265213013,0.14,239.17039489746097,0.2157139182090759
DSDP,5,43,*,17.1098,-151.3752,5405,None,FALSE,FALSE,FALSE,FALSE,FALSE,176.0625,-29.5,0.7804428935050964,0,186.0709991455078,0.122059166
DSDP,6,46,*,27.8833,171.4383,5769,None,FALSE,FALSE,FALSE,FALSE,FALSE,178,-4.755417957,0.3529137969017029,0.6425,156.9009246826172,0.074716836
DSDP,6,47,*,32.4483,157.7117,2689,None,FALSE,FALSE,FALSE,FALSE,FALSE,174.25,-4.755417957,1.4192898273468018,41.89,281.23883056640625,0.5617451667785645
DSDP,6,49,*,32.4017,156.6,4282,None,FALSE,FALSE,FALSE,FALSE,FALSE,173.8125,-4.755417957,1.4541664123535156,14.935,284.04705810546875,0.5226936936378479
DSDP,6,52,*,27.7717,147.13,5744,None,FALSE,FALSE,FALSE,FALSE,FALSE,167.1875,-4.755417957,0.3628130257129669,0.42,150.73333740234375,0.1010817140340805
DSDP,6,55,*,9.3017,142.535,2850,None,FALSE,FALSE,FALSE,FALSE,FALSE,144.75,-8.132867133,0.4060260653495788,55.135,129.3997039794922,0.087395877
DSDP,7,63,*,0.8355,147.8898,4486,None,FALSE,FALSE,FALSE,FALSE,FALSE,147.25,-8.132867133,0.8370546698570251,8.355,243.2623291015625,0.6233689188957214
DSDP,7,64,*,-1.7422,158.6097,2060,None,FALSE,FALSE,FALSE,FALSE,FALSE,155.5,-8.132867133,0.774543047,74.0425,250.2582244873047,1.3302159309387207
DSDP,7,67,*,24.376,-157.648,4486,None,FALSE,FALSE,FALSE,FALSE,TRUE,151.75,-29.5,1.0724443197250366,0.72,248.6293029785156,0.205189437
DSDP,8,68,*,16.722,-164.1727,5466,None,FALSE,FALSE,FALSE,FALSE,FALSE,179.6875,-29.5,0.5221184492111206,0,171.23049926757812,0.1318745166063308
DSDP,8,70,*,6.3347,-140.362,5059,None,FALSE,FALSE,FALSE,FALSE,FALSE,174.625,-7.725,0.7868787050247192,22.415,331.2043762207031,0.6569328308105469
DSDP,8,71,*,4.4713,-140.3152,4419,None,FALSE,FALSE,FALSE,FALSE,FALSE,173.9375,-8.9375,0.9266016483306884,74.95750000000001,383.6164551,1.3957910537719729
DSDP,8,72,*,0.4415,-138.867,4326,None,FALSE,FALSE,FALSE,FALSE,FALSE,174.3125,-8.9375,0.6008318662643433,70.965,506.9073181152344,1.153239369392395
DSDP,8,73,*,-1.9097,-137.4687,4387,None,FALSE,FALSE,FALSE,FALSE,FALSE,173.8125,-8.9375,0.3428345918655395,74.83,426.67974853515625,0.6410839557647705
DSDP,8,74,*,-6.2367,-136.0967,4431,None,FALSE,FALSE,FALSE,FALSE,FALSE,174.0625,-8.9375,0.525742769,79.14,301.0399169921875,0.250739574
DSDP,8,75,*,-12.5167,-134.2667,4181,None,FALSE,FALSE,FALSE,FALSE,FALSE,172.75,-13.6375,0.495480478,76.1675,270.6169434,0.2898049652576446
DSDP,9,76,*,-14.0983,-145.6607,4598,None,FALSE,FALSE,FALSE,FALSE,FALSE,185.625,-13.6375,0.9388604760169984,50.2025,182.9383544921875,0.4765198230743408
DSDP,9,77,*,0.4817,-133.2283,4291,None,FALSE,FALSE,FALSE,FALSE,FALSE,175.5,-8.9375,0.4226901829242706,67.815,517.3289184570312,1.4203062057495115
DSDP,9,78,*,7.95,-127.3558,4378,None,FALSE,FALSE,FALSE,FALSE,FALSE,162.4375,-7.725,0.92592746,18.96,317.09942626953125,1.0724446773529053
DSDP,9,80,*,-0.962,-121.5537,4411,None,FALSE,FALSE,FALSE,FALSE,FALSE,165.625,-8.9375,1.267519235610962,61.915,546.3344727,1.4947341680526731
DSDP,9,81,*,1.4415,-113.809,3865,None,FALSE,FALSE,FALSE,FALSE,FALSE,154.3125,-8.9375,1.5718737840652466,71.4075,560.1002197265625,3.2917613983154297
DSDP,9,82,*,2.5913,-106.942,3707,None,FALSE,FALSE,FALSE,FALSE,FALSE,143.125,-8.9375,1.8300334215164185,73.3675,499.2746276855469,3.7174127101898193
DSDP,9,84,*,5.7487,-82.8882,3096,None,FALSE,FALSE,FALSE,FALSE,FALSE,81.5,-7.725,3.034008502960205,15.840000000000003,459.1843262,6.142076492
DSDP,10,88,*,21.3822,-94.0035,2532,None,FALSE,FALSE,FALSE,FALSE,FALSE,,9.888888888888886,0.6674851179122925,0.68,246.5550842285156,15.72022533416748
DSDP,10,89,*,20.8902,-95.1122,3067,Shallow (<40 cm),FALSE,TRUE,FALSE,TRUE,FALSE,,9.888888888888886,0.9231488704681396,3.266666666666667,297.8514099121094,17.015228271484375
DSDP,10,90,*,23.7967,-94.7682,3713,None,FALSE,FALSE,FALSE,FALSE,FALSE,,9.888888888888886,0.6715075373649597,0.3,196.9241180419922,14.971565246582031
DSDP,10,92,*,25.8448,-91.8215,2573,None,FALSE,FALSE,FALSE,FALSE,TRUE,,9.888888888888886,0.6838600635528564,,244.60208129882812,18.05922508239746
DSDP,10,94,*,24.5273,-88.4693,1793,Shallow (<40 cm),FALSE,FALSE,FALSE,FALSE,FALSE,,9.888888888888886,0.4404774308204651,,246.13406372070312,8.809388160705566
DSDP,10,95,*,24.15,-86.3975,1633,None,FALSE,FALSE,FALSE,FALSE,TRUE,,9.888888888888886,0.2931748032569885,,217.3605804443359,6.5683488845825195
DSDP,10,97,*,23.8842,-84.4457,2930,None,FALSE,FALSE,FALSE,FALSE,FALSE,,9.888888888888886,0.2639604210853576,55.010000000000005,201.8212891,
DSDP,11,102,*,30.7322,-74.4523,3426,Deep (>40 cm),FALSE,FALSE,FALSE,FALSE,FALSE,242.75,20.444444444444443,0.5332759022712708,33.7425,177.4263916015625,3.3409576416015625
DSDP,11,103,*,30.4513,-74.5832,3964,None,FALSE,FALSE,FALSE,FALSE,FALSE,242.75,20.444444444444443,0.5483276844024658,33.7425,177.4263916015625,3.190654993057251
DSDP,11,104,*,30.8275,-74.3273,3811,None,FALSE,FALSE,FALSE,FALSE,FALSE,242.75,20.444444444444443,0.52503556,33.7425,177.4263916015625,3.319586992263794
DSDP,11,106,*,36.4335,-69.4615,4500,Deep (>40 cm),FALSE,FALSE,FALSE,FALSE,FALSE,244.3125,20.444444444444443,0.4526151120662689,29.605,248.72433471679688,2.1327338218688965
DSDP,12,111,*,50.4262,-46.3675,1797,None,FALSE,FALSE,FALSE,FALSE,FALSE,292.9375,35.46666666666667,0.4097524881362915,38.955,1030.203613,1.7224162817001345
DSDP,13,125,*,34.6248,20.4293,2782,None,FALSE,FALSE,FALSE,TRUE,FALSE,,,1.0931084156036377,,202.17918395996097,
DSDP,13,132,*,40.2617,11.4412,2835,None,FALSE,FALSE,FALSE,FALSE,FALSE,,,0.7353905439376831,,327.9131774902344,
DSDP,14,135,*,35.3467,-10.4243,4152,None,FALSE,FALSE,FALSE,FALSE,FALSE,237.75,13.538461538461547,0.4913546144962311,47.415,366.2405090332031,3.2532782554626465
DSDP,15,148,*,13.4187,-63.7208,1232,None,FALSE,FALSE,FALSE,FALSE,FALSE,226.5,9.888888888888886,1.5064318180084229,34.315,737.6171264648438,1.7844957113265991
DSDP,16,156,*,-1.68,-85.401,2369,None,FALSE,FALSE,FALSE,FALSE,FALSE,115.0625,4.866666666666667,2.2995083332061768,74.8175,732.5235595703125,2.223553419113159
DSDP,16,158,*,6.6227,-85.236,1953,None,FALSE,FALSE,FALSE,FALSE,FALSE,91.0625,-7.725,3.1297695636749268,37.885,441.9642639160156,2.4696240425109863
DSDP,16,159,*,12.332,-122.2878,4484,None,FALSE,FALSE,FALSE,FALSE,TRUE,158.875,-7.725,0.751733124,4.1275,276.6963195800781,0.3540942370891571
DSDP,16,160,*,11.7045,-130.8802,4940,None,FALSE,FALSE,FALSE,FALSE,FALSE,164.9375,-29.5,0.7459332942962646,0.145,283.8916016,0.3525901138782501
DSDP,16,161,*,10.6708,-139.9535,4939,None,FALSE,FALSE,FALSE,FALSE,FALSE,172.1875,-29.5,0.5515644550323486,0.1699999999999999,271.3492736816406,0.4329256117343902
DSDP,16,162,*,14.8698,-140.0435,4854,None,FALSE,FALSE,FALSE,FALSE,FALSE,171.5625,-29.5,0.4633725583553314,0.13,234.74082946777344,0.2154657542705536
DSDP,17,165,*,8.1783,-164.86,5053,None,FALSE,FALSE,FALSE,FALSE,FALSE,181.375,-7.725,1.4692587852478027,46.1525,232.7552795410156,0.361719012
DSDP,17,167,*,7.0683,-176.825,3176,None,FALSE,FALSE,FALSE,FALSE,FALSE,185.25,-8.132867133,0.7508972883224487,75.93666666666667,197.93011474609375,0.1544330269098281
DSDP,18,172,*,31.5372,-133.3727,4768,None,FALSE,FALSE,FALSE,FALSE,FALSE,149.5,-29.5,0.3091305196285248,1.1725,361.7156677246094,0.2811097204685211
DSDP,18,173,*,39.9618,-125.452,2927,None,FALSE,FALSE,FALSE,FALSE,FALSE,100.8125,-14.77777778,2.0792274475097656,5.8125,1040.802490234375,13.257684707641602
DSDP,18,174,*,44.8897,-126.3467,2815,None,FALSE,FALSE,FALSE,FALSE,TRUE,87.0625,-14.77777778,1.394478440284729,10.5425,1032.910156,24.226884841918945
DSDP,18,176,*,45.9333,-124.6167,193,None,FALSE,FALSE,FALSE,FALSE,FALSE,86.66666412353516,-14.77777778,1.1247819662094116,3,3319.019531,23.34073829650879
DSDP,18,177,*,50.4697,-130.205,2006,None,FALSE,FALSE,FALSE,FALSE,FALSE,97.25,-14.77777778,1.5898232460021973,19.515,1305.8016357421875,34.76033401489258
DSDP,18,178,*,56.9563,-147.131,4218,None,FALSE,FALSE,FALSE,FALSE,FALSE,99.5625,-1.166666667,0.4435952603816986,4.5475,1075.161376953125,2.421795368
DSDP,18,179,*,56.409,-145.9887,3781,None,FALSE,FALSE,FALSE,FALSE,FALSE,106.5,-1.166666667,0.3897909522056579,12.1475,1022.458984,2.674269914627075
DSDP,18,180,*,57.3627,-147.8562,4923,None,FALSE,FALSE,FALSE,FALSE,FALSE,94.5,-1.166666667,0.6966964602470398,2.2500000000000004,1302.1322021484375,2.4206650257110596
DSDP,18,181,*,57.4383,-148.4647,3086,None,FALSE,FALSE,FALSE,FALSE,FALSE,89.375,-1.166666667,0.9426255822181702,0.945,1358.8734130859375,2.2951738834381104
DSDP,18,182,*,57.8827,-148.7165,1419,None,FALSE,FALSE,FALSE,FALSE,FALSE,89.375,-1.166666667,1.1825273036956787,0.945,1358.8734130859375,2.837123155593872
DSDP,19,183,*,52.5717,-161.2055,4708,None,FALSE,FALSE,FALSE,FALSE,FALSE,160.25,-1.166666667,0.6597954630851746,0,796.4764404296875,1.0789287090301514
DSDP,19,184,*,53.7107,-170.9232,1910,None,FALSE,FALSE,FALSE,FALSE,FALSE,170.7142791748047,6,0.8425225615501404,,806.8051758,
DSDP,19,185,*,54.4288,-169.2432,2110,None,FALSE,FALSE,FALSE,FALSE,FALSE,176.36363220214844,6,0.8683515191078186,,1122.48877,
DSDP,19,186,*,51.1302,-174.0057,4522,None,FALSE,FALSE,FALSE,TRUE,FALSE,152.5,-1.166666667,0.9076240062713624,0.6799999999999999,790.4371337890625,1.0994776487350464
DSDP,19,188,*,53.7535,178.6593,2649,None,FALSE,FALSE,FALSE,FALSE,TRUE,90.26923370361328,6,0.8781741857528687,0,650.6862793,
DSDP,19,189,*,54.0357,170.223,3437,None,FALSE,FALSE,FALSE,FALSE,FALSE,147.5625,6,0.7263356447219849,0,825.130127,
DSDP,19,190,*,55.5592,171.6403,3875,Shallow (<40 cm),FALSE,FALSE,FALSE,FALSE,FALSE,137.6875,6,0.709130049,6.4825,759.5992431640625,
DSDP,19,192,*,53.0095,164.7135,3014,None,FALSE,FALSE,FALSE,FALSE,TRUE,167.25,6,1.120028018951416,65,849.4414672851562,
DSDP,20,200,*,12.8367,156.7827,1479,None,FALSE,FALSE,FALSE,FALSE,FALSE,180.375,-4.755417957,0.3504961431026459,1.155,109.10982513427734,0.1574666947126388
DSDP,21,203,*,-22.1537,-177.5462,2720,None,FALSE,FALSE,FALSE,FALSE,FALSE,199.625,-13.6375,0.8185257315635681,18.7275,228.1250915527344,6.6343889236450195
DSDP,21,204,*,-24.9545,-174.1115,5354,None,FALSE,FALSE,FALSE,FALSE,FALSE,206.875,-13.6375,0.3387335538864136,0,205.93458557128903,0.098712176
DSDP,21,206,*,-32.0125,165.4525,3196,None,FALSE,FALSE,FALSE,FALSE,FALSE,168.0625,7.75,0.902399719,81.285,354.1531677246094,
DSDP,21,207,*,-36.9625,165.4343,1389,None,FALSE,FALSE,FALSE,FALSE,FALSE,189.5625,,0.7029034495353699,84.4525,443.3614807128906,
DSDP,21,208,*,-26.1102,161.2212,1545,None,FALSE,FALSE,FALSE,FALSE,FALSE,166.5625,7.75,0.6528087258338928,81.88999999999999,228.62298583984375,
DSDP,21,209,*,-15.9365,152.1878,1428,None,FALSE,FALSE,FALSE,FALSE,FALSE,184.625,7.75,0.8126855492591858,22.396666666666665,163.93252563476562,1.0319077968597412
DSDP,21,210,*,-13.7665,152.8963,4643,None,FALSE,FALSE,FALSE,FALSE,TRUE,178.8125,7.75,0.9115616679191588,14.517499999999998,179.19163513183594,0.7527492046356201
DSDP,22,211,*,-9.7755,102.6992,5518,None,FALSE,FALSE,FALSE,FALSE,FALSE,196.625,3.7307692307692335,0.5442469120025635,6.772499999999999,220.21095275878903,0.7656334042549133
DSDP,22,212,*,-19.189,99.2973,6233,None,FALSE,FALSE,FALSE,FALSE,FALSE,204.0625,-21.375,0.4180323183536529,0.4775,193.3729248046875,0.1254915595054626
DSDP,22,213,*,-10.2118,93.8962,5601,None,FALSE,FALSE,FALSE,FALSE,FALSE,198.3125,3.7307692307692335,0.3622668981552124,11.2325,200.94650268554688,0.022194155
DSDP,22,214,*,-11.3368,88.718,1655,None,FALSE,FALSE,FALSE,FALSE,FALSE,190.5,-21.375,0.3298396468162536,54.1675,192.88992309570312,0.6434944272041321
DSDP,22,215,*,-8.1217,86.7917,5309,None,FALSE,FALSE,FALSE,FALSE,FALSE,185.8125,3.7307692307692335,0.4100989103317261,9.8125,233.0817108154297,0.2661285102367401
DSDP,22,216,*,1.4622,90.208,2237,None,FALSE,FALSE,FALSE,FALSE,FALSE,127.4375,3.7307692307692335,0.3855124115943908,72.6,279.22100830078125,0.4639321565628052
DSDP,22,217,*,8.9262,90.5388,3010,None,FALSE,FALSE,FALSE,FALSE,TRUE,162.8125,3.7307692307692335,0.6886629462242126,54.06999999999999,392.3249816894531,1.345556378364563
DSDP,22,218,*,8.007,86.2828,3749,None,FALSE,FALSE,FALSE,FALSE,FALSE,157.6875,3.7307692307692335,0.7922236919403076,59.665,577.1757202148438,6.121978759765625
DSDP,23,219,*,9.0292,72.8778,1764,None,FALSE,FALSE,FALSE,FALSE,FALSE,142.375,3.7307692307692335,0.6049941182136536,72.2325,464.6440124511719,0.6687654256820679
DSDP,23,220,*,6.5162,70.9837,4036,None,FALSE,FALSE,FALSE,FALSE,FALSE,136.875,3.7307692307692335,0.5902939438819885,56.795,282.66632080078125,0.3279908895492553
DSDP,23,222,*,20.0915,61.5093,3546,None,FALSE,FALSE,FALSE,FALSE,FALSE,116.0625,6.299999999999997,0.9744205474853516,51.037499999999994,1860.5787353515625,3.825304508209229
DSDP,23,223,*,18.7497,60.1297,3633,None,FALSE,FALSE,FALSE,FALSE,FALSE,129.6875,6.299999999999997,1.3116588592529297,51.5875,1894.4454345703125,2.414322853088379
DSDP,23,225,*,21.3097,38.2518,1228,None,FALSE,FALSE,FALSE,FALSE,FALSE,,,0.817042887,,250.22276306152344,
DSDP,23,227,*,21.331,38.1328,1795,None,FALSE,FALSE,FALSE,FALSE,FALSE,,,0.8142950534820557,,250.22276306152344,
DSDP,23,228,*,19.086,39.0033,1038,None,FALSE,FALSE,FALSE,FALSE,FALSE,,,0.7860236167907715,,315.7060547,
DSDP,23,229,*,14.7682,42.1912,852,None,FALSE,FALSE,FALSE,FALSE,TRUE,,,0.9619213938713074,,1185.9986572265625,
DSDP,23,230,*,15.3167,41.8342,832,None,FALSE,FALSE,FALSE,FALSE,FALSE,,,0.9071997404098512,,902.9958496,
DSDP,24,231,*,11.8902,48.2452,2152,None,FALSE,FALSE,FALSE,FALSE,TRUE,76.27272797,6.299999999999997,1.373354434967041,,491.1418151855469,12.855754852294922
DSDP,24,232,*,14.4822,51.9145,1743,None,FALSE,FALSE,FALSE,FALSE,FALSE,77.64286041259766,6.299999999999997,2.2429563999176025,67.83500000000001,3124.538818359375,5.967746257781982
DSDP,24,233,*,14.328,52.1352,1839,None,FALSE,FALSE,FALSE,FALSE,FALSE,90.33333587646484,6.299999999999997,2.2083258628845215,64.19666666666667,3784.295898,6.232176303863525
DSDP,24,234,*,4.4827,51.2247,4721,None,FALSE,FALSE,FALSE,FALSE,FALSE,161.5,6.299999999999997,0.4756473004817962,58.473333333333336,1092.5804443359375,1.6435730457305908
DSDP,24,235,*,3.2343,52.694,5130,None,FALSE,FALSE,FALSE,FALSE,FALSE,171.5,3.7307692307692335,0.4210534989833832,58.473333333333336,1002.010986328125,1.6139655113220217
DSDP,24,236,*,-1.677,57.6475,4487,None,FALSE,FALSE,FALSE,FALSE,FALSE,180.0625,3.7307692307692335,0.5726252794265747,65.07,270.5412292480469,0.3787932693958282
DSDP,24,237,*,-7.0832,58.1247,1623,None,FALSE,FALSE,FALSE,FALSE,FALSE,153.3125,3.7307692307692335,0.4040513038635254,87.1,306.7248840332031,0.726824939
DSDP,24,238,*,-11.1535,70.526,2832,None,FALSE,FALSE,FALSE,FALSE,FALSE,163.4375,-21.375,0.3882476091384887,82.97666666666666,191.6547393798828,0.139955461
DSDP,25,239,*,-21.2945,51.6788,4971,None,FALSE,FALSE,FALSE,FALSE,TRUE,202,15.75,0.6626905202865601,25.1,181.9905548095703,0.4700388610363006
DSDP,25,240,*,-3.4873,50.0537,5082,None,FALSE,FALSE,FALSE,FALSE,FALSE,183.75,3.7307692307692335,0.3869767785072326,,276.1597900390625,1.881956458091736
DSDP,25,241,*,-2.3707,44.6795,4054,None,FALSE,FALSE,FALSE,FALSE,FALSE,181.875,6.299999999999997,0.8393904566764832,,544.0056762695312,5.660125732421875
DSDP,25,242,*,-15.8442,41.8205,2275,None,FALSE,FALSE,FALSE,FALSE,FALSE,173.4375,15.75,0.8695564270019531,52.10999999999999,304.4282227,1.7639981508255005
DSDP,25,249,*,-29.9498,36.077,2098,None,FALSE,FALSE,FALSE,FALSE,FALSE,198.625,15.75,0.3914759457111358,64.71333333333332,275.54547119140625,1.2556897401809692
DSDP,26,250,*,-33.4623,39.3692,5119,None,FALSE,FALSE,FALSE,FALSE,FALSE,218.5625,-21.375,0.3775409460067749,33.41,327.0909423828125,1.370426058769226
DSDP,26,251,*,-36.5042,49.4858,3499,None,FALSE,FALSE,FALSE,FALSE,FALSE,205.25,-21.375,0.2959073185920715,83.0525,403.7737426757813,1.5828166007995603
DSDP,26,252,*,-37.0407,59.2388,5032,None,FALSE,FALSE,FALSE,FALSE,FALSE,216.375,21.505050505050505,0.3341995477676391,,441.6141052246094,0.4848936796188354
DSDP,26,253,*,-24.8775,87.3662,1962,None,FALSE,FALSE,FALSE,FALSE,FALSE,180.5625,-21.375,0.6263547539710999,91.25,145.80690002441406,1.3935372829437256
DSDP,26,254,*,-30.9692,87.8953,1253,None,FALSE,FALSE,FALSE,FALSE,FALSE,181.4375,-21.375,0.4052621126174927,90.53000000000002,191.8476104736328,1.547086238861084
DSDP,26,256,*,-23.4558,100.7743,5361,None,FALSE,FALSE,FALSE,FALSE,FALSE,185.625,-21.375,0.3711723089218139,2.92,211.0454102,0.4684904813766479
DSDP,26,257,*,-30.986,108.3498,5278,None,FALSE,FALSE,FALSE,FALSE,FALSE,205.625,-21.375,0.3907443284988403,,293.44085693359375,0.5143054723739624
DSDP,26,258,*,-33.7948,112.4737,2793,None,FALSE,FALSE,FALSE,FALSE,FALSE,187.375,-2,0.8019624948501587,79.5325,399.7012634277344,1.179314136505127
DSDP,27,259,*,-29.6175,112.6963,4696,None,FALSE,FALSE,FALSE,FALSE,FALSE,220.6875,-2,0.9903496503829956,78.53999999999999,346.7187194824219,1.2423102855682373
DSDP,27,260,*,-16.1445,110.2987,5702,None,FALSE,FALSE,FALSE,FALSE,FALSE,196,3.7307692307692335,0.5400513410568237,13.0175,196.3342132568359,0.2947876453399658
DSDP,27,262,*,-10.8698,123.8463,2298,None,FALSE,FALSE,FALSE,FALSE,FALSE,,-2,1.4059314727783203,53.955,321.3869629,
DSDP,27,263,*,-23.3238,110.9635,5048,None,FALSE,FALSE,FALSE,FALSE,FALSE,182.9375,-21.375,0.9012680053710938,42.1525,249.8296661376953,1.495245099067688
DSDP,28,264,*,-34.9688,112.0447,2876,None,FALSE,FALSE,FALSE,FALSE,FALSE,182.9375,-2,0.4528610408306122,81.17,415.1039733886719,
DSDP,28,265,*,-53.5408,109.9457,3581,Deep (>40 cm),FALSE,FALSE,FALSE,FALSE,FALSE,224.1875,-1.20361991,0.267045647,18.735,195.55636596679688,3.604050636291504
DSDP,28,266,*,-56.4022,110.1117,4167,None,FALSE,FALSE,FALSE,FALSE,FALSE,229.4375,-1.20361991,0.3043440282344818,0,171.39671325683594,2.121329545974731
DSDP,28,267,*,-59.2623,104.4883,4522,None,FALSE,FALSE,FALSE,FALSE,FALSE,236.5625,-1.20361991,0.280062735,0,151.52182006835938,1.877197861671448
DSDP,28,268,*,-63.9498,105.1557,3529,None,FALSE,FALSE,FALSE,FALSE,FALSE,238.5,0,0.3552580773830414,0,167.44622802734375,3.689779043197632
DSDP,28,269,*,-61.6762,140.0702,4282,None,FALSE,FALSE,FALSE,FALSE,FALSE,,-1.20361991,0.403543472,1.3725,148.3641357421875,4.415529251098633
DSDP,28,270,*,-77.4413,-178.5032,633,None,FALSE,FALSE,FALSE,FALSE,FALSE,226.3333282470703,0,0.5815136432647705,3.1,,
DSDP,28,273,*,-74.5382,174.6262,491,None,FALSE,FALSE,FALSE,FALSE,FALSE,,0,0.4365202188491821,2.095,360.2373962402344,
DSDP,28,274,*,-68.9968,173.4273,3305,None,FALSE,FALSE,FALSE,FALSE,FALSE,,0,0.3006327748298645,,138.5825195,1.6317682266235352
DSDP,29,277,*,-52.2238,166.1913,1214,None,FALSE,FALSE,FALSE,FALSE,FALSE,,15.262820512820513,0.3778910636901855,50.64750000000001,420.6304016113281,1.948889136314392
DSDP,29,278,*,-56.557,160.0715,3675,None,FALSE,FALSE,FALSE,FALSE,FALSE,,-1.20361991,0.4929384589195251,,232.69300842285156,1.4698758125305176
DSDP,29,280,*,-48.9573,147.2347,4176,None,FALSE,FALSE,FALSE,FALSE,FALSE,,15.262820512820513,0.3623097836971283,15,538.8505249023438,1.616624355316162
DSDP,29,282,*,-42.246,143.4863,4202,None,FALSE,FALSE,FALSE,FALSE,TRUE,,21.505050505050505,0.9657137989997864,69.0825,912.8554077148438,6.669321060180664
DSDP,29,284,*,-40.508,167.6802,1066,None,FALSE,FALSE,FALSE,FALSE,FALSE,206.25,21.505050505050505,0.5882411599159241,86.8075,655.8056641,
DSDP,30,285,*,-26.8193,175.804,4658,None,FALSE,FALSE,FALSE,FALSE,FALSE,156.1875,-13.6375,0.3383061587810516,18.205,242.1532287597656,1.2585654258728027
DSDP,30,286,*,-16.532,166.3697,4465,None,FALSE,FALSE,FALSE,FALSE,TRUE,147.875,7.75,0.5779828429222107,32.7625,259.25506591796875,0.2741918265819549
DSDP,30,287,*,-13.9112,153.2655,4632,None,FALSE,FALSE,FALSE,FALSE,FALSE,178.4375,7.75,0.9101080298423768,18.8925,176.15786743164062,0.7624532580375671
DSDP,30,288,*,-5.9725,161.8255,3000,None,FALSE,FALSE,FALSE,FALSE,FALSE,140,-8.132867133,0.8158761262893677,69.6225,230.25686645507812,1.0400559902191162
DSDP,30,289,*,-0.4987,158.5115,2206,None,FALSE,FALSE,FALSE,FALSE,FALSE,159.375,-8.132867133,0.7280757427215576,77.1625,251.3786163330078,1.4726080894470217
DSDP,31,291,*,12.8072,127.8308,5217,None,FALSE,FALSE,FALSE,FALSE,TRUE,154.5,-2.25,0.420411468,0.145,157.7587127685547,0.224232942
DSDP,31,292,*,15.8185,124.6508,2943,None,FALSE,FALSE,FALSE,FALSE,FALSE,148.875,-2.25,0.8767948150634766,0,173.6350860595703,0.6444844603538513
DSDP,31,294,*,22.579,131.5355,5784,None,FALSE,FALSE,FALSE,FALSE,FALSE,148.875,-4.755417957,0.3622347414493561,0.3475,150.29873657226562,
DSDP,31,296,*,29.3402,133.5253,2920,Shallow (<40 cm),FALSE,FALSE,FALSE,TRUE,FALSE,170.0625,-4.755417957,0.7301720380783081,9.0225,191.41928100585935,2.3359625339508057
DSDP,31,299,*,39.4947,137.6618,2599,None,FALSE,FALSE,FALSE,TRUE,FALSE,,-2.25,0.7584293484687805,0,612.5335083007812,
DSDP,32,303,*,40.8083,154.4512,5609,None,FALSE,FALSE,FALSE,FALSE,TRUE,169.875,-2.25,0.8680760860443115,1.795,715.4573364257812,0.2633255422115326
DSDP,32,305,*,32.0022,157.85,2903,None,FALSE,FALSE,FALSE,FALSE,FALSE,174.25,-4.755417957,1.338600993156433,41.89,281.23883056640625,0.5023003220558167
DSDP,32,306,*,31.867,157.4785,3399,None,FALSE,FALSE,FALSE,FALSE,FALSE,174.9375,-4.755417957,1.3422688245773315,27.36,246.34750366210935,0.4768577218055725
DSDP,32,307,*,28.5877,161.0047,5696,None,FALSE,FALSE,FALSE,FALSE,FALSE,174.125,-4.755417957,0.8292170763015747,0.4649999999999999,158.3799285888672,0.1202140972018241
DSDP,32,308,*,34.9823,172.1497,1331,None,FALSE,FALSE,FALSE,FALSE,FALSE,163.6875,-9.544444444,0.7964022755622864,6.823333333333333,332.64813232421875,0.1225674524903297
DSDP,32,310,*,36.8685,176.9015,3516,None,FALSE,FALSE,FALSE,FALSE,FALSE,153.75,-9.544444444,0.5967223048210144,34.7875,403.3984680175781,0.2065527290105819
DSDP,32,311,*,28.1243,179.7375,5775,None,FALSE,FALSE,FALSE,FALSE,FALSE,171.625,-4.755417957,0.5026921033859253,20.4325,178.66932678222656,0.079238273
DSDP,32,313,*,20.1753,-170.9525,3484,None,FALSE,FALSE,FALSE,FALSE,FALSE,175.5,-29.5,0.5246982574462891,40.46666666666666,174.50479125976562,0.097890183
DSDP,33,315,*,4.171,-158.5257,4152,None,FALSE,FALSE,FALSE,FALSE,FALSE,175.5625,-8.9375,1.4684749841690063,77.83500000000001,345.6816406,0.4373668730258941
DSDP,33,316,*,0.0907,-157.1285,4451,None,FALSE,FALSE,FALSE,FALSE,FALSE,175.1875,-8.9375,1.4415327310562134,75.82,451.90386962890625,0.1742384284734726
DSDP,33,317,*,-11.0015,-162.263,2598,None,FALSE,FALSE,FALSE,FALSE,FALSE,190.75,-13.6375,0.3791965842247009,83.3,138.71163940429688,0.5443946719169617
DSDP,33,318,*,-14.8272,-146.8585,2641,None,FALSE,FALSE,FALSE,FALSE,FALSE,186.5625,-13.6375,0.9082605242729188,40.3225,181.2946014404297,0.567334771
DSDP,34,319,*,-13.0173,-101.5243,4290,None,FALSE,FALSE,FALSE,FALSE,FALSE,162.875,-13.6375,1.173481583595276,40.06,427.0623779296875,0.8318955302238464
DSDP,34,321,*,-12.0215,-81.904,4817,None,FALSE,FALSE,FALSE,FALSE,TRUE,146.5625,-8.9375,1.1341508626937866,0.2575,639.0671387,0.2712129652500152
DSDP,36,327,*,-50.8713,-46.7837,2400,None,FALSE,FALSE,FALSE,FALSE,FALSE,219.1875,15.262820512820513,0.4174033403396606,5.2,486.8697509765625,
DSDP,36,328,*,-49.8112,-36.6588,5095,None,FALSE,FALSE,FALSE,FALSE,FALSE,225.5,15.262820512820513,0.51206851,0,537.4188232421875,0.7305823564529419
DSDP,36,329,*,-50.6552,-46.0955,1519,None,FALSE,FALSE,FALSE,FALSE,FALSE,219.1875,15.262820512820513,0.4414146542549133,5.2,486.8697509765625,0.2439138293266296
DSDP,37,332,*,36.8787,-33.641,1818,None,FALSE,FALSE,FALSE,FALSE,FALSE,266.4375,20.444444444444443,0.4016084969043731,78.17999999999999,324.89117431640625,3.576650381088257
DSDP,37,333,*,36.8408,-33.6675,1666,None,FALSE,FALSE,FALSE,FALSE,FALSE,266.4375,20.444444444444443,0.410331666,78.17999999999999,324.89117431640625,3.576650381088257
DSDP,37,334,*,37.0355,-34.4145,2619,None,FALSE,FALSE,FALSE,FALSE,FALSE,269.0625,20.444444444444443,0.3612057566642761,81.9225,347.3562012,2.430243015289306
DSDP,38,336,*,63.351,-7.7878,811,None,FALSE,FALSE,FALSE,FALSE,FALSE,294.1875,23.07142857142857,0.6668313145637512,33.169999999999995,1387.9075927734375,2.1461539268493652
DSDP,38,337,*,64.8717,-5.3418,2631,None,FALSE,FALSE,FALSE,FALSE,FALSE,299.5625,23.07142857142857,0.5330316424369812,44.835,865.1791381835938,2.0679309368133545
DSDP,38,338,*,67.7852,5.3877,1297,None,FALSE,FALSE,FALSE,FALSE,FALSE,309.9375,23.07142857142857,0.7286689281463623,14.762500000000005,1213.495849609375,1.948450803756714
DSDP,38,339,*,67.2108,6.3175,1262,None,FALSE,FALSE,FALSE,FALSE,FALSE,311,23.07142857142857,0.678997815,15.265000000000002,1232.687744140625,1.7040140628814695
DSDP,38,340,*,67.2078,6.3063,1206,None,FALSE,FALSE,FALSE,FALSE,FALSE,311,23.07142857142857,0.6734585762023926,15.265000000000002,1232.687744140625,1.7040140628814695
DSDP,38,341,*,67.335,6.1107,1439,None,FALSE,FALSE,FALSE,TRUE,FALSE,311,23.07142857142857,0.6942803859710693,15.265000000000002,1232.687744140625,1.736275315284729
DSDP,38,342,*,67.9507,4.9337,1303,None,FALSE,FALSE,FALSE,FALSE,FALSE,308.625,23.07142857142857,0.7482994794845581,13.69,1185.147216796875,1.9240318536758425
DSDP,38,343,*,68.7152,5.7622,3131,None,FALSE,FALSE,FALSE,FALSE,FALSE,311.6875,23.07142857142857,0.6633803844451904,26.56,1088.7071533203125,2.536597967147827
DSDP,38,345,*,69.8372,-1.2377,3195,None,FALSE,FALSE,FALSE,FALSE,FALSE,306.8125,35.46666666666667,0.6516973972320557,40.91,813.0518188476562,3.1400279998779297
DSDP,38,346,*,69.8892,-8.6855,732,None,FALSE,FALSE,FALSE,FALSE,FALSE,312.3125,35.46666666666667,0.7694609761238098,31.413333333333338,673.8773193359375,2.2320847511291504
DSDP,38,347,*,69.8718,-8.6967,745,None,FALSE,FALSE,FALSE,FALSE,FALSE,312.3125,35.46666666666667,0.7678762078285217,31.413333333333338,673.8773193359375,2.2320847511291504
DSDP,38,348,*,68.503,-12.462,1763,Deep (>40 cm),FALSE,FALSE,FALSE,TRUE,FALSE,306.9375,35.46666666666667,0.698100209,38.5975,583.2793579101562,2.316981315612793
DSDP,38,349,*,69.2068,-8.0967,915,None,FALSE,FALSE,FALSE,FALSE,FALSE,312.3125,35.46666666666667,0.7305836081504822,31.413333333333338,673.8773193359375,4.728137493133545
DSDP,38,350,*,67.0557,-8.2947,1275,None,FALSE,FALSE,FALSE,FALSE,FALSE,307.0625,35.46666666666667,0.6569231748580933,32.2525,614.4694824,4.568109989
DSDP,38,352,*,63.6495,-12.471,990,None,FALSE,FALSE,FALSE,FALSE,TRUE,288.125,23.07142857142857,0.3395518064498901,,1428.581543,0.4836675226688385
DSDP,39,354,*,5.8992,-44.1963,4045,None,FALSE,FALSE,FALSE,FALSE,TRUE,258.125,18.095238095238106,0.4220086336135864,50.86,546.6292724609375,1.8343385457992551
DSDP,39,357,*,-30.0042,-35.5598,2086,None,FALSE,FALSE,FALSE,FALSE,FALSE,218.75,10.999999999999991,0.3977777659893036,34.2,283.92340087890625,0.9653135538101196
DSDP,39,359,*,-34.985,-4.4972,1655,None,FALSE,FALSE,FALSE,FALSE,FALSE,225.0625,10.999999999999991,0.3212661147117615,85.37249999999999,299.31719970703125,0.2751103341579437
DSDP,41,366,*,5.678,-19.8513,2853,None,FALSE,FALSE,FALSE,FALSE,FALSE,242.9375,18.095238095238106,0.4972489774227142,46.105,309.7193298339844,2.3168299198150635
DSDP,41,367,*,12.4868,-20.0472,4748,Deep (>40 cm),FALSE,FALSE,FALSE,TRUE,FALSE,231.1875,11.384615384615389,0.517319918,37.5875,419.7482604980469,2.3932511806488037
DSDP,41,368,*,17.5072,-21.3538,3366,None,FALSE,FALSE,FALSE,FALSE,FALSE,240.25,11.384615384615389,0.4297520816326141,40.9675,605.3720703,1.785827637
DSDP,41,369,*,26.5925,-14.9987,1752,Deep (>40 cm),FALSE,FALSE,FALSE,FALSE,FALSE,195.6666717529297,13.538461538461547,1.009496808052063,40.35,889.5957031,11.638594627380373
DSDP,41,370,*,32.8375,-10.776,4214,None,FALSE,FALSE,FALSE,FALSE,FALSE,226.7857208251953,13.538461538461547,0.7352481484413147,55.03,512.5333251953125,5.903466225
DSDP,42,371,*,37.598,5.2592,2792,None,FALSE,FALSE,FALSE,FALSE,FALSE,,,0.7875393033027649,,374.3010559082031,
DSDP,42,376,*,34.872,31.8075,2101,None,FALSE,FALSE,FALSE,FALSE,FALSE,,,0.6179375052452087,,188.8882751464844,
DSDP,42,381,*,41.6708,29.416,1728,None,FALSE,FALSE,FALSE,TRUE,FALSE,,,0.8024718165397644,,1586.1539306640625,
DSDP,44,390,*,30.1423,-76.1123,2665,None,FALSE,FALSE,FALSE,FALSE,FALSE,217.75,20.444444444444443,0.383529782,30.566666666666663,184.1554718017578,3.668614149093628
DSDP,44,391,*,28.2288,-75.6127,4974,None,FALSE,FALSE,FALSE,FALSE,TRUE,237.1875,20.444444444444443,0.4110419750213623,45.24250000000001,158.58026123046875,2.2365574836730957
DSDP,44,393,*,28.1967,-75.599,4951,None,FALSE,FALSE,FALSE,FALSE,FALSE,237.1875,20.444444444444443,0.4072251915931701,45.24250000000001,158.58026123046875,2.1418328285217285
DSDP,45,395,*,22.7558,-46.0817,4484,None,FALSE,FALSE,FALSE,FALSE,FALSE,249.625,11.384615384615389,0.2242762744426727,75.21000000000001,154.20889282226562,2.8079683780670166
DSDP,45,396,*,22.4813,-43.5158,4450,None,FALSE,FALSE,FALSE,FALSE,FALSE,247.0625,11.384615384615389,0.2747070491313934,65.6325,154.44711303710938,0.9086270928382874
DSDP,47,397,*,26.845,-15.18,2900,None,FALSE,FALSE,FALSE,FALSE,TRUE,193.86666870117188,13.538461538461547,0.9891895651817322,38.12,603.220459,9.350064277648926
DSDP,48,399,*,47.39,-9.2217,4399,None,FALSE,FALSE,FALSE,FALSE,FALSE,237.3125,38.882352941176464,0.4875865578651428,56.4725,952.5230712890624,14.47342586517334
DSDP,48,400,*,47.3817,-9.1983,4399,None,FALSE,FALSE,FALSE,FALSE,FALSE,237.3125,38.882352941176464,0.486266017,56.4725,952.5230712890624,14.64543628692627
DSDP,48,401,*,47.4275,-8.8103,2495,Deep (>40 cm),FALSE,FALSE,FALSE,FALSE,FALSE,232.5625,38.882352941176464,0.4803750813007355,57.169999999999995,1028.1397705078125,15.757768630981444
DSDP,48,402,*,47.8747,-8.8407,2339,None,FALSE,FALSE,FALSE,FALSE,FALSE,232.5625,38.882352941176464,0.4269209802150726,57.169999999999995,1028.1397705078125,16.289512634277344
DSDP,48,403,*,56.1385,-23.294,2301,None,FALSE,FALSE,FALSE,FALSE,FALSE,260.0625,38.882352941176464,0.5690391659736633,41.9925,1079.474609,1.107777476
DSDP,48,404,*,56.0522,-23.2492,2306,None,FALSE,FALSE,FALSE,FALSE,FALSE,260.0625,38.882352941176464,0.5686253309249878,41.9925,1079.474609,1.0848442316055298
DSDP,48,405,*,55.3363,-22.0582,2958,None,FALSE,FALSE,FALSE,FALSE,FALSE,252.5625,38.882352941176464,0.5714542865753174,53.5175,1097.5489501953125,1.1628291606903076
DSDP,48,406,*,55.2583,-22.0902,2907,None,FALSE,FALSE,FALSE,FALSE,FALSE,252.5625,38.882352941176464,0.574455976,53.5175,1097.5489501953125,1.2817240953445437
DSDP,49,407,*,63.9387,-30.576,2472,None,FALSE,FALSE,FALSE,FALSE,FALSE,291.9375,35.46666666666667,0.399983138,40.897499999999994,1147.009033203125,1.437171459197998
DSDP,49,408,*,63.3772,-28.9118,1624,None,FALSE,FALSE,FALSE,FALSE,FALSE,289,35.46666666666667,0.5472919940948486,51.385,1206.1990966796875,1.6161102056503296
DSDP,49,410,*,45.5088,-29.476,2975,Deep (>40 cm),FALSE,FALSE,FALSE,FALSE,FALSE,270.8125,38.882352941176464,0.2685599327087402,28.7825,808.0433959960938,1.9750977754592896
DSDP,49,412,*,36.5623,-33.166,2609,Deep (>40 cm),FALSE,FALSE,FALSE,FALSE,FALSE,266.4375,20.444444444444443,0.417827159,78.17999999999999,324.89117431640625,4.306951046
DSDP,50,415,*,31.0287,-11.6518,2794,None,FALSE,FALSE,FALSE,FALSE,FALSE,223.375,13.538461538461547,0.7507145404815674,61.10666666666667,584.2330932617188,4.4977898597717285
DSDP,51,417,*,25.1105,-68.0413,5468,None,FALSE,FALSE,FALSE,FALSE,FALSE,254.5625,11.384615384615389,0.329630047,6.91,123.36216735839844,0.5377136468887329
DSDP,52,418,*,25.035,-68.0573,5511,None,FALSE,FALSE,FALSE,FALSE,FALSE,254.5625,11.384615384615389,0.329841673,6.91,123.36216735839844,0.5512660145759583
DSDP,54,419,*,8.9327,-105.6862,3274,None,FALSE,FALSE,FALSE,FALSE,TRUE,123.5,-7.725,1.8855929374694824,43.38,338.3639831542969,1.105288863182068
DSDP,54,420,*,9.0017,-106.1128,3381,None,FALSE,FALSE,FALSE,FALSE,FALSE,125.875,-7.725,1.9865485429763792,34.795,328.9263610839844,0.8549494743347168
DSDP,54,421,*,9.0235,-106.0613,3339,None,FALSE,FALSE,FALSE,FALSE,FALSE,125.875,-7.725,1.9865485429763792,34.795,328.9263610839844,0.8925538659095764
DSDP,54,422,*,9.1765,-105.2712,3247,None,FALSE,FALSE,FALSE,FALSE,FALSE,121.8125,-7.725,1.8110474348068235,34.14750000000001,338.5433044433594,1.3387149572372437
DSDP,54,423,*,9.1468,-105.1095,3161,None,FALSE,FALSE,FALSE,FALSE,FALSE,121.8125,-7.725,1.783416509628296,34.14750000000001,338.5433044433594,1.403187870979309
DSDP,54,424,*,0.5938,-86.1303,2685,None,FALSE,FALSE,FALSE,FALSE,TRUE,113.375,-7.725,2.502309083938598,63.665000000000006,641.1481934,4.730465888977051
DSDP,54,425,*,1.3947,-86.0703,2850,None,FALSE,FALSE,FALSE,FALSE,TRUE,110.75,-7.725,2.528109312057495,66.19,546.2871704101562,3.878504276275635
DSDP,54,427,*,8.1132,-104.6058,3834,None,FALSE,FALSE,FALSE,FALSE,FALSE,119.4375,-7.725,1.7301011085510254,38.557500000000005,344.51422119140625,1.4458543062210083
DSDP,54,428,*,9.0462,-105.4357,3295,None,FALSE,FALSE,FALSE,FALSE,FALSE,121.8125,-7.725,1.8440924882888792,34.14750000000001,338.5433044433594,1.2050172090530396
DSDP,54,429,*,9.0335,-106.7725,3406,None,FALSE,FALSE,FALSE,FALSE,FALSE,125.875,-7.725,2.2191569805145264,34.795,328.9263610839844,0.739357054
DSDP,55,432,*,41.3338,170.379,1310,None,FALSE,FALSE,FALSE,FALSE,FALSE,160.375,-9.544444444,0.4784081876277923,24.99,781.7371826171875,0.1057447791099548
DSDP,55,433,*,44.7767,170.021,1862,None,FALSE,FALSE,FALSE,FALSE,FALSE,160.1875,0.1666666666666666,0.5558474659919739,0.275,804.7026977539062,0.2224512994289398
DSDP,56,434,*,39.746,144.102,5986,None,FALSE,FALSE,FALSE,FALSE,FALSE,169.75,-2.25,1.3902108669281006,0.6074999999999999,746.4797973632812,1.568374514579773
DSDP,56,435,*,39.7348,143.7922,3401,None,FALSE,FALSE,FALSE,FALSE,FALSE,171.375,-2.25,1.6213369369506836,1.59,795.2161254882812,1.966198444366455
DSDP,56,436,*,39.9327,145.5578,5240,None,FALSE,FALSE,FALSE,FALSE,FALSE,167.375,-2.25,0.7843194603919983,2.7125000000000004,775.9854125976562,0.3709576427936554
DSDP,57,438,*,40.6292,143.2317,1552,None,FALSE,FALSE,FALSE,FALSE,FALSE,178.4375,-2.25,2.187201976776123,1.9433333333333336,959.1861572265624,2.369816303253174
DSDP,57,440,*,39.7388,143.929,4509,None,FALSE,FALSE,FALSE,FALSE,FALSE,171.375,-2.25,1.5440446138381958,1.59,795.2161254882812,1.7428405284881592
DSDP,57,441,*,39.7508,144.0765,5655,None,FALSE,FALSE,FALSE,TRUE,FALSE,169.75,-2.25,1.3902108669281006,0.6074999999999999,746.4797973632812,1.6496769189834597
DSDP,58,443,*,29.3275,137.4405,4372,None,FALSE,FALSE,FALSE,FALSE,FALSE,156.5625,-4.755417957,0.7661478519439697,3.54,201.43910217285156,4.3525800704956055
DSDP,58,444,*,28.6375,137.6838,4843,None,FALSE,FALSE,FALSE,FALSE,TRUE,156.625,-4.755417957,0.7104257941246033,2.6825,181.60826110839844,
DSDP,58,445,*,25.5227,133.2082,3377,None,FALSE,FALSE,FALSE,FALSE,FALSE,154.6875,-4.755417957,0.5823628902435303,0.9375,150.77951049804688,
DSDP,58,446,*,24.7007,132.7748,4952,None,FALSE,FALSE,FALSE,FALSE,FALSE,150,-4.755417957,0.491424561,2.405,149.0775604248047,
DSDP,59,448,*,16.341,134.8742,3483,None,FALSE,FALSE,FALSE,FALSE,FALSE,162.875,-4.755417957,0.253284603,14.5125,151.37701416015625,0.2911193370819092
DSDP,59,449,*,18.0307,136.5365,4712,None,FALSE,FALSE,FALSE,FALSE,FALSE,161.3125,-4.755417957,0.2595724463462829,0.0575,147.1325684,0.297052801
DSDP,59,450,*,18.0003,140.789,4707,None,FALSE,FALSE,FALSE,FALSE,FALSE,150.5625,-4.755417957,0.3966679573059082,1.265,148.45709228515625,1.5746921300888062
DSDP,59,451,*,18.0147,143.2762,2060,None,FALSE,FALSE,FALSE,FALSE,FALSE,156.5,-4.755417957,1.024423122406006,26.8025,148.14852905273438,2.140923500061035
DSDP,60,452,*,17.6698,148.6288,5858,None,FALSE,FALSE,FALSE,FALSE,FALSE,173.6875,-4.755417957,0.3344968259334564,0.2425,147.77940368652344,0.1389504075050354
DSDP,60,453,*,17.907,143.6825,4693,None,FALSE,FALSE,FALSE,FALSE,FALSE,158.125,-4.755417957,0.935880959,30.24,155.7718505859375,3.1418027877807617
DSDP,60,454,*,18.013,144.532,3816,None,FALSE,FALSE,FALSE,FALSE,TRUE,160.4375,-4.755417957,0.8592700362205505,10.64,147.1271209716797,6.218095779418945
DSDP,60,455,*,17.8543,145.358,3465,None,FALSE,FALSE,FALSE,FALSE,FALSE,165.3125,-4.755417957,0.8533412218093872,34.485,153.39395141601562,5.404862880706787
DSDP,60,456,*,17.9113,145.1795,3586,None,FALSE,FALSE,FALSE,FALSE,TRUE,165.3125,-4.755417957,0.8299541473388672,34.485,153.39395141601562,5.922961711883545
DSDP,60,458,*,17.8642,146.9343,3447,None,FALSE,FALSE,FALSE,FALSE,FALSE,168.5625,-4.755417957,0.6998379826545715,29.005000000000003,154.4998016357422,0.1423360854387283
DSDP,60,460,*,17.669,147.5987,6452,None,FALSE,FALSE,FALSE,FALSE,FALSE,171.375,-4.755417957,0.5272552371025085,7.6525,149.96401977539062,0.114805482
DSDP,60,461,*,17.7675,147.6863,7034,None,FALSE,FALSE,FALSE,FALSE,FALSE,171.375,-4.755417957,0.5033125281333923,7.6525,149.96401977539062,0.1117312982678413
DSDP,62,463,*,21.3502,174.6678,2525,None,FALSE,FALSE,FALSE,FALSE,FALSE,170.3125,-4.755417957,0.4638784825801849,56.4825,146.3795928955078,0.071354076
DSDP,62,464,*,39.8607,173.8888,4637,None,FALSE,FALSE,FALSE,FALSE,TRUE,158,-9.544444444,0.4510334730148315,4.6325,605.1181641,0.1904523819684982
DSDP,62,466,*,34.191,179.2557,2665,None,FALSE,FALSE,FALSE,FALSE,FALSE,142.875,-4.755417957,0.7537471055984497,58.93750000000001,325.7140808105469,0.3372145295143127
DSDP,63,470,*,28.9077,-117.5185,3549,None,FALSE,FALSE,FALSE,FALSE,FALSE,69.4375,-14.77777778,1.4794389009475708,0.82,504.5414123535156,1.319900393486023
DSDP,63,471,*,23.4822,-112.4963,3101,None,FALSE,FALSE,FALSE,FALSE,FALSE,106.25,-14.77777778,1.7573411464691162,6.463333333333334,646.0740966796875,2.6839311122894287
DSDP,63,472,*,23.0058,-113.9952,3831,None,FALSE,FALSE,FALSE,FALSE,FALSE,105.4375,-14.77777778,1.0097332000732422,2.9475,443.5819091796875,0.9834652543067932
DSDP,63,473,*,20.9653,-107.0635,3249,None,FALSE,FALSE,FALSE,FALSE,TRUE,110.125,-1,2.392618417739868,7.79,364.9134216308594,2.822223424911499
DSDP,64,474,*,22.962,-108.9807,3023,None,FALSE,FALSE,FALSE,FALSE,FALSE,109.4375,-1,1.8996161222457888,11.9475,398.5889587402344,1.4756792783737185
DSDP,64,475,*,23.0505,-109.0532,2631,None,FALSE,FALSE,FALSE,FALSE,FALSE,108.5,-1,1.8707283735275269,17,410.8830261230469,1.442995787
DSDP,64,476,*,23.0405,-109.0892,2403,None,FALSE,FALSE,FALSE,FALSE,FALSE,108.5,-1,1.8956788778305056,17,410.8830261230469,1.442995787
DSDP,64,477,*,27.0308,-111.4003,2003,None,FALSE,FALSE,FALSE,FALSE,TRUE,110,-1,0.8512011170387268,32.25,535.1691895,2.4067916870117188
DSDP,64,478,*,27.0968,-111.5075,1889,None,FALSE,FALSE,FALSE,FALSE,TRUE,110,-1,0.850966752,32.25,535.1691895,2.418316364
DSDP,64,479,*,27.846,-111.6248,747,None,FALSE,FALSE,FALSE,FALSE,FALSE,110,-1,0.8434541821479797,32.25,535.1691895,2.6338160037994385
DSDP,64,480,*,27.9017,-111.6557,655,None,FALSE,FALSE,FALSE,FALSE,FALSE,110,-1,0.8390256762504578,32.25,535.1691895,2.657421350479126
DSDP,64,481,*,27.253,-111.5077,1998,None,FALSE,FALSE,FALSE,FALSE,FALSE,110,-1,0.8480417132377625,32.25,535.1691895,2.4784533977508545
DSDP,65,482,*,22.7897,-107.9938,2998,None,FALSE,FALSE,FALSE,FALSE,FALSE,109.5,-1,2.079360246658325,10.0475,398.1348876953125,1.5132136344909668
DSDP,65,483,*,22.8833,-108.7483,3070,None,FALSE,FALSE,FALSE,FALSE,FALSE,109.4375,-1,1.9391125440597536,11.9475,398.5889587402344,1.5242053270339966
DSDP,65,484,*,23.1887,-108.3933,2891,None,FALSE,FALSE,FALSE,FALSE,FALSE,108.86666870117188,-1,1.9084900617599487,13.915,414.72991943359375,1.4071907997131348
DSDP,65,485,*,22.7492,-107.9035,2981,None,FALSE,FALSE,FALSE,FALSE,FALSE,109.5,-1,2.0754122734069824,10.0475,398.1348876953125,1.5132136344909668
DSDP,66,487,*,15.8535,-99.1753,4764,None,FALSE,FALSE,FALSE,FALSE,FALSE,109.14286041259766,-1,2.346196174621582,0.32,383.4576416015625,1.6740812063217163
DSDP,66,488,*,15.9517,-99.0277,4254,None,FALSE,FALSE,FALSE,FALSE,FALSE,109.14286041259766,-1,2.366636037826538,0.32,383.4576416015625,1.672305941581726
DSDP,66,489,*,16.2698,-99.0188,1240,None,FALSE,FALSE,FALSE,FALSE,FALSE,108.5,-1,2.3900320529937744,0,398.0252075195313,1.7105666399002075
DSDP,66,490,*,16.1593,-99.0565,1761,None,FALSE,FALSE,FALSE,FALSE,FALSE,108.5,-1,2.3857486248016357,0,398.0252075195313,1.6909395456314087
DSDP,66,491,*,16.029,-98.9722,2883,None,FALSE,FALSE,FALSE,FALSE,FALSE,108.44444274902344,-1,2.3773458003997803,4.5,687.9285888671875,1.6570504903793335
DSDP,66,492,*,16.0788,-98.9453,1935,None,FALSE,FALSE,FALSE,FALSE,FALSE,108.44444274902344,-1,2.390370607376098,4.5,687.9285888671875,1.6570504903793335
DSDP,66,493,*,16.381,-98.9255,645,None,FALSE,FALSE,FALSE,FALSE,FALSE,108.44444274902344,-1,2.3409669399261475,4.5,687.9285888671875,1.7185680866241455
DSDP,67,494,*,12.7167,-90.9328,5472,None,FALSE,FALSE,FALSE,FALSE,FALSE,103.5999984741211,-1,1.476550817489624,16.53,628.7232666015625,1.162479281425476
DSDP,67,496,*,13.0637,-90.7952,2049,None,FALSE,FALSE,FALSE,FALSE,FALSE,101.66666412353516,-1,1.333548665046692,31.25,589.0163574,1.022359848022461
DSDP,67,497,*,12.9872,-90.828,2347,None,FALSE,FALSE,FALSE,FALSE,FALSE,103.5999984741211,-1,1.3573341369628906,16.53,628.7232666015625,1.0728145837783811
DSDP,67,498,*,12.7113,-90.9157,5478,None,FALSE,FALSE,FALSE,FALSE,FALSE,103.5999984741211,-1,1.476550817489624,16.53,628.7232666015625,1.162479281425476
DSDP,67,499,*,12.671,-90.9448,6105,None,FALSE,FALSE,FALSE,FALSE,TRUE,103.5999984741211,-1,1.5167149305343628,16.53,628.7232666015625,1.2023979425430298
DSDP,67,500,*,12.6892,-90.9415,6094,None,FALSE,FALSE,FALSE,FALSE,FALSE,103.5999984741211,-1,1.5167149305343628,16.53,628.7232666015625,1.2023979425430298
DSDP,68,501,*,1.2272,-83.7343,3457,None,FALSE,FALSE,FALSE,FALSE,FALSE,100.125,-7.725,3.0723047256469727,19.055,553.8994141,3.872474670410156
DSDP,68,502,*,11.4903,-79.3797,3051,None,FALSE,FALSE,FALSE,FALSE,TRUE,,15.666666666666668,2.101109027862549,41.8275,263.0184326171875,
DSDP,68,503,*,4.0507,-95.6368,3672,None,FALSE,FALSE,FALSE,FALSE,FALSE,126.875,-8.9375,1.487058162689209,56.33749999999999,363.0480041503906,3.1622393131256104
DSDP,70,506,*,0.6098,-86.0998,2710,None,FALSE,FALSE,TRUE,FALSE,FALSE,113.375,-7.725,2.5094714164733887,63.665000000000006,641.1481934,4.607320785522461
DSDP,70,508,*,0.5333,-86.1,2783,None,FALSE,FALSE,TRUE,FALSE,FALSE,113.375,-7.725,2.5131025314331055,63.665000000000006,641.1481934,4.665206432342529
DSDP,70,509,*,0.589,-86.1315,2677,None,FALSE,FALSE,FALSE,FALSE,FALSE,113.375,-7.725,2.502309083938598,63.665000000000006,641.1481934,4.730465888977051
DSDP,70,510,*,1.6132,-86.41,2781,None,FALSE,FALSE,FALSE,FALSE,FALSE,110.75,-7.725,2.513463258743286,66.19,546.2871704101562,3.810050010681152
DSDP,71,511,*,-51.0047,-46.9717,2589,None,FALSE,FALSE,FALSE,FALSE,FALSE,218.4375,15.262820512820513,0.397537887,4.8175,438.81451416015625,
DSDP,71,512,*,-49.8698,-40.8452,1846,None,FALSE,FALSE,FALSE,FALSE,FALSE,219.0625,15.262820512820513,0.5195786952972412,2.715,529.7908325195312,0.5337616801261902
DSDP,71,513,*,-47.5832,-24.64,4373,None,FALSE,FALSE,FALSE,FALSE,FALSE,224.75,15.262820512820513,0.355252743,0,464.6076049804687,1.3179945945739746
DSDP,71,514,*,-46.0462,-26.855,4318,Deep (>40 cm),FALSE,FALSE,TRUE,FALSE,FALSE,223.5625,15.262820512820513,0.497832716,0.02,524.6148681640625,2.027794599533081
DSDP,72,515,*,-26.2388,-36.5028,4250,None,FALSE,FALSE,FALSE,FALSE,TRUE,220.6875,10.999999999999991,0.5697991251945496,21.0375,203.51502990722656,2.0414927005767822
DSDP,72,516,*,-30.2763,-35.2852,1313,None,FALSE,FALSE,FALSE,FALSE,FALSE,218.75,10.999999999999991,0.4146381616592407,34.2,283.92340087890625,0.8093107342720032
DSDP,72,517,*,-30.9468,-38.0412,2963,None,FALSE,FALSE,FALSE,FALSE,FALSE,226.5,10.999999999999991,0.3315779268741607,31.845,283.60321044921875,1.0148199796676636
DSDP,72,518,*,-29.9737,-38.1353,3944,None,FALSE,FALSE,FALSE,FALSE,TRUE,225.8125,10.999999999999991,0.3746175169944763,30.692500000000003,265.2514648,1.129808783531189
DSDP,73,519,*,-26.1367,-11.6662,3769,None,FALSE,FALSE,FALSE,FALSE,FALSE,237.8125,10.999999999999991,0.3063732385635376,78.32,150.9879608154297,0.8141978979110718
DSDP,73,521,*,-26.0738,-10.2645,4125,None,FALSE,FALSE,FALSE,FALSE,FALSE,237.0625,10.999999999999991,0.2692783772945404,85.3875,152.80349731445312,0.8700999617576599
DSDP,73,522,*,-26.114,-5.1297,4441,None,FALSE,FALSE,FALSE,FALSE,FALSE,235.0625,10.999999999999991,0.2498359084129333,81.205,163.00411987304688,0.2844938337802887
DSDP,74,526,*,-30.1227,3.138,1054,None,FALSE,FALSE,FALSE,FALSE,FALSE,221.5,10.999999999999991,0.2276698797941208,70.99,261.1321105957031,0.2903007566928863
DSDP,74,527,*,-28.0415,1.7633,4428,None,FALSE,FALSE,FALSE,FALSE,FALSE,228.1875,10.999999999999991,0.316595197,90.00500000000001,229.9125518798828,0.4092455804347992
DSDP,74,528,*,-28.5248,2.324,3800,None,FALSE,FALSE,FALSE,FALSE,FALSE,227.1875,10.999999999999991,0.2255233079195022,91.5425,246.45025634765625,0.4658986628055572
DSDP,74,529,*,-28.9305,2.768,3043,None,FALSE,FALSE,FALSE,FALSE,FALSE,227.1875,10.999999999999991,0.1986906081438064,91.5425,246.45025634765625,0.4104337692260742
DSDP,75,530,*,-19.1877,9.3858,4629,None,FALSE,FALSE,FALSE,FALSE,TRUE,200.375,13,1.4510644674301147,42.89,1068.614501953125,1.6855554580688477
DSDP,75,532,*,-19.7435,10.5188,1331,None,FALSE,FALSE,FALSE,FALSE,FALSE,173.8125,13,2.892839193344116,58.565,1716.503662109375,1.684684157371521
DSDP,76,533,*,31.26,-74.8698,3191,None,FALSE,FALSE,FALSE,FALSE,FALSE,240.625,20.444444444444443,0.6223658919334412,28.3525,188.80831909179688,3.992779016494751
DSDP,76,534,*,28.3433,-75.3817,4973,None,FALSE,FALSE,FALSE,FALSE,FALSE,237.1875,20.444444444444443,0.4410222768783569,45.24250000000001,158.58026123046875,1.8751723766326904
DSDP,77,535,*,23.708,-84.5162,3450,Shallow (<40 cm),FALSE,FALSE,FALSE,FALSE,FALSE,,9.888888888888886,0.2782283723354339,55.010000000000005,201.8212891,
DSDP,77,536,*,23.4898,-85.2097,2790,Deep (>40 cm),FALSE,FALSE,FALSE,FALSE,FALSE,,9.888888888888886,0.2975931167602539,79.35,197.2725372314453,
DSDP,77,537,*,23.9335,-85.4603,3123,None,FALSE,FALSE,FALSE,FALSE,FALSE,,9.888888888888886,0.2932604551315307,79.35,197.2725372314453,6.224766254425049
DSDP,77,538,*,23.8497,-85.171,2820,None,FALSE,FALSE,FALSE,TRUE,FALSE,,9.888888888888886,0.2873267829418182,79.35,197.2725372314453,6.070364952087402
DSDP,77,540,*,23.8288,-84.3708,2926,Deep (>40 cm),FALSE,FALSE,FALSE,FALSE,FALSE,,9.888888888888886,0.2599786221981048,55.010000000000005,201.8212891,
DSDP,79,544,*,33.7667,-9.405,3606,None,FALSE,FALSE,FALSE,FALSE,FALSE,226.14285278320312,13.538461538461547,0.8675883412361145,56.473333333333336,594.5791016,6.710572719573975
DSDP,79,545,*,33.6643,-9.3647,3142,None,FALSE,FALSE,FALSE,FALSE,FALSE,226.14285278320312,13.538461538461547,0.8985422849655151,56.473333333333336,594.5791016,6.797929763793945
DSDP,79,546,*,33.7785,-9.5643,3958,Deep (>40 cm),FALSE,FALSE,FALSE,FALSE,FALSE,226.14285278320312,13.538461538461547,0.8398017883300781,56.473333333333336,594.5791016,6.703227996826172
DSDP,79,547,*,33.7807,-9.3497,3938,Deep (>40 cm),FALSE,FALSE,FALSE,FALSE,FALSE,226.14285278320312,13.538461538461547,0.8808615803718567,56.473333333333336,594.5791016,6.703956604003906
DSDP,80,548,*,48.9158,-12.164,1251,Shallow (<40 cm),FALSE,FALSE,FALSE,FALSE,FALSE,239.6875,38.882352941176464,0.5526382923126221,69.83250000000001,998.7850341796876,
DSDP,80,549,*,49.088,-13.098,2515,None,FALSE,FALSE,FALSE,FALSE,TRUE,237.5625,38.882352941176464,0.5577744841575623,54.27,1010.129883,1.3940932750701904
DSDP,80,550,*,48.5152,-13.4395,4420,Deep (>40 cm),FALSE,TRUE,FALSE,FALSE,FALSE,238.5,38.882352941176464,0.4992914199829101,65.33333333333333,982.0533447265624,1.610849380493164
DSDP,80,551,*,48.9107,-13.5015,3887,None,FALSE,FALSE,FALSE,FALSE,FALSE,238.5,38.882352941176464,0.5170162916183472,65.33333333333333,982.0533447265624,1.7987838983535769
DSDP,81,552,*,56.0427,-23.2313,2301,None,FALSE,FALSE,FALSE,FALSE,FALSE,260.0625,38.882352941176464,0.5686253309249878,41.9925,1079.474609,1.0848442316055298
DSDP,81,555,*,56.5617,-20.7822,1659,None,FALSE,FALSE,FALSE,FALSE,FALSE,254,38.882352941176464,0.5437133312225342,65.91749999999999,1108.470458984375,0.7932840585708618
DSDP,82,557,*,38.8325,-32.5597,2143,None,FALSE,FALSE,FALSE,FALSE,FALSE,265.375,20.444444444444443,0.3133421838283539,83.5,388.4613952636719,2.7747464179992676
DSDP,82,564,*,33.7393,-43.7672,3820,None,FALSE,FALSE,FALSE,FALSE,FALSE,264.125,20.444444444444443,0.41675666,72.84,244.8780975341797,0.980142057
DSDP,84,565,*,9.7282,-86.0907,3099,None,FALSE,FALSE,FALSE,FALSE,FALSE,82.125,-1,2.3316664695739746,6.6225000000000005,575.7074584960938,3.133653402328491
DSDP,84,566,*,12.8057,-90.6965,3745,None,FALSE,FALSE,FALSE,FALSE,FALSE,103.5999984741211,-1,1.3742741346359253,16.53,628.7232666015625,1.111931085586548
DSDP,84,568,*,13.0722,-90.8,2010,None,FALSE,FALSE,FALSE,FALSE,FALSE,101.66666412353516,-1,1.333548665046692,31.25,589.0163574,1.0291075706481934
DSDP,84,569,*,12.9385,-90.8392,2744,None,FALSE,FALSE,FALSE,FALSE,TRUE,103.5999984741211,-1,1.3861266374588013,16.53,628.7232666015625,1.0728145837783811
DSDP,84,570,*,13.2853,-91.3928,1698,None,FALSE,FALSE,FALSE,FALSE,FALSE,104.5,-1,1.455625057220459,0,692.0998535,1.015903353691101
DSDP,85,571,*,3.9973,-114.1422,3962,None,FALSE,FALSE,FALSE,FALSE,FALSE,152,-8.9375,1.2224470376968384,78.385,465.4805908203125,2.531810522079468
DSDP,85,572,*,1.4348,-113.842,3893,None,FALSE,FALSE,FALSE,TRUE,FALSE,154.3125,-8.9375,1.5718737840652466,71.4075,560.1002197265625,3.2917613983154297
DSDP,85,573,*,0.4985,-133.3095,4301,None,FALSE,FALSE,FALSE,FALSE,FALSE,175.5,-8.9375,0.4249963760375976,67.815,517.3289184570312,1.4167882204055786
DSDP,85,574,*,4.2087,-133.3302,4561,None,FALSE,FALSE,FALSE,FALSE,FALSE,172.625,-8.9375,0.4256979525089264,75.9325,397.8450012207031,1.663136005401611
DSDP,85,575,*,5.85,-135.036,4536,None,FALSE,FALSE,FALSE,FALSE,FALSE,173.9375,-7.725,0.5849237442016602,71.75,380.0593872070313,1.2853072881698608
DSDP,86,576,*,32.356,164.2757,6217,None,FALSE,FALSE,FALSE,FALSE,FALSE,176.5,-4.755417957,0.978125274,0.4275,267.02410888671875,0.2430706620216369
DSDP,86,577,*,32.4418,157.7233,2675,Shallow (<40 cm),FALSE,FALSE,TRUE,FALSE,FALSE,174.25,-4.755417957,1.4192898273468018,41.89,281.23883056640625,0.5617451667785645
DSDP,86,578,*,33.926,151.629,6010,None,FALSE,FALSE,FALSE,FALSE,FALSE,171.875,-4.755417957,0.6377851963043213,0.205,305.3218688964844,0.2647802829742431
DSDP,87,582,*,31.7752,133.9138,4879,None,FALSE,FALSE,FALSE,FALSE,FALSE,167.39999389648438,-2.25,1.187375307,7.430000000000001,240.3647461,4.259231090545654
DSDP,87,583,*,31.8333,133.8567,4634,None,FALSE,FALSE,FALSE,FALSE,FALSE,167.39999389648438,-2.25,1.2072906494140625,7.430000000000001,240.3647461,4.536983966827393
DSDP,87,584,*,40.4667,143.9517,4078,None,FALSE,FALSE,FALSE,FALSE,FALSE,178.4375,-2.25,1.7155232429504397,1.9433333333333336,959.1861572265624,1.693551778793335
DSDP,89,586,*,-0.4973,158.4982,2207,Shallow (<40 cm),FALSE,FALSE,TRUE,FALSE,FALSE,159.375,-8.132867133,0.7280757427215576,77.1625,251.3786163330078,1.489150047302246
DSDP,90,587,*,-21.1847,161.3332,1101,None,FALSE,FALSE,FALSE,FALSE,FALSE,162.8125,7.75,0.6094214916229248,56.925,205.72723388671875,
DSDP,90,588,*,-26.1117,161.2267,1533,None,FALSE,FALSE,FALSE,FALSE,FALSE,166.5625,7.75,0.6528087258338928,81.88999999999999,228.62298583984375,
DSDP,90,591,*,-31.5843,164.4487,2131,Deep (>40 cm),FALSE,FALSE,FALSE,FALSE,FALSE,163.9375,7.75,0.7660332918167114,80.58500000000001,327.1247253417969,
DSDP,93,603,*,35.4943,-70.0283,4633,None,FALSE,FALSE,FALSE,FALSE,FALSE,259.5,20.444444444444443,0.4831506907939911,26.77,232.9053497314453,1.7283917665481567
DSDP,93,604,*,38.7132,-72.5492,2361,None,FALSE,FALSE,FALSE,FALSE,FALSE,256.125,13.499999999999998,1.2116097211837769,20.533333333333335,763.7562866210938,7.733096122741699
DSDP,94,606,*,37.3387,-35.4998,3007,Deep (>40 cm),FALSE,FALSE,TRUE,FALSE,FALSE,270.3125,20.444444444444443,0.2895148694515228,85.1675,347.6056823730469,1.6362009048461914
DSDP,94,607,*,41.0012,-32.9573,3427,Shallow (<40 cm),FALSE,FALSE,FALSE,TRUE,FALSE,268.25,13.538461538461547,0.2938894033432007,81.2525,507.3629760742187,2.730443000793457
DSDP,94,608,*,42.8367,-23.0875,3526,Deep (>40 cm),FALSE,TRUE,FALSE,TRUE,FALSE,247.1875,13.538461538461547,0.3876851499080658,88.7325,573.9307250976562,1.8269158601760864
DSDP,94,609,*,49.8778,-24.2382,3884,Deep (>40 cm),FALSE,TRUE,TRUE,FALSE,FALSE,257,38.882352941176464,0.4201594293117523,74.2025,1130.1986083984375,1.9725899696350095
DSDP,94,610,*,53.2215,-18.8868,2417,Shallow (<40 cm),FALSE,FALSE,TRUE,FALSE,FALSE,242.0625,38.882352941176464,0.5678374171257019,57.4525,1196.589355,1.815537929534912
DSDP,94,611,*,52.8412,-30.3097,3203,Deep (>40 cm),FALSE,TRUE,TRUE,FALSE,FALSE,277.8125,38.882352941176464,0.3021582067012787,41.9225,1148.7310791015625,3.9904592037200928
DSDP,95,612,*,38.8202,-72.7738,1386,None,FALSE,FALSE,FALSE,FALSE,FALSE,256.125,13.499999999999998,1.219339370727539,20.533333333333335,763.7562866210938,7.926984786987305
DSDP,95,613,*,38.771,-72.5238,2309,None,FALSE,FALSE,FALSE,FALSE,FALSE,256.125,13.499999999999998,1.2065463066101074,20.533333333333335,763.7562866210938,7.733096122741699
DSDP,96,614,*,25.068,-86.1368,3310,Deep (>40 cm),FALSE,TRUE,TRUE,FALSE,FALSE,,9.888888888888886,0.4395442306995392,,235.51528930664065,7.729884624481201
DSDP,96,615,*,25.2223,-85.9922,3268,Shallow (<40 cm),FALSE,FALSE,TRUE,FALSE,FALSE,,9.888888888888886,0.4516197443008423,,254.27127075195312,7.768874645233154
DSDP,96,616,*,26.8112,-86.8805,2983,Shallow (<40 cm),FALSE,FALSE,FALSE,FALSE,FALSE,,9.888888888888886,0.5857140421867371,,295.51202392578125,9.693264961242676
DSDP,96,617,*,26.6988,-88.5278,2467,None,FALSE,FALSE,TRUE,FALSE,FALSE,,9.888888888888886,0.5659552216529846,,252.0130157470703,13.239940643310549
DSDP,96,618,*,27.0113,-91.2622,2412,None,FALSE,FALSE,FALSE,FALSE,FALSE,,9.888888888888886,0.8074536919593811,,376.4681396484375,21.90481948852539
DSDP,96,620,*,26.8353,-88.3708,2608,Shallow (<40 cm),FALSE,TRUE,FALSE,FALSE,FALSE,,9.888888888888886,0.5778443813323975,,252.0130157470703,12.89471722
DSDP,96,621,*,26.731,-88.496,2481,Shallow (<40 cm),FALSE,FALSE,FALSE,FALSE,FALSE,,9.888888888888886,0.5733363628387451,,252.0130157470703,13.072291374206545
DSDP,96,622,*,26.6902,-88.3803,2491,Shallow (<40 cm),FALSE,FALSE,FALSE,FALSE,FALSE,,9.888888888888886,0.5644866824150085,,252.0130157470703,12.659039497375488
DSDP,96,623,*,25.7682,-86.2307,3177,None,FALSE,FALSE,TRUE,TRUE,FALSE,,9.888888888888886,0.5158779621124268,,235.51528930664065,8.308537483215332
ODP,100,625,A,28.831666666666667,-87.16,889,None,FALSE,FALSE,FALSE,FALSE,FALSE,,9.888888888888886,0.8128834962844849,,650.8184204101562,
ODP,100,625,B,28.831666666666667,-87.16,889,None,FALSE,FALSE,FALSE,FALSE,FALSE,,9.888888888888886,0.8128834962844849,,650.8184204101562,
ODP,101,626,A,25.600016666666665,-79.54676667,846.8,None,FALSE,FALSE,FALSE,FALSE,TRUE,169.1666717529297,13.499999999999998,0.2187154442071914,80.64,676.7464599609375,
ODP,101,626,B,25.600616666666667,-79.54676667,860,None,FALSE,FALSE,FALSE,FALSE,FALSE,169.1666717529297,13.499999999999998,0.2187154442071914,80.64,676.7464599609375,
ODP,101,626,C,25.600316666666668,-79.54666667,855,None,FALSE,FALSE,FALSE,FALSE,TRUE,169.1666717529297,13.499999999999998,0.2187154442071914,80.64,676.7464599609375,
ODP,101,627,A,27.635,-78.2942,1026,None,FALSE,FALSE,FALSE,FALSE,FALSE,185.3125,13.499999999999998,0.1393272876739502,,917.4163208007812,
ODP,101,627,B,27.635,-78.2942,1036,None,FALSE,FALSE,FALSE,TRUE,FALSE,185.3125,13.499999999999998,0.1393272876739502,,917.4163208007812,
ODP,101,628,A,27.5308,-78.3158,974,None,FALSE,FALSE,FALSE,FALSE,FALSE,185.3125,13.499999999999998,0.1420037150382995,,917.4163208007812,
ODP,101,629,A,27.4065,-78.3683,563,None,FALSE,FALSE,FALSE,FALSE,FALSE,185.3125,13.499999999999998,0.1436286866664886,,917.4163208007812,
ODP,101,630,A,27.449,-78.3405,815,None,FALSE,FALSE,FALSE,FALSE,FALSE,185.3125,13.499999999999998,0.1436286866664886,,917.4163208007812,
ODP,101,630,B,27.449,-78.3405,815,None,FALSE,FALSE,FALSE,FALSE,FALSE,185.3125,13.499999999999998,0.1436286866664886,,917.4163208007812,
ODP,101,630,C,27.449,-78.3405,815,None,FALSE,FALSE,FALSE,TRUE,FALSE,185.3125,13.499999999999998,0.1436286866664886,,917.4163208007812,
ODP,101,631,A,23.5867,-75.7427,1102,None,FALSE,FALSE,FALSE,FALSE,FALSE,236,11.384615384615389,0.1415255516767501,68.8125,436.8988037109375,2.253826379776001
ODP,101,632,A,23.8407,-75.4355,2007,None,FALSE,FALSE,FALSE,FALSE,FALSE,236,11.384615384615389,0.1575606912374496,68.8125,436.8988037109375,1.5318349599838257
ODP,101,633,A,23.6885,-75.6235,1690,None,FALSE,FALSE,FALSE,FALSE,FALSE,236,11.384615384615389,0.1440847963094711,68.8125,436.8988037109375,2.101419687271118
ODP,101,634,A,25.3837,-77.3147,2864,None,FALSE,FALSE,FALSE,FALSE,FALSE,205.75,11.384615384615389,0.1598310470581054,73.2125,662.1379395,1.7833356857299805
ODP,101,635,A,25.4188,-77.332,3445,None,FALSE,FALSE,FALSE,FALSE,TRUE,205.75,11.384615384615389,0.1598310470581054,73.2125,662.1379395,1.7779597043991089
ODP,101,635,B,25.4197,-77.333,3483,None,FALSE,FALSE,FALSE,FALSE,FALSE,205.75,11.384615384615389,0.1598310470581054,73.2125,662.1379395,1.7779597043991089
ODP,101,636,A,25.4185,-77.3058,3581,None,FALSE,FALSE,FALSE,FALSE,TRUE,205.75,11.384615384615389,0.1598310470581054,73.2125,662.1379395,1.7779597043991089
ODP,103,637,A,42.0883,-12.8633,5311,None,FALSE,FALSE,FALSE,FALSE,TRUE,249.75,13.538461538461547,0.4919983446598053,29.74,626.4092407226562,1.2650154829025269
ODP,103,638,B,42.1533,-12.1967,4673,None,FALSE,FALSE,FALSE,FALSE,FALSE,249.75,13.538461538461547,0.5374429225921631,29.74,626.4092407226562,1.308235764503479
ODP,103,639,A,42.1433,-12.2483,4735,None,FALSE,FALSE,FALSE,FALSE,FALSE,249.75,13.538461538461547,0.5303611755371094,29.74,626.4092407226562,1.331026315689087
ODP,103,639,B,42.1433,-12.25,4758,None,FALSE,FALSE,FALSE,FALSE,FALSE,249.75,13.538461538461547,0.5303611755371094,29.74,626.4092407226562,1.331026315689087
ODP,103,641,A,42.155,-12.1817,4646,None,FALSE,FALSE,FALSE,FALSE,FALSE,249.75,13.538461538461547,0.5374429225921631,29.74,626.4092407226562,1.308235764503479
ODP,104,642,B,67.225,2.9283,1281.6,Deep (>40 cm),FALSE,TRUE,FALSE,TRUE,FALSE,305.6875,23.07142857142857,0.7644306421279907,18.4575,1135.6458740234375,2.644483804702759
ODP,104,642,C,67.22,2.9299999999999997,1281.4,None,FALSE,FALSE,FALSE,FALSE,FALSE,305.6875,23.07142857142857,0.7644306421279907,18.4575,1135.6458740234375,2.644483804702759
ODP,104,642,D,67.22,2.9299999999999997,1281.4,None,FALSE,FALSE,FALSE,FALSE,FALSE,305.6875,23.07142857142857,0.7644306421279907,18.4575,1135.6458740234375,2.644483804702759
ODP,104,643,A,67.715,1.0333,2768.7,None,FALSE,FALSE,FALSE,FALSE,FALSE,304.5,23.07142857142857,0.6433858871459961,33.8025,1091.585205078125,2.8424384593963623
ODP,104,644,A,66.6783,4.5767,1225.2,None,FALSE,FALSE,FALSE,FALSE,FALSE,306.875,23.07142857142857,0.7792343497276306,12,1270.8468017578125,2.2193219661712646
ODP,104,644,B,66.6783,4.5767,1224.8,Shallow (<40 cm),FALSE,FALSE,FALSE,FALSE,FALSE,306.875,23.07142857142857,0.7792343497276306,12,1270.8468017578125,2.2193219661712646
ODP,105,645,A,70.4572,-64.6543,2007.1,Shallow (<40 cm),FALSE,FALSE,FALSE,FALSE,FALSE,,,1.0521302223205566,,443.6804504394531,18.860546112060547
ODP,105,645,B,70.4572,-64.6543,2008.2,Shallow (<40 cm),FALSE,FALSE,FALSE,FALSE,FALSE,,,1.0521302223205566,,443.6804504394531,18.860546112060547
ODP,105,645,C,70.4572,-64.6543,2007.7,Shallow (<40 cm),FALSE,FALSE,FALSE,FALSE,FALSE,,,1.0521302223205566,,443.6804504394531,18.860546112060547
ODP,105,645,F,70.458,-64.6548,2008.3,Shallow (<40 cm),FALSE,FALSE,FALSE,TRUE,FALSE,,,1.0521302223205566,,443.6804504394531,18.860546112060547
ODP,105,646,A,58.2093,-48.3691,3440.3,Shallow (<40 cm),FALSE,TRUE,FALSE,FALSE,FALSE,301.625,35.46666666666667,0.5390336513519287,57.2225,690.9517822265625,4.897006511688232
ODP,105,646,B,58.2093,-48.3691,3440.3,None,FALSE,FALSE,TRUE,FALSE,FALSE,301.625,35.46666666666667,0.5390336513519287,57.2225,690.9517822265625,4.897006511688232
ODP,105,647,A,53.3313,-45.262,3868.5,Deep (>40 cm),FALSE,FALSE,FALSE,FALSE,FALSE,290.5625,35.46666666666667,0.3864444196224212,59.9425,1031.970458984375,2.127525329589844
ODP,105,647,B,53.3313,-45.262,3860.2,None,FALSE,FALSE,FALSE,TRUE,FALSE,290.5625,35.46666666666667,0.3864444196224212,59.9425,1031.970458984375,2.127525329589844
ODP,106,648,A,22.921833333333332,-44.94716667,3299.4,None,FALSE,FALSE,FALSE,FALSE,TRUE,247.1875,11.384615384615389,0.2381232529878616,81.33250000000001,153.08990478515625,3.5788140296936035
ODP,106,649,B,23.368983333333333,-44.95071667,3516.9,None,FALSE,FALSE,FALSE,FALSE,TRUE,246,11.384615384615389,0.2355862259864807,67.18,149.03594970703125,3.040292739868164
ODP,106,649,C,23.368983333333333,-44.95071667,3518.4,None,FALSE,FALSE,FALSE,FALSE,TRUE,246,11.384615384615389,0.2355862259864807,67.18,149.03594970703125,3.040292739868164
ODP,106,649,E,23.368983333333333,-44.95071667,3519.4,None,FALSE,FALSE,FALSE,FALSE,TRUE,246,11.384615384615389,0.2355862259864807,67.18,149.03594970703125,3.040292739868164
ODP,106,649,F,23.368983333333333,-44.95071667,3514.4,None,FALSE,FALSE,FALSE,FALSE,TRUE,246,11.384615384615389,0.2355862259864807,67.18,149.03594970703125,3.040292739868164
ODP,106,649,G,23.369333333333337,-44.9512,3517.7,None,FALSE,FALSE,FALSE,FALSE,TRUE,246,11.384615384615389,0.2355862259864807,67.18,149.03594970703125,3.040292739868164
ODP,106,649,H,23.369333333333337,-44.9512,3510.7,None,FALSE,FALSE,FALSE,FALSE,TRUE,246,11.384615384615389,0.2355862259864807,67.18,149.03594970703125,3.040292739868164
ODP,107,650,A,39.3567,13.9008,3516.3,None,FALSE,FALSE,FALSE,FALSE,FALSE,,,0.8481898903846741,,304.03302001953125,
ODP,107,651,A,40.1505,12.7565,3578,None,FALSE,FALSE,FALSE,FALSE,TRUE,,,0.783112109,,348.2627868652344,
ODP,107,652,A,40.355,12.1432,3446,None,FALSE,FALSE,FALSE,FALSE,FALSE,,,0.7635009288787842,,348.2627868652344,
ODP,107,653,A,40.2643,11.4498,2817,Deep (>40 cm),FALSE,TRUE,FALSE,TRUE,FALSE,,,0.7353905439376831,,327.9131774902344,
ODP,107,653,B,40.2643,11.4492,2817,Deep (>40 cm),FALSE,TRUE,FALSE,TRUE,FALSE,,,0.7353905439376831,,327.9131774902344,
ODP,107,654,A,40.5793,10.6967,2208,None,FALSE,FALSE,FALSE,FALSE,FALSE,,,0.7915595173835754,,343.0469055175781,
ODP,107,655,A,40.1722,12.4653,3290,Deep (>40 cm),FALSE,TRUE,FALSE,FALSE,FALSE,,,0.7752476334571838,,348.2627868652344,
ODP,108,657,A,21.3315,-20.9488,4232,Shallow (<40 cm),FALSE,FALSE,FALSE,FALSE,FALSE,238.1875,11.384615384615389,0.4398886859416961,63.675,1250.415283203125,4.439361095428467
ODP,108,657,B,21.3315,-20.9488,4232,Deep (>40 cm),FALSE,FALSE,FALSE,FALSE,FALSE,238.1875,11.384615384615389,0.4398886859416961,63.675,1250.415283203125,4.439361095428467
ODP,108,658,A,20.7492,-18.5808,2263.5,None,FALSE,FALSE,FALSE,FALSE,FALSE,223.3125,7.800000000000001,1.3107852935791016,53.385,3786.850098,7.392223358154297
ODP,108,658,B,20.7492,-18.5808,2264.2,None,FALSE,FALSE,FALSE,FALSE,FALSE,223.3125,7.800000000000001,1.3107852935791016,53.385,3786.850098,7.392223358154297
ODP,108,658,C,20.7492,-18.5808,2262.9,None,FALSE,FALSE,FALSE,FALSE,FALSE,223.3125,7.800000000000001,1.3107852935791016,53.385,3786.850098,7.392223358154297
ODP,108,659,A,18.0772,-21.0262,3071.2,Shallow (<40 cm),FALSE,TRUE,TRUE,FALSE,FALSE,240.625,11.384615384615389,0.465734065,56.395,735.1532592773438,2.1656930446624756
ODP,108,659,B,18.0772,-21.0262,3073.4,None,FALSE,TRUE,TRUE,FALSE,FALSE,240.625,11.384615384615389,0.465734065,56.395,735.1532592773438,2.1656930446624756
ODP,108,660,A,10.0135,-19.2456,4332.2,Deep (>40 cm),FALSE,TRUE,FALSE,TRUE,FALSE,216.875,24.8125,0.5951512455940247,39.182500000000005,414.5109558105469,4.200286865234375
ODP,108,660,B,10.0135,-19.2456,4332.3,Deep (>40 cm),FALSE,FALSE,TRUE,FALSE,FALSE,216.875,24.8125,0.5951512455940247,39.182500000000005,414.5109558105469,4.200286865234375
ODP,108,661,A,9.4468,-19.3861,4012.7,Deep (>40 cm),FALSE,FALSE,FALSE,FALSE,FALSE,222.5625,24.8125,0.5910152196884155,46.4375,400.43890380859375,3.6632072925567623
ODP,108,661,B,9.4468,-19.3861,4013.1,Deep (>40 cm),FALSE,FALSE,FALSE,FALSE,FALSE,222.5625,24.8125,0.5910152196884155,46.4375,400.43890380859375,3.6632072925567623
ODP,108,662,A,-1.3902,-11.7392,3813.8,Deep (>40 cm),FALSE,FALSE,FALSE,FALSE,FALSE,247.625,24.8125,0.3793519139289856,87.655,340.99591064453125,0.793191671
ODP,108,662,B,-1.3902,-11.7392,3813.8,Shallow (<40 cm),FALSE,FALSE,FALSE,FALSE,FALSE,247.625,24.8125,0.3793519139289856,87.655,340.99591064453125,0.793191671
ODP,108,663,A,-1.1978,-11.8785,3607.6,Deep (>40 cm),FALSE,TRUE,FALSE,TRUE,FALSE,247.625,24.8125,0.3902184069156647,87.655,340.99591064453125,0.7318926453590393
ODP,108,663,B,-1.1978,-11.8785,3607.4,None,FALSE,FALSE,FALSE,FALSE,FALSE,247.625,24.8125,0.3902184069156647,87.655,340.99591064453125,0.7318926453590393
ODP,108,664,B,0.1072999999999999,-23.2275,3806.3,Shallow (<40 cm),FALSE,FALSE,TRUE,FALSE,FALSE,247.25,18.095238095238106,0.4147518575191498,80.02000000000001,536.0897827148438,0.7438831329345703
ODP,108,664,C,0.1072999999999999,-23.2275,3806.8,Deep (>40 cm),FALSE,TRUE,TRUE,FALSE,FALSE,247.25,18.095238095238106,0.4147518575191498,80.02000000000001,536.0897827148438,0.7438831329345703
ODP,108,664,D,0.1072999999999999,-23.2275,3801.7,None,FALSE,TRUE,TRUE,FALSE,FALSE,247.25,18.095238095238106,0.4147518575191498,80.02000000000001,536.0897827148438,0.7438831329345703
ODP,108,665,A,2.9512,-19.6678,4740.4,None,FALSE,FALSE,FALSE,FALSE,FALSE,245.0625,18.095238095238106,0.4396774768829345,71.4225,419.4068908691406,1.1366370916366575
ODP,108,665,B,2.9512,-19.6678,4741.8,None,FALSE,FALSE,FALSE,FALSE,FALSE,245.0625,18.095238095238106,0.4396774768829345,71.4225,419.4068908691406,1.1366370916366575
ODP,108,666,A,3.4973,-20.1672,4516.8,None,FALSE,FALSE,FALSE,FALSE,FALSE,244.125,18.095238095238106,0.4383829534053802,63.175,358.5336914,1.401729941368103
ODP,108,667,A,4.5692,-21.9113,3525,None,FALSE,FALSE,FALSE,FALSE,FALSE,244.3125,18.095238095238106,0.4799261093139648,70.9,325.8851318359375,1.878091096878052
ODP,108,667,B,4.5692,-21.9113,3524.7,None,FALSE,FALSE,FALSE,TRUE,FALSE,244.3125,18.095238095238106,0.4799261093139648,70.9,325.8851318359375,1.878091096878052
ODP,108,668,A,4.7687,-20.927,2690,None,FALSE,FALSE,FALSE,FALSE,FALSE,243.4375,18.095238095238106,0.4786891937255859,67.935,321.0959167480469,2.2102460861206055
ODP,108,668,B,4.7687,-20.927,2693.1,None,FALSE,FALSE,FALSE,FALSE,FALSE,243.4375,18.095238095238106,0.4786891937255859,67.935,321.0959167480469,2.2102460861206055
ODP,109,669,A,23.517,-45.0458,1979,None,FALSE,FALSE,FALSE,FALSE,TRUE,247,11.384615384615389,0.2285108566284179,85.62333333333333,149.4871368408203,2.9148573875427246
ODP,110,671,A,15.5258,-58.7325,4931.1,None,FALSE,FALSE,FALSE,FALSE,FALSE,251.3125,11.384615384615389,0.4081209599971771,22.8475,432.6888732910156,1.9222573041915896
ODP,110,671,B,15.5258,-58.7325,4931.7,None,FALSE,FALSE,FALSE,FALSE,FALSE,251.3125,11.384615384615389,0.4081209599971771,22.8475,432.6888732910156,1.9222573041915896
ODP,110,672,A,15.54,-58.641,4982.5,None,FALSE,FALSE,FALSE,FALSE,FALSE,251.3125,11.384615384615389,0.4142228662967682,22.8475,432.6888732910156,1.935150146484375
ODP,110,673,A,15.5317,-58.81,4667.4,None,FALSE,FALSE,FALSE,FALSE,FALSE,251.3125,11.384615384615389,0.4012013375759125,22.8475,432.6888732910156,1.904981017112732
ODP,110,673,B,15.532,-58.8082,4678.7,None,FALSE,FALSE,FALSE,FALSE,FALSE,251.3125,11.384615384615389,0.4012013375759125,22.8475,432.6888732910156,1.904981017112732
ODP,110,674,A,15.5382,-58.8515,4550.2,None,FALSE,FALSE,FALSE,FALSE,FALSE,251.3125,11.384615384615389,0.4012013375759125,22.8475,432.6888732910156,1.904981017112732
ODP,110,675,A,15.5295,-58.7168,5007.8,None,FALSE,FALSE,FALSE,FALSE,TRUE,251.3125,11.384615384615389,0.4081209599971771,22.8475,432.6888732910156,1.9222573041915896
ODP,111,677,A,1.2023,-83.737,3472,None,FALSE,FALSE,FALSE,FALSE,FALSE,100.125,-7.725,3.075449228286743,19.055,553.8994141,3.872474670410156
ODP,111,677,B,1.2024,-83.737,3473,None,FALSE,FALSE,FALSE,FALSE,FALSE,100.125,-7.725,3.075449228286743,19.055,553.8994141,3.872474670410156
ODP,111,678,A,1.2168,-83.7232,3464,None,FALSE,FALSE,FALSE,FALSE,TRUE,100.125,-7.725,3.0723047256469727,19.055,553.8994141,3.872474670410156
ODP,111,678,B,1.2168,-83.7232,3465,None,FALSE,FALSE,FALSE,FALSE,FALSE,100.125,-7.725,3.0723047256469727,19.055,553.8994141,3.872474670410156
ODP,112,679,A,-11.05866667,-78.2653,434,None,FALSE,FALSE,FALSE,FALSE,FALSE,134.86666870117188,4.866666666666667,2.239043951034546,3.66,3623.682129,0.4461353421211242
ODP,112,679,B,-11.06333333,-78.27233333,458,None,FALSE,FALSE,FALSE,FALSE,FALSE,134.86666870117188,4.866666666666667,2.239043951034546,3.66,3623.682129,0.4461353421211242
ODP,112,679,D,-11.06383333,-78.27216667,462,None,FALSE,FALSE,FALSE,FALSE,FALSE,134.86666870117188,4.866666666666667,2.239043951034546,3.66,3623.682129,0.4461353421211242
ODP,112,680,A,-11.065,-78.07783333,272,None,FALSE,FALSE,FALSE,FALSE,FALSE,134.86666870117188,4.866666666666667,2.246281385421753,3.66,3623.682129,0.500157356
ODP,112,680,B,-11.065,-78.07783333,273,None,FALSE,FALSE,FALSE,FALSE,FALSE,134.86666870117188,4.866666666666667,2.246281385421753,3.66,3623.682129,0.500157356
ODP,112,681,A,-10.97666667,-77.95766667,161,None,FALSE,FALSE,FALSE,FALSE,FALSE,133,4.866666666666667,2.252204656600952,,6302.679199,
ODP,112,681,B,-10.97666667,-77.95766667,162,None,FALSE,FALSE,FALSE,FALSE,FALSE,133,4.866666666666667,2.252204656600952,,6302.679199,
ODP,112,682,A,-11.2665,-79.06216667,3801,None,FALSE,FALSE,FALSE,FALSE,FALSE,138.3125,4.866666666666667,2.1108272075653076,2.96,1293.793945,0.4382067620754242
ODP,112,683,A,-9.028166667,-80.40666667,3087,None,FALSE,FALSE,FALSE,FALSE,FALSE,135.25,4.866666666666667,1.985558032989502,4.855,1572.628173828125,0.8317403197288513
ODP,112,684,A,-8.9915,-79.95583333,438,None,FALSE,FALSE,FALSE,TRUE,FALSE,130.46153259277344,4.866666666666667,1.9917875528335571,18.41,4606.45166,0.784231424
ODP,112,684,B,-8.9915,-79.95583333,439,None,FALSE,FALSE,FALSE,FALSE,FALSE,130.46153259277344,4.866666666666667,1.9917875528335571,18.41,4606.45166,0.784231424
ODP,112,685,A,-9.113,-80.5835,5093,None,FALSE,FALSE,FALSE,FALSE,FALSE,135.25,4.866666666666667,1.9557321071624756,4.855,1572.628173828125,0.7943376898765564
ODP,112,686,A,-13.48016667,-76.8915,454,None,FALSE,FALSE,FALSE,FALSE,FALSE,135.9166717529297,4.866666666666667,1.9055730104446411,,5068.280762,0.7147599458694458
ODP,112,686,B,-13.48016667,-76.8915,458,None,FALSE,FALSE,FALSE,FALSE,FALSE,135.9166717529297,4.866666666666667,1.9055730104446411,,5068.280762,0.7147599458694458
ODP,112,687,A,-12.863,-76.9905,316,None,FALSE,FALSE,FALSE,FALSE,FALSE,135.60000610351562,4.866666666666667,2.0417282581329346,,6485.990234,0.5993144512176514
ODP,112,687,B,-12.863,-76.9905,316,None,FALSE,FALSE,FALSE,FALSE,FALSE,135.60000610351562,4.866666666666667,2.0417282581329346,,6485.990234,0.5993144512176514
ODP,112,688,A,-11.53766667,-78.94283333,3827,None,FALSE,FALSE,FALSE,FALSE,FALSE,134.86666870117188,4.866666666666667,2.0955328941345215,3.66,3623.682129,0.4182674586772918
ODP,113,689,B,-64.517,3.0999,2080,None,FALSE,FALSE,FALSE,FALSE,FALSE,246.4375,-1.20361991,0.2506893575191498,,236.89895629882812,0.1821735948324203
ODP,113,689,C,-64.517,3.1004,2080.3,None,FALSE,FALSE,FALSE,FALSE,FALSE,246.4375,-1.20361991,0.2506893575191498,,236.89895629882812,0.1817641258239746
ODP,113,690,A,-65.16048333,1.2049333333333334,2914,None,FALSE,FALSE,FALSE,FALSE,FALSE,246.0625,-1.20361991,0.253236711,,229.23519897460935,0.1805511713027954
ODP,113,690,B,-65.16048333,1.2049333333333334,2914,None,FALSE,FALSE,FALSE,FALSE,FALSE,246.0625,-1.20361991,0.253236711,,229.23519897460935,0.1805511713027954
ODP,113,690,C,-65.16035,1.20475,2914,None,FALSE,FALSE,FALSE,FALSE,FALSE,246.0625,-1.20361991,0.253236711,,229.23519897460935,0.1805511713027954
ODP,113,691,A,-70.742,-13.811,3035,None,FALSE,FALSE,FALSE,FALSE,TRUE,271.125,0,0.3250114619731903,,295.8845520019531,0.7974199056625366
ODP,113,692,A,-70.72411667,-13.82013333,2880,None,FALSE,FALSE,FALSE,FALSE,TRUE,271.125,0,0.3250114619731903,,295.8845520019531,0.7974199056625366
ODP,113,692,B,-70.72386667,-13.81991667,2875,None,FALSE,FALSE,FALSE,FALSE,FALSE,271.125,0,0.3250114619731903,,295.8845520019531,0.7974199056625366
ODP,113,693,A,-70.83153333,-14.5735,2359,None,FALSE,FALSE,FALSE,FALSE,FALSE,270.3125,0,0.3191975057125091,,274.2377014160156,1.0082155466079712
ODP,113,693,B,-70.83146667,-14.57435,2359,Deep (>40 cm),FALSE,FALSE,TRUE,FALSE,FALSE,270.3125,0,0.3191975057125091,,274.2377014160156,1.0082155466079712
ODP,113,694,A,-66.847,-33.4465,4653.4,None,FALSE,FALSE,FALSE,FALSE,FALSE,257.125,-1.20361991,0.2927184402942657,0,194.48350524902344,2.118729353
ODP,113,694,B,-66.847,-33.4471,4653.4,None,FALSE,FALSE,FALSE,FALSE,TRUE,257.125,-1.20361991,0.2927184402942657,0,194.48350524902344,2.118729353
ODP,113,694,C,-66.847,-33.4461,4653.4,None,FALSE,FALSE,FALSE,FALSE,FALSE,257.125,-1.20361991,0.2927184402942657,0,194.48350524902344,2.118729353
ODP,113,695,A,-62.39126667,-43.45158333,1300.1,None,FALSE,FALSE,FALSE,FALSE,FALSE,248.125,0,0.4260951280593872,14.935,187.9476318359375,5.339701175689697
ODP,113,696,A,-61.84908333,-42.93306667,650,None,FALSE,FALSE,FALSE,FALSE,FALSE,249.375,0,0.4498336613178253,,169.29844665527344,4.4952802658081055
ODP,113,697,A,-61.81056667,-40.2878,3480,Deep (>40 cm),FALSE,TRUE,FALSE,TRUE,FALSE,248.875,0,0.3663237392902374,16.0025,148.0052490234375,4.298647880554199
ODP,114,698,A,-51.459,-33.0993,2137.5,None,FALSE,FALSE,FALSE,FALSE,TRUE,235.625,15.262820512820513,0.5401591658592224,0.055,487.6351013183594,0.5651628375053406
ODP,114,699,A,-51.542,-30.677,3705.5,None,FALSE,FALSE,FALSE,FALSE,FALSE,237.1875,15.262820512820513,0.4360919594764709,0.2725,454.4241638183594,0.8861336708068848
ODP,114,700,A,-51.533,-30.2783,3601,None,FALSE,FALSE,FALSE,FALSE,TRUE,237.1875,15.262820512820513,0.4138006567955017,0.2725,454.4241638183594,0.913478673
ODP,114,700,B,-51.533,-30.2781,3601,None,FALSE,FALSE,FALSE,FALSE,TRUE,237.1875,15.262820512820513,0.4138006567955017,0.2725,454.4241638183594,0.913478673
ODP,114,701,A,-51.985,-23.2123,4636.7,None,FALSE,FALSE,FALSE,FALSE,FALSE,236.25,15.262820512820513,0.2975674867630005,2.4850000000000003,367.1401367,1.144500732421875
ODP,114,701,C,-51.985,-23.2117,4636.7,Shallow (<40 cm),FALSE,FALSE,FALSE,FALSE,FALSE,236.25,15.262820512820513,0.2975674867630005,2.4850000000000003,367.1401367,1.144500732421875
ODP,114,702,A,-50.946,-26.3688,3083.4,None,FALSE,FALSE,FALSE,FALSE,FALSE,235.9375,15.262820512820513,0.3359070718288421,3.7,410.9165954589844,1.454197645187378
ODP,114,702,B,-50.946,-26.3686,3083.7,None,FALSE,FALSE,FALSE,FALSE,FALSE,235.9375,15.262820512820513,0.3359070718288421,3.7,410.9165954589844,1.454197645187378
ODP,114,703,A,-47.051,7.8947,1796.1,None,FALSE,FALSE,FALSE,FALSE,FALSE,222.5625,15.262820512820513,0.2875910997390747,30.575000000000003,268.5911865234375,0.7130647301673889
ODP,114,704,A,-46.879,7.4208,2532.3,None,FALSE,FALSE,FALSE,FALSE,FALSE,223,15.262820512820513,0.2912910878658294,38.825,309.2966613769531,0.7178733348846436
ODP,114,704,B,-46.88,7.4205,2532.3,None,FALSE,FALSE,FALSE,FALSE,FALSE,223,15.262820512820513,0.2912910878658294,38.825,309.2966613769531,0.7178733348846436
ODP,115,705,A,-13.167,61.3837,2318,None,FALSE,FALSE,FALSE,FALSE,FALSE,173.0625,-21.375,0.4352664351463318,80.265,230.0326690673828,1.1074602603912354
ODP,115,706,A,-13.114,61.371,2517,None,FALSE,FALSE,FALSE,FALSE,FALSE,173.0625,-21.375,0.4315184950828552,80.265,230.0326690673828,1.1074602603912354
ODP,115,706,B,-13.114,61.371,2518,None,FALSE,FALSE,FALSE,FALSE,FALSE,173.0625,-21.375,0.4315184950828552,80.265,230.0326690673828,1.1074602603912354
ODP,115,706,C,-13.114,61.371,2518,None,FALSE,FALSE,FALSE,FALSE,TRUE,173.0625,-21.375,0.4315184950828552,80.265,230.0326690673828,1.1074602603912354
ODP,115,707,A,-7.5453,59.0168,1553,None,FALSE,FALSE,FALSE,FALSE,FALSE,154.0625,3.7307692307692335,0.4290270209312439,,304.4316101074219,0.6698826551437378
ODP,115,707,B,-7.5453,59.0168,1552,None,FALSE,FALSE,FALSE,FALSE,FALSE,154.0625,3.7307692307692335,0.4290270209312439,,304.4316101074219,0.6698826551437378
ODP,115,707,C,-7.5453,59.0168,1552,None,FALSE,FALSE,FALSE,FALSE,TRUE,154.0625,3.7307692307692335,0.4290270209312439,,304.4316101074219,0.6698826551437378
ODP,115,708,A,-5.4558,59.9438,4107,None,FALSE,FALSE,FALSE,FALSE,FALSE,157.9375,3.7307692307692335,0.6605663299560547,75.17500000000001,303.0127258300781,1.1384246349334717
ODP,115,709,A,-3.915,60.5517,3047,None,FALSE,FALSE,FALSE,FALSE,FALSE,170.8125,3.7307692307692335,0.5571674704551697,72.48,246.1205139160156,1.2261860370635986
ODP,115,709,B,-3.915,60.5517,3049,None,FALSE,FALSE,FALSE,FALSE,FALSE,170.8125,3.7307692307692335,0.5571674704551697,72.48,246.1205139160156,1.2261860370635986
ODP,115,709,C,-3.915,60.5517,3039,None,FALSE,FALSE,FALSE,FALSE,FALSE,170.8125,3.7307692307692335,0.5571674704551697,72.48,246.1205139160156,1.2261860370635986
ODP,115,710,A,-4.3117,60.98,3823,None,FALSE,FALSE,FALSE,FALSE,FALSE,166.1875,3.7307692307692335,0.5977596044540405,77.1725,274.9325866699219,1.2902121543884275
ODP,115,710,B,-4.3117,60.98,3821,None,FALSE,FALSE,FALSE,FALSE,FALSE,166.1875,3.7307692307692335,0.5977596044540405,77.1725,274.9325866699219,1.2902121543884275
ODP,115,711,A,-2.7427,61.163,4439,None,FALSE,FALSE,FALSE,FALSE,FALSE,174.6875,3.7307692307692335,0.559491754,67.545,232.5406494140625,0.7251467704772949
ODP,115,711,B,-2.7427,61.163,4440,None,FALSE,FALSE,FALSE,FALSE,FALSE,174.6875,3.7307692307692335,0.559491754,67.545,232.5406494140625,0.7251467704772949
ODP,115,712,A,-4.2165,73.4063,2903,None,FALSE,FALSE,FALSE,FALSE,FALSE,175.375,3.7307692307692335,0.5414780378341675,57.29999999999999,247.2471466064453,0.5562838912010193
ODP,115,713,A,-4.193,73.3942,2920,None,FALSE,FALSE,FALSE,FALSE,FALSE,175.375,3.7307692307692335,0.5343884229660034,57.29999999999999,247.2471466064453,0.5297896265983582
ODP,115,714,A,5.06,73.7867,2041,None,FALSE,FALSE,FALSE,FALSE,FALSE,135.9375,3.7307692307692335,0.4961951673030853,72.865,503.814209,0.6958438158035278
ODP,115,714,B,5.06,73.7867,2041,None,FALSE,FALSE,FALSE,FALSE,FALSE,135.9375,3.7307692307692335,0.4961951673030853,72.865,503.814209,0.6958438158035278
ODP,115,715,A,5.0815,73.8313,2273,None,FALSE,FALSE,FALSE,FALSE,FALSE,135.9375,3.7307692307692335,0.4902498424053192,72.865,503.814209,0.7241540551185608
ODP,115,716,A,4.9333,73.2833,544,None,FALSE,FALSE,FALSE,FALSE,FALSE,139.875,3.7307692307692335,0.5149150490760803,73.425,504.8222961425781,0.5591588616371155
ODP,115,716,B,4.9333,73.2833,544,None,FALSE,FALSE,FALSE,FALSE,FALSE,139.875,3.7307692307692335,0.5149150490760803,73.425,504.8222961425781,0.5591588616371155
ODP,116,717,A,-0.9298,81.3901,4734.7,None,FALSE,FALSE,FALSE,FALSE,FALSE,174.625,3.7307692307692335,0.3374756276607513,43.3075,234.11935424804688,3.3231592178344727
ODP,116,717,B,-0.9298,81.3901,4734.7,None,FALSE,FALSE,FALSE,FALSE,FALSE,174.625,3.7307692307692335,0.3374756276607513,43.3075,234.11935424804688,3.3231592178344727
ODP,116,718,A,-1.0209,81.4011,4730.2,None,FALSE,FALSE,FALSE,TRUE,FALSE,171.75,3.7307692307692335,0.3253068327903747,32.837500000000006,222.5519561767578,3.231884241104126
ODP,116,718,B,-1.0209,81.4011,4730.2,None,FALSE,FALSE,FALSE,TRUE,FALSE,171.75,3.7307692307692335,0.3253068327903747,32.837500000000006,222.5519561767578,3.231884241104126
ODP,116,719,A,-0.9608,81.3995,4736.8,None,FALSE,FALSE,FALSE,FALSE,FALSE,174.625,3.7307692307692335,0.3253068327903747,43.3075,234.11935424804688,3.3231592178344727
ODP,117,720,A,16.1307,60.744,4033.9,None,FALSE,FALSE,FALSE,FALSE,FALSE,135.25,6.299999999999997,0.8992705941200256,56.45,1426.6695556640625,5.679884433746338
ODP,117,721,A,16.6778,59.8645,1940.7,None,FALSE,FALSE,FALSE,FALSE,FALSE,119.4375,6.299999999999997,1.0102988481521606,54.76500000000001,1687.5413818359375,3.571901321411133
ODP,117,721,B,16.6778,59.8645,1935.5,None,FALSE,FALSE,FALSE,FALSE,FALSE,119.4375,6.299999999999997,1.0102988481521606,54.76500000000001,1687.5413818359375,3.571901321411133
ODP,117,721,C,16.6778,59.8645,1935.6,None,FALSE,FALSE,FALSE,FALSE,FALSE,119.4375,6.299999999999997,1.0102988481521606,54.76500000000001,1687.5413818359375,3.571901321411133
ODP,117,722,A,16.6218,59.7953,2022.5,None,FALSE,FALSE,FALSE,FALSE,FALSE,119.4375,6.299999999999997,1.0044918060302734,54.76500000000001,1687.5413818359375,3.4208872318267822
ODP,117,722,B,16.6218,59.7953,2021.7,None,FALSE,FALSE,FALSE,FALSE,FALSE,119.4375,6.299999999999997,1.0044918060302734,54.76500000000001,1687.5413818359375,3.4208872318267822
ODP,117,723,A,18.0518,57.609,804.7,None,FALSE,FALSE,FALSE,FALSE,FALSE,51.769229888916016,6.299999999999997,2.8896706104278564,57.12,5470.914551,2.1776514053344727
ODP,117,723,B,18.0518,57.6081,805.2,None,FALSE,FALSE,FALSE,FALSE,FALSE,51.769229888916016,6.299999999999997,2.8896706104278564,57.12,5470.914551,2.1776514053344727
ODP,117,724,A,18.4625,57.7865,591,None,FALSE,FALSE,FALSE,FALSE,FALSE,51.769229888916016,6.299999999999997,2.8283863067626953,57.12,5470.914551,1.675693154335022
ODP,117,724,B,18.4625,57.7865,590.5,None,FALSE,FALSE,FALSE,FALSE,FALSE,51.769229888916016,6.299999999999997,2.8283863067626953,57.12,5470.914551,1.675693154335022
ODP,117,724,C,18.4625,57.7865,591.7,None,FALSE,FALSE,FALSE,FALSE,FALSE,51.769229888916016,6.299999999999997,2.8283863067626953,57.12,5470.914551,1.675693154335022
ODP,117,725,A,18.4873,57.7006,311.6,None,FALSE,FALSE,FALSE,FALSE,FALSE,51.769229888916016,6.299999999999997,2.7998552322387695,57.12,5470.914551,1.675693154335022
ODP,117,725,B,18.4873,57.7006,311.6,None,FALSE,FALSE,FALSE,FALSE,TRUE,51.769229888916016,6.299999999999997,2.7998552322387695,57.12,5470.914551,1.675693154335022
ODP,117,725,C,18.4873,57.7006,311.2,None,FALSE,FALSE,FALSE,FALSE,FALSE,51.769229888916016,6.299999999999997,2.7998552322387695,57.12,5470.914551,1.675693154335022
ODP,117,726,A,17.8161,57.3715,328.6,None,FALSE,FALSE,FALSE,FALSE,FALSE,63.06666564941406,6.299999999999997,2.951808214187622,55.82333333333333,4400.853027,2.347088337
ODP,117,727,A,17.768,57.5886,910,None,FALSE,FALSE,FALSE,FALSE,FALSE,63.06666564941406,6.299999999999997,2.9660236835479736,55.82333333333333,4400.853027,2.6392757892608643
ODP,117,727,B,17.768,57.5886,907.3,None,FALSE,FALSE,FALSE,FALSE,FALSE,63.06666564941406,6.299999999999997,2.9660236835479736,55.82333333333333,4400.853027,2.6392757892608643
ODP,117,728,A,17.6802,57.8257,1421.9,None,FALSE,FALSE,FALSE,FALSE,FALSE,63.06666564941406,6.299999999999997,2.941559314727783,55.82333333333333,4400.853027,2.972892045974731
ODP,117,728,B,17.6802,57.8257,1424.3,None,FALSE,FALSE,FALSE,FALSE,FALSE,63.06666564941406,6.299999999999997,2.941559314727783,55.82333333333333,4400.853027,2.972892045974731
ODP,117,729,A,17.6446,57.9547,1392.3,None,FALSE,FALSE,FALSE,FALSE,FALSE,63.06666564941406,6.299999999999997,2.908226251602173,55.82333333333333,4400.853027,3.012934684753418
ODP,117,730,A,17.7314,57.692,1059.9,None,FALSE,FALSE,FALSE,FALSE,FALSE,63.06666564941406,6.299999999999997,2.963867188,55.82333333333333,4400.853027,2.6960461139678955
ODP,117,731,A,16.4705,59.7025,2359.4,None,FALSE,FALSE,FALSE,FALSE,FALSE,119.4375,6.299999999999997,1.038849949836731,54.76500000000001,1687.5413818359375,3.494743585586548
ODP,118,732,A,-32.547,57.0548,4881.9,None,FALSE,FALSE,FALSE,FALSE,TRUE,214.1875,-21.375,0.3540251553058624,73.30499999999999,261.3640441894531,0.3949338495731354
ODP,118,732,B,-32.547,57.0548,4878.3,None,FALSE,FALSE,FALSE,FALSE,TRUE,214.1875,-21.375,0.3540251553058624,73.30499999999999,261.3640441894531,0.3949338495731354
ODP,118,732,D,-32.548,57.045,4809.9,None,FALSE,FALSE,FALSE,FALSE,TRUE,214.1875,-21.375,0.3540251553058624,73.30499999999999,261.3640441894531,0.3949338495731354
ODP,118,732,E,-32.548,57.045,4807.9,None,FALSE,FALSE,FALSE,FALSE,TRUE,214.1875,-21.375,0.3540251553058624,73.30499999999999,261.3640441894531,0.3949338495731354
ODP,118,732,F,-32.548,57.045,4806.9,None,FALSE,FALSE,FALSE,FALSE,TRUE,214.1875,-21.375,0.3540251553058624,73.30499999999999,261.3640441894531,0.3949338495731354
ODP,118,733,B,-33.088,56.9775,4486.9,None,FALSE,FALSE,FALSE,FALSE,TRUE,214.0625,-21.375,0.326829582,75.32,287.7323913574219,0.4060087502002716
ODP,118,733,C,-33.088,56.9775,4486.9,None,FALSE,FALSE,FALSE,FALSE,TRUE,214.0625,-21.375,0.326829582,75.32,287.7323913574219,0.4060087502002716
ODP,118,734,A,-32.114,57.1302,3659.6,None,FALSE,FALSE,FALSE,FALSE,TRUE,214.1875,-21.375,0.3663353323936462,73.30499999999999,261.3640441894531,0.3696313500404358
ODP,118,734,B,-32.114,57.13,3670.4,None,FALSE,FALSE,FALSE,FALSE,TRUE,214.1875,-21.375,0.3663353323936462,73.30499999999999,261.3640441894531,0.3696313500404358
ODP,118,734,D,-32.106,57.104,3708.9,None,FALSE,FALSE,FALSE,FALSE,TRUE,214.1875,-21.375,0.3675461411476135,73.30499999999999,261.3640441894531,0.3696313500404358
ODP,118,734,F,-32.113,57.129,3424.9,None,FALSE,FALSE,FALSE,FALSE,TRUE,214.1875,-21.375,0.3663353323936462,73.30499999999999,261.3640441894531,0.3696313500404358
ODP,118,735,A,-32.722,57.2717,726.9,None,FALSE,FALSE,FALSE,FALSE,TRUE,214.1875,-21.375,0.3412256240844726,73.30499999999999,261.3640441894531,0.3969624042510986
ODP,118,735,B,-32.72325,57.26598333333333,719.9,None,FALSE,FALSE,FALSE,FALSE,TRUE,214.1875,-21.375,0.3412256240844726,73.30499999999999,261.3640441894531,0.3969624042510986
ODP,119,736,A,-49.403,71.6615,629,None,FALSE,FALSE,FALSE,FALSE,FALSE,232.625,15.262820512820513,0.4138517677783966,,387.8850402832031,3.5793306827545166
ODP,119,736,B,-49.403,71.6615,628.1,None,FALSE,FALSE,FALSE,FALSE,FALSE,232.625,15.262820512820513,0.4138517677783966,,387.8850402832031,3.5793306827545166
ODP,119,737,A,-50.228,73.0324,564,None,FALSE,FALSE,FALSE,FALSE,TRUE,208.6875,15.262820512820513,0.3444577753543854,,414.0272216796875,2.606792688369751
ODP,119,738,A,-62.709,82.7878,2252.7,None,FALSE,FALSE,FALSE,FALSE,FALSE,221.3125,-1.20361991,0.3501577973365783,,209.5165100097656,1.126156449317932
ODP,119,738,B,-62.709,82.7878,2252.5,None,FALSE,FALSE,FALSE,FALSE,FALSE,221.3125,-1.20361991,0.3501577973365783,,209.5165100097656,1.126156449317932
ODP,119,738,C,-62.709,82.7878,2252.5,None,FALSE,FALSE,FALSE,FALSE,TRUE,221.3125,-1.20361991,0.3501577973365783,,209.5165100097656,1.126156449317932
ODP,119,739,A,-67.285,75.0818,412.4,None,FALSE,FALSE,FALSE,FALSE,FALSE,237.6875,0,0.5309643745422363,,519.0365600585938,
ODP,119,739,B,-67.285,75.0818,412.4,None,FALSE,FALSE,FALSE,FALSE,TRUE,237.6875,0,0.5309643745422363,,519.0365600585938,
ODP,119,739,C,-67.285,75.0818,412.4,Shallow (<40 cm),FALSE,FALSE,FALSE,FALSE,FALSE,237.6875,0,0.5309643745422363,,519.0365600585938,
ODP,119,740,A,-68.764,76.6819,807.5,None,FALSE,FALSE,FALSE,FALSE,FALSE,239.0769195556641,0,0.970120609,,611.6341552734375,
ODP,119,740,B,-68.764,76.6819,814.4,None,FALSE,FALSE,FALSE,FALSE,FALSE,239.0769195556641,0,0.970120609,,611.6341552734375,
ODP,119,741,A,-68.387,76.3825,551.4,Deep (>40 cm),FALSE,FALSE,FALSE,FALSE,FALSE,239.0769195556641,0,0.9034306406974792,,611.6341552734375,
ODP,119,742,A,-67.553,75.409,415.7,Shallow (<40 cm),FALSE,FALSE,FALSE,FALSE,FALSE,237.6875,0,0.5995147228240967,,519.0365600585938,
ODP,119,743,A,-66.916,74.6905,998.7,None,FALSE,FALSE,FALSE,FALSE,TRUE,236.125,0,0.4887511432170868,,316.0426330566406,
ODP,119,744,A,-61.579,80.595,2307.3,None,FALSE,FALSE,FALSE,FALSE,FALSE,212,-1.20361991,0.2954848706722259,6.666666666666667,217.87794494628903,1.3308066129684448
ODP,119,744,B,-61.579,80.595,2306.5,None,FALSE,FALSE,FALSE,FALSE,FALSE,212,-1.20361991,0.2954848706722259,6.666666666666667,217.87794494628903,1.3308066129684448
ODP,119,744,C,-61.579,80.595,2308,None,FALSE,FALSE,FALSE,FALSE,FALSE,212,-1.20361991,0.2954848706722259,6.666666666666667,217.87794494628903,1.3308066129684448
ODP,119,745,B,-59.595,85.8542,4082.5,Deep (>40 cm),FALSE,FALSE,TRUE,FALSE,FALSE,229.6875,-1.20361991,0.3022319078445434,0.3333333333333333,220.92428588867188,1.461678981781006
ODP,119,746,A,-59.569,85.8682,4059.5,None,FALSE,FALSE,FALSE,FALSE,TRUE,229.6875,-1.20361991,0.3022319078445434,0.3333333333333333,220.92428588867188,1.461678981781006
ODP,120,747,A,-54.811,76.794,1695,None,FALSE,FALSE,FALSE,FALSE,FALSE,213.3125,-1.20361991,0.2287304401397705,12.5,167.20736694335938,1.299338936805725
ODP,120,747,B,-54.811,76.794,1697.2,None,FALSE,FALSE,FALSE,FALSE,FALSE,213.3125,-1.20361991,0.2287304401397705,12.5,167.20736694335938,1.299338936805725
ODP,120,748,A,-58.441,78.9981,1287.5,None,FALSE,FALSE,FALSE,FALSE,FALSE,211.8125,-1.20361991,0.2498379796743393,10,190.44271850585935,2.480262517929077
ODP,120,748,B,-58.441,78.9981,1290.9,None,FALSE,FALSE,FALSE,FALSE,TRUE,211.8125,-1.20361991,0.2498379796743393,10,190.44271850585935,2.480262517929077
ODP,120,749,A,-58.717,76.4075,1071.5,None,FALSE,FALSE,FALSE,FALSE,FALSE,216.25,-1.20361991,0.2438227534294128,10,184.1927947998047,1.8233637809753416
ODP,120,749,B,-58.717,76.4075,1069.5,None,FALSE,FALSE,FALSE,FALSE,FALSE,216.25,-1.20361991,0.2438227534294128,10,184.1927947998047,1.8233637809753416
ODP,120,750,A,-57.592,81.2403,2030.5,None,FALSE,FALSE,FALSE,FALSE,TRUE,216.875,-1.20361991,0.2657415568828583,3.3333333333333335,201.67784118652344,1.258247971534729
ODP,120,750,B,-57.592,81.2395,2030.5,None,FALSE,FALSE,FALSE,FALSE,TRUE,216.875,-1.20361991,0.2657415568828583,3.3333333333333335,201.67784118652344,1.258247971534729
ODP,120,751,A,-57.726,79.8148,1633.8,None,FALSE,FALSE,FALSE,FALSE,FALSE,212.3125,-1.20361991,0.2298645675182342,,180.95082092285156,1.8668392896652224
ODP,121,752,A,-30.891,93.578,1086.3,None,FALSE,FALSE,FALSE,FALSE,FALSE,172.125,-21.375,0.2855010330677032,88.42666666666666,223.27687072753903,1.300908088684082
ODP,121,752,B,-30.891,93.5775,1086.3,None,FALSE,FALSE,FALSE,FALSE,TRUE,172.125,-21.375,0.2855010330677032,88.42666666666666,223.27687072753903,1.300908088684082
ODP,121,753,A,-30.839,93.5899,1176.1,None,FALSE,FALSE,FALSE,FALSE,FALSE,172.125,-21.375,0.282473087,88.42666666666666,223.27687072753903,1.300908088684082
ODP,121,754,A,-30.941,93.5665,1063.6,None,FALSE,FALSE,FALSE,FALSE,FALSE,172.125,-21.375,0.2855010330677032,88.42666666666666,223.27687072753903,1.259537696838379
ODP,121,755,A,-31.03,93.5467,1057.9,None,FALSE,FALSE,FALSE,FALSE,FALSE,180.5625,-21.375,0.2892267405986786,85.99333333333334,268.3509216308594,1.2162423133850098
ODP,121,756,A,-27.3555,87.5968,1518.1,None,FALSE,FALSE,FALSE,FALSE,FALSE,177.3125,-21.375,0.4996978342533111,85.08666666666666,146.46055603027344,0.5451115965843201
ODP,121,756,B,-27.3555,87.5968,1518.1,None,FALSE,FALSE,FALSE,FALSE,FALSE,177.3125,-21.375,0.4996978342533111,85.08666666666666,146.46055603027344,0.5451115965843201
ODP,121,756,C,-27.35421667,87.5982,1515.8,None,FALSE,FALSE,FALSE,FALSE,FALSE,177.3125,-21.375,0.4996978342533111,85.08666666666666,146.46055603027344,0.5451115965843201
ODP,121,756,D,-27.3548,87.5974,1513.1,None,FALSE,FALSE,FALSE,FALSE,FALSE,177.3125,-21.375,0.4996978342533111,85.08666666666666,146.46055603027344,0.5451115965843201
ODP,121,757,A,-17.0243,88.1816,1650.2,None,FALSE,FALSE,FALSE,FALSE,FALSE,186.0625,-21.375,0.5052831768989563,24.865,167.96849060058594,1.8978424072265625
ODP,121,757,B,-17.0243,88.1816,1652.1,None,FALSE,FALSE,FALSE,FALSE,FALSE,186.0625,-21.375,0.5052831768989563,24.865,167.96849060058594,1.8978424072265625
ODP,121,757,C,-17.02315,88.1802,1643.6,None,FALSE,FALSE,FALSE,FALSE,FALSE,186.0625,-21.375,0.5052831768989563,24.865,167.96849060058594,1.8978424072265625
ODP,121,758,A,5.3842,90.3612,2923.6,Deep (>40 cm),FALSE,TRUE,TRUE,FALSE,FALSE,177.75,3.7307692307692335,0.4790394008159637,81.415,374.0221252441406,0.5414674878120422
ODP,121,758,B,5.38395,90.3612,2925.6,None,FALSE,FALSE,TRUE,FALSE,FALSE,177.75,3.7307692307692335,0.4790394008159637,81.415,374.0221252441406,0.5414674878120422
ODP,121,758,C,5.384,90.3611,2922.2,Deep (>40 cm),FALSE,FALSE,FALSE,FALSE,FALSE,177.75,3.7307692307692335,0.4790394008159637,81.415,374.0221252441406,0.5414674878120422
ODP,122,760,A,-16.922,115.5413,1969.7,None,FALSE,FALSE,FALSE,FALSE,FALSE,188.25,-21.375,0.4235597252845764,30.485,191.8115234,0.8258801698684692
ODP,122,761,A,-16.738,115.535,2188.8,Deep (>40 cm),FALSE,FALSE,TRUE,FALSE,FALSE,188.25,-21.375,0.462597907,30.485,191.8115234,0.8009851574897766
ODP,122,761,B,-16.737,115.535,2167.9,None,FALSE,FALSE,TRUE,FALSE,FALSE,188.25,-21.375,0.462597907,30.485,191.8115234,0.8009851574897766
ODP,122,762,A,-19.887,112.2543,1359.9,None,FALSE,FALSE,FALSE,FALSE,FALSE,173.9375,-21.375,0.6990582942962646,66.77333333333333,206.8944396972656,0.7947250008583069
ODP,122,762,B,-19.887,112.254,1360,Shallow (<40 cm),FALSE,FALSE,FALSE,FALSE,FALSE,173.9375,-21.375,0.6990582942962646,66.77333333333333,206.8944396972656,0.7947250008583069
ODP,122,763,A,-20.587,112.2083,1367.5,Shallow (<40 cm),FALSE,FALSE,FALSE,FALSE,FALSE,169.6875,-2,0.8597827553749084,71.74,217.6128845214844,1.5426567792892456
ODP,122,764,A,-16.566,115.4572,2698.6,None,FALSE,FALSE,FALSE,FALSE,FALSE,188.25,-21.375,0.4948715567588806,30.485,191.8115234,0.7689348459243774
ODP,123,765,A,-15.976,117.5752,5721.4,None,FALSE,FALSE,FALSE,FALSE,FALSE,,3.7307692307692335,0.770394504,0,196.16403198242188,0.6084741950035095
ODP,123,765,B,-15.976,117.5752,5717.7,None,FALSE,FALSE,FALSE,FALSE,FALSE,,3.7307692307692335,0.770394504,0,196.16403198242188,0.6084741950035095
ODP,123,766,A,-19.932,110.4541,3997.5,None,FALSE,FALSE,FALSE,FALSE,FALSE,185.1875,-21.375,0.7452833652496338,55.045,207.26431274414065,0.7015311121940613
ODP,124,767,A,4.7911,123.5034,4905.6,Deep (>40 cm),FALSE,FALSE,FALSE,FALSE,FALSE,,7.75,1.4137693643569946,2.9775,260.9431152,4.670523166656494
ODP,124,767,B,4.7915,123.5033,4905.3,Deep (>40 cm),FALSE,FALSE,TRUE,FALSE,FALSE,,7.75,1.4137693643569946,2.9775,260.9431152,4.670523166656494
ODP,124,768,A,8,121.2193,4384.4,Deep (>40 cm),FALSE,FALSE,TRUE,FALSE,FALSE,,,1.4882811307907104,34.97,314.70623779296875,7.176958084106445
ODP,124,768,B,8,121.2198,4384.4,None,FALSE,FALSE,FALSE,TRUE,FALSE,,,1.4882811307907104,34.97,314.70623779296875,7.176958084106445
ODP,124,769,A,8.7856,121.2942,3644.8,Deep (>40 cm),FALSE,FALSE,FALSE,TRUE,FALSE,,7.75,1.2268462181091309,34.97,309.43621826171875,6.363092422485352
ODP,124,769,B,8.7853,121.2946,3643.6,Deep (>40 cm),FALSE,FALSE,FALSE,FALSE,FALSE,,7.75,1.2268462181091309,34.97,309.43621826171875,6.363092422485352
ODP,124,770,A,5.145,123.6706,4506.7,Deep (>40 cm),FALSE,FALSE,FALSE,FALSE,FALSE,,7.75,1.2550885677337646,11.49,312.12152099609375,5.223386764526367
ODP,124,770,B,5.1448,123.6683,4504.9,Shallow (<40 cm),FALSE,FALSE,TRUE,FALSE,FALSE,,7.75,1.2550885677337646,11.49,312.12152099609375,5.223386764526367
ODP,124,772,A,16.6523,119.7022,1529.5,Shallow (<40 cm),FALSE,FALSE,FALSE,FALSE,FALSE,142.5,7.75,1.9081202745437624,,272.9855957,7.382246971130371
ODP,124,775,A,19.8512,121.7157,495.5,None,FALSE,FALSE,FALSE,FALSE,TRUE,141.4166717529297,-2.25,1.157819151878357,33,282.8520202636719,2.104482650756836
ODP,124,777,B,17.6978,148.6881,5800,None,FALSE,FALSE,FALSE,TRUE,FALSE,173.6875,-4.755417957,0.3344968259334564,0.2425,147.77940368652344,0.1389504075050354
ODP,124,777,D,17.6978,148.6881,5800,None,FALSE,FALSE,FALSE,FALSE,TRUE,173.6875,-4.755417957,0.3344968259334564,0.2425,147.77940368652344,0.1389504075050354
ODP,125,778,A,19.499,146.666,3913.7,None,FALSE,FALSE,FALSE,FALSE,FALSE,167.875,-4.755417957,0.6174583435058594,28.17,138.5398712158203,0.1281643211841583
ODP,125,779,A,19.5125,146.696,3947.2,None,FALSE,FALSE,FALSE,FALSE,TRUE,167.875,-4.755417957,0.6174583435058594,28.17,138.5398712158203,0.1259002834558487
ODP,125,779,B,19.5125,146.696,3947.2,None,FALSE,FALSE,FALSE,FALSE,FALSE,167.875,-4.755417957,0.6174583435058594,28.17,138.5398712158203,0.1259002834558487
ODP,125,780,A,19.5418,146.655,3086.8,None,FALSE,FALSE,FALSE,FALSE,FALSE,167.875,-4.755417957,0.6106150150299072,28.17,138.5398712158203,0.1259002834558487
ODP,125,780,B,19.5412,146.6537,3094,None,FALSE,FALSE,FALSE,FALSE,FALSE,167.875,-4.755417957,0.6174583435058594,28.17,138.5398712158203,0.1259002834558487
ODP,125,780,C,19.5422,146.6535,3083.4,None,FALSE,FALSE,FALSE,FALSE,TRUE,167.875,-4.755417957,0.6106150150299072,28.17,138.5398712158203,0.1259002834558487
ODP,125,780,D,19.5425,146.6533,3088.9,None,FALSE,FALSE,FALSE,FALSE,TRUE,167.875,-4.755417957,0.6106150150299072,28.17,138.5398712158203,0.1259002834558487
ODP,125,781,A,19.6318,146.5427,4431.7,None,FALSE,FALSE,FALSE,FALSE,FALSE,167.875,-4.755417957,0.6153303384780884,28.17,138.5398712158203,0.1253080368041992
ODP,125,782,A,30.861,141.3142,2958.9,None,FALSE,FALSE,FALSE,FALSE,FALSE,156,-4.755417957,0.7442049384117126,10.9675,214.7204437255859,0.5583992600440979
ODP,125,782,B,30.86,141.314,2965.9,None,FALSE,FALSE,FALSE,FALSE,TRUE,156,-4.755417957,0.7442049384117126,10.9675,214.7204437255859,0.5583992600440979
ODP,125,783,A,30.9643,141.788,4648.8,None,FALSE,FALSE,FALSE,FALSE,FALSE,156,-4.755417957,0.6952185034751892,10.9675,214.7204437255859,0.4928125143051147
ODP,125,784,A,30.908,141.738,4900.8,None,FALSE,FALSE,FALSE,FALSE,TRUE,156,-4.755417957,0.6884326934814453,10.9675,214.7204437255859,0.4928125143051147
ODP,125,785,A,30.8245,140.92,2660.8,None,FALSE,FALSE,FALSE,FALSE,TRUE,152.3125,-4.755417957,0.7952921986579895,25.97,223.46060180664065,0.6136656999588013
ODP,126,787,A,32.3757,140.7494,3254.5,None,FALSE,FALSE,FALSE,FALSE,TRUE,146,-4.755417957,0.6813039183616638,43.0625,311.5781555175781,0.8118584156036377
ODP,126,787,B,32.3757,140.7494,3258.9,None,FALSE,FALSE,FALSE,FALSE,TRUE,146,-4.755417957,0.6813039183616638,43.0625,311.5781555175781,0.8118584156036377
ODP,126,789,A,30.9201,139.9975,1118,None,FALSE,FALSE,FALSE,FALSE,TRUE,150.5,-2.25,0.8959316611289978,28.09,227.9582061767578,
ODP,126,790,A,30.9154,139.8439,2222.2,None,FALSE,FALSE,FALSE,FALSE,FALSE,150.5,-2.25,0.9187003374099731,28.09,227.9582061767578,
ODP,126,790,B,30.9161,139.8443,2223.5,Shallow (<40 cm),FALSE,FALSE,FALSE,FALSE,FALSE,150.5,-2.25,0.9187003374099731,28.09,227.9582061767578,
ODP,126,792,A,32.3998,140.3807,1787.3,None,FALSE,FALSE,FALSE,FALSE,FALSE,146,-2.25,0.7033746242523193,43.0625,311.5781555175781,0.8760256767272949
ODP,126,792,B,32.3998,140.3807,1787.7,None,FALSE,FALSE,FALSE,FALSE,FALSE,146,-2.25,0.7033746242523193,43.0625,311.5781555175781,0.8760256767272949
ODP,126,793,A,31.1057,140.8882,2964.8,None,FALSE,FALSE,FALSE,FALSE,TRUE,149.75,-4.755417957,0.8035545945167542,33.4675,251.31207275390625,0.6207284927368164
ODP,127,794,A,40.19,138.231,2811,Deep (>40 cm),FALSE,TRUE,TRUE,FALSE,FALSE,,-2.25,0.6996826529502869,0,622.7164306640625,6.645212173461914
ODP,127,795,A,43.987,138.967,3300.2,None,FALSE,FALSE,TRUE,TRUE,FALSE,,-2.25,0.7749508023262024,,687.5730590820312,5.102751255
ODP,127,796,A,42.849,139.411,2570.6,None,FALSE,FALSE,FALSE,FALSE,FALSE,,-2.25,0.8681780099868774,0,667.0504150390625,7.125253677368164
ODP,127,796,B,42.849,139.414,2622.6,None,FALSE,FALSE,FALSE,FALSE,FALSE,,-2.25,0.8681780099868774,0,667.0504150390625,7.125253677368164
ODP,127,797,B,38.616,134.536,2862.2,None,FALSE,FALSE,TRUE,FALSE,FALSE,,-2.25,0.656646192,6.406666666666666,629.8303833007812,
ODP,128,798,A,37.0383,134.7998,903.1,None,FALSE,FALSE,FALSE,FALSE,FALSE,,-2.25,1.0147109031677246,6.763333333333333,611.3804931640625,
ODP,128,798,B,37.0385,134.7996,900,None,FALSE,FALSE,FALSE,FALSE,FALSE,,-2.25,1.0147109031677246,6.763333333333333,611.3804931640625,
ODP,128,798,C,37.0385,134.7997,900.1,None,FALSE,FALSE,FALSE,FALSE,FALSE,,-2.25,1.0147109031677246,6.763333333333333,611.3804931640625,
ODP,128,799,A,39.2205,133.8669,2073,Shallow (<40 cm),FALSE,FALSE,FALSE,FALSE,FALSE,,-2.25,0.539526105,7.1225000000000005,711.2227783203125,
ODP,129,800,A,21.923,152.3229,5686,None,FALSE,FALSE,FALSE,FALSE,TRUE,176.0625,-4.755417957,0.3388212621212005,0.34,125.3403778076172,0.125825822
ODP,130,803,A,2.433,160.54,3409.7,None,FALSE,FALSE,FALSE,FALSE,FALSE,173.6875,-8.132867133,0.8866083025932312,79.345,188.08230590820312,0.706023097
ODP,130,803,B,2.433,160.54,3410.4,None,FALSE,FALSE,FALSE,FALSE,FALSE,173.6875,-8.132867133,0.8866083025932312,79.345,188.08230590820312,0.706023097
ODP,130,803,D,2.433,160.541,3412.2,None,FALSE,FALSE,FALSE,FALSE,FALSE,173.6875,-8.132867133,0.8866083025932312,79.345,188.08230590820312,0.706023097
ODP,130,804,A,0.937,161.65,3861.7,None,FALSE,FALSE,FALSE,FALSE,FALSE,170.5,-8.132867133,0.9541884660720824,72.7975,242.4806671142578,0.4776825308799743
ODP,130,804,B,0.937,161.65,3860.7,None,FALSE,FALSE,FALSE,FALSE,FALSE,170.5,-8.132867133,0.9541884660720824,72.7975,242.4806671142578,0.4776825308799743
ODP,130,804,C,0.937,161.65,3861.1,None,FALSE,FALSE,FALSE,FALSE,FALSE,170.5,-8.132867133,0.9541884660720824,72.7975,242.4806671142578,0.4776825308799743
ODP,130,805,A,1.228,160.528,3188.5,None,FALSE,FALSE,FALSE,FALSE,FALSE,171.3125,-8.132867133,0.8767493367195129,79.44749999999999,210.97174072265625,0.9026639461517334
ODP,130,805,B,1.228,160.528,3186.8,None,FALSE,FALSE,FALSE,FALSE,FALSE,171.3125,-8.132867133,0.8767493367195129,79.44749999999999,210.97174072265625,0.9026639461517334
ODP,130,805,C,1.2282,160.5295,3187.7,None,FALSE,FALSE,FALSE,TRUE,FALSE,171.3125,-8.132867133,0.8767493367195129,79.44749999999999,210.97174072265625,0.9026639461517334
ODP,130,806,A,0.319,159.361,2520.7,Shallow (<40 cm),FALSE,FALSE,FALSE,TRUE,FALSE,165.125,-8.132867133,0.7139159440994263,80.75999999999999,233.9235992431641,1.314218044281006
ODP,130,806,B,0.3185,159.361,2519.9,Deep (>40 cm),FALSE,FALSE,FALSE,FALSE,FALSE,165.125,-8.132867133,0.7139159440994263,80.75999999999999,233.9235992431641,1.314218044281006
ODP,130,806,C,0.3185,159.361,2520.8,Deep (>40 cm),FALSE,FALSE,TRUE,FALSE,FALSE,165.125,-8.132867133,0.7139159440994263,80.75999999999999,233.9235992431641,1.314218044281006
ODP,130,807,A,3.607,156.625,2803.8,None,FALSE,FALSE,FALSE,FALSE,FALSE,164.8125,-8.132867133,0.8035563230514526,79.29249999999999,180.7223663330078,0.7050756216049194
ODP,130,807,B,3.607,156.625,2806.1,None,FALSE,FALSE,FALSE,FALSE,FALSE,164.8125,-8.132867133,0.8035563230514526,79.29249999999999,180.7223663330078,0.7050756216049194
ODP,131,808,A,32.352,134.9444,4676,Shallow (<40 cm),FALSE,FALSE,FALSE,FALSE,FALSE,157.86666870117188,-4.755417957,1.338948369026184,25.307499999999997,327.8067321777344,5.517840862
ODP,132,810,A,32.423,157.846,2621.9,Shallow (<40 cm),FALSE,FALSE,FALSE,FALSE,FALSE,174.25,-4.755417957,1.408449649810791,41.89,281.23883056640625,0.5598989725112915
ODP,132,810,C,32.423,157.846,2623,Shallow (<40 cm),FALSE,FALSE,FALSE,FALSE,FALSE,174.25,-4.755417957,1.408449649810791,41.89,281.23883056640625,0.5598989725112915
ODP,133,811,A,-16.51628333,148.15726666666666,937.1,None,FALSE,FALSE,FALSE,FALSE,FALSE,182.75,,0.4477068483829498,,192.3586578369141,
ODP,133,811,C,-16.5157,148.15751666666668,936.8,None,FALSE,FALSE,FALSE,FALSE,FALSE,182.75,,0.4477068483829498,,192.3586578369141,
ODP,133,812,A,-17.81401667,149.60521666666668,461.6,None,FALSE,FALSE,FALSE,FALSE,FALSE,185.1875,,0.4079141616821289,,197.7067871,
ODP,133,812,B,-17.81403333,149.6051,461.6,None,FALSE,FALSE,FALSE,FALSE,TRUE,185.1875,,0.4079141616821289,,197.7067871,
ODP,133,812,C,-17.81403333,149.60551666666666,461.9,None,FALSE,FALSE,FALSE,FALSE,FALSE,185.1875,,0.4079141616821289,,197.7067871,
ODP,133,813,A,-17.83265,149.4944833333333,539.1,None,FALSE,FALSE,FALSE,FALSE,FALSE,185.1875,,0.4000007808208465,,197.7067871,
ODP,133,813,B,-17.83251667,149.49455,538.9,Shallow (<40 cm),FALSE,TRUE,FALSE,FALSE,FALSE,185.1875,,0.4000007808208465,,197.7067871,
ODP,133,814,A,-17.83308333,149.51385,520.4,None,FALSE,FALSE,FALSE,FALSE,FALSE,185.1875,,0.4000007808208465,,197.7067871,
ODP,133,815,A,-19.15056667,149.9918,465.5,None,FALSE,FALSE,FALSE,FALSE,FALSE,189,,0.5419209003448486,,492.6836242675781,
ODP,133,815,B,-19.15056667,149.9921,465.9,None,FALSE,FALSE,FALSE,FALSE,FALSE,189,,0.5419209003448486,,492.6836242675781,
ODP,133,816,A,-19.19873333,150.0101,437.8,None,FALSE,FALSE,FALSE,FALSE,FALSE,188.25,,0.5419209003448486,,360.5954895019531,
ODP,133,816,C,-19.19851667,150.0101,437.8,None,FALSE,FALSE,FALSE,FALSE,TRUE,188.25,,0.5419209003448486,,360.5954895019531,
ODP,133,817,A,-18.15826667,149.75821666666667,1016.6,Shallow (<40 cm),FALSE,FALSE,FALSE,FALSE,FALSE,186.875,,0.4117665886878967,,203.5793609619141,
ODP,133,817,B,-18.15811667,149.75841666666668,1015.7,None,FALSE,FALSE,FALSE,FALSE,FALSE,186.875,,0.4117665886878967,,203.5793609619141,
ODP,133,818,B,-18.06278333,150.04221666666666,744.8,None,FALSE,FALSE,FALSE,FALSE,FALSE,186.5,,0.4452442526817322,,176.36431884765625,
ODP,133,819,A,-16.62398333,146.32476666666668,565.2,None,FALSE,FALSE,FALSE,FALSE,FALSE,181.0625,,0.7906755805015564,,460.7110290527344,
ODP,133,820,A,-16.63701667,146.30381666666668,278,None,FALSE,FALSE,FALSE,FALSE,FALSE,181.0625,,0.7948832511901855,,460.7110290527344,
ODP,133,820,B,-16.63698333,146.30363333333332,279,None,FALSE,FALSE,FALSE,FALSE,FALSE,181.0625,,0.7948832511901855,,460.7110290527344,
ODP,133,821,A,-16.64655,146.2896,212.7,None,FALSE,FALSE,FALSE,FALSE,FALSE,181.0625,,0.80496639,,460.7110290527344,
ODP,133,821,B,-16.64656667,146.2894333333333,211.6,None,FALSE,FALSE,FALSE,FALSE,FALSE,181.0625,,0.80496639,,460.7110290527344,
ODP,133,822,A,-16.42298333,146.21506666666667,955.2,Shallow (<40 cm),FALSE,FALSE,FALSE,FALSE,FALSE,181.0625,,0.7842531800270081,,460.7110290527344,
ODP,133,823,A,-16.61635,146.78395,1638.4,Deep (>40 cm),FALSE,TRUE,TRUE,TRUE,FALSE,181.0625,,0.718532145,,460.7110290527344,
ODP,133,823,B,-16.61636667,146.78423333333333,1637.9,Deep (>40 cm),FALSE,TRUE,FALSE,TRUE,FALSE,181.0625,,0.718532145,,460.7110290527344,
ODP,133,824,B,-16.44505,147.762,1001.9,None,FALSE,FALSE,FALSE,FALSE,FALSE,181.5,,0.4871767461299896,,205.37014770507812,
ODP,133,825,A,-16.5158,148.15761666666666,939.4,None,FALSE,FALSE,FALSE,FALSE,FALSE,182.75,,0.4477068483829498,,192.3586578369141,
ODP,133,825,B,-16.51601667,148.15761666666666,939.3,None,FALSE,FALSE,FALSE,FALSE,TRUE,182.75,,0.4477068483829498,,192.3586578369141,
ODP,133,826,A,-19.2255,150.00995,425.3,None,FALSE,FALSE,FALSE,FALSE,FALSE,188.25,,0.5576446652412415,,360.5954895019531,
ODP,134,827,A,-15.295,166.3519,2803.4,None,FALSE,FALSE,FALSE,FALSE,FALSE,146.3125,7.75,0.6987635493278503,28.799999999999997,237.99497985839844,0.398614764
ODP,134,828,A,-15.288,166.284,3086.7,Shallow (<40 cm),FALSE,FALSE,FALSE,TRUE,FALSE,146.3125,7.75,0.6976575255393982,28.799999999999997,237.99497985839844,0.398614764
ODP,134,829,A,-15.315,166.345,2905.2,None,FALSE,FALSE,FALSE,FALSE,FALSE,146.3125,7.75,0.6987635493278503,28.799999999999997,237.99497985839844,0.3836981654167175
ODP,134,829,B,-15.315,166.345,2909,Shallow (<40 cm),FALSE,FALSE,FALSE,FALSE,FALSE,146.3125,7.75,0.6987635493278503,28.799999999999997,237.99497985839844,0.3836981654167175
ODP,134,829,C,-15.315,166.345,2910.7,Shallow (<40 cm),FALSE,FALSE,FALSE,FALSE,FALSE,146.3125,7.75,0.6987635493278503,28.799999999999997,237.99497985839844,0.3836981654167175
ODP,134,830,A,-15.95,166.78,1018.4,Deep (>40 cm),FALSE,FALSE,TRUE,FALSE,FALSE,146.3125,7.75,0.7065398693084717,28.799999999999997,237.99497985839844,0.337619811
ODP,134,831,A,-16.009,166.672,1066.4,None,FALSE,FALSE,FALSE,FALSE,FALSE,147.875,7.75,0.6798071265220642,32.7625,259.25506591796875,0.3176146447658539
ODP,134,831,B,-16.009,166.673,1066.4,None,FALSE,FALSE,FALSE,FALSE,TRUE,147.875,7.75,0.6798071265220642,32.7625,259.25506591796875,0.3176146447658539
ODP,134,832,A,-14.796,167.573,3089.3,Shallow (<40 cm),FALSE,FALSE,FALSE,TRUE,FALSE,145.1875,7.75,0.867198646,48.995,205.73011779785156,1.138552427
ODP,134,833,A,-14.876,167.88,2628.5,Deep (>40 cm),FALSE,FALSE,TRUE,FALSE,FALSE,145.1875,7.75,0.8571319580078125,48.995,205.73011779785156,1.0780338048934937
ODP,135,834,A,-18.5676,-177.8623,2692.3,None,FALSE,FALSE,FALSE,FALSE,FALSE,203.5,-13.6375,0.8241537809371948,47.4225,222.0461578369141,2.5029385089874268
ODP,135,834,B,-18.5675,-177.8623,2688.4,None,FALSE,FALSE,FALSE,FALSE,FALSE,203.5,-13.6375,0.8241537809371948,47.4225,222.0461578369141,2.5029385089874268
ODP,135,835,A,-18.50101667,-177.3027,2905.7,None,FALSE,FALSE,FALSE,FALSE,FALSE,203.5,-13.6375,0.839484453,47.4225,222.0461578369141,2.931854724884033
ODP,135,835,B,-18.50083333,-177.3032,2905.6,None,FALSE,FALSE,FALSE,FALSE,TRUE,203.5,-13.6375,0.839484453,47.4225,222.0461578369141,2.931854724884033
ODP,135,836,A,-20.14156667,-176.5001333,2455.4,None,FALSE,FALSE,FALSE,FALSE,FALSE,203.75,-13.6375,0.8922091722488403,26.675,248.4109039306641,6.5569047927856445
ODP,135,836,B,-20.14175,-176.5001833,2457.7,None,FALSE,FALSE,FALSE,FALSE,FALSE,203.75,-13.6375,0.8922091722488403,26.675,248.4109039306641,6.5569047927856445
ODP,135,837,A,-20.22178333,-176.8226833,2752.5,None,FALSE,FALSE,FALSE,FALSE,FALSE,203.75,-13.6375,0.8640680313110352,26.675,248.4109039306641,6.560012340545654
ODP,135,837,B,-20.22198333,-176.8227,2753,None,FALSE,FALSE,FALSE,FALSE,FALSE,203.75,-13.6375,0.8640680313110352,26.675,248.4109039306641,6.560012340545654
ODP,135,838,A,-20.82696667,-176.8900333,2322.8,None,FALSE,FALSE,FALSE,FALSE,FALSE,203.75,-13.6375,0.8751908540725708,26.675,248.4109039306641,8.951881408691406
ODP,135,838,B,-20.82715,-176.8900333,2322.7,None,FALSE,FALSE,FALSE,FALSE,TRUE,203.75,-13.6375,0.8751908540725708,26.675,248.4109039306641,8.951881408691406
ODP,135,839,A,-20.69218333,-176.7748667,2617.4,None,FALSE,FALSE,FALSE,FALSE,FALSE,203.75,-13.6375,0.8732059001922607,26.675,248.4109039306641,8.514405250549316
ODP,135,839,B,-20.70898333,-176.7750167,2617.3,None,FALSE,FALSE,FALSE,FALSE,TRUE,203.75,-13.6375,0.8778975009918213,26.675,248.4109039306641,8.884071350097656
ODP,135,840,A,-22.22081667,-175.7486,743.3,None,FALSE,FALSE,FALSE,FALSE,FALSE,205.125,-13.6375,0.9345871806144714,48.405,244.40188598632812,12.90652847290039
ODP,135,840,B,-22.22098333,-175.7486333,743.3,None,FALSE,FALSE,FALSE,FALSE,TRUE,205.125,-13.6375,0.9345871806144714,48.405,244.40188598632812,12.90652847290039
ODP,135,841,A,-23.34576667,-175.29785,4809.8,None,FALSE,FALSE,FALSE,FALSE,FALSE,204.9375,-13.6375,0.671839178,30.935,225.5266265869141,0.2727310359477997
ODP,135,841,B,-23.34568333,-175.2978667,4809.8,None,FALSE,FALSE,FALSE,FALSE,TRUE,204.9375,-13.6375,0.671839178,30.935,225.5266265869141,0.2727310359477997
ODP,136,842,A,19.336,-159.088,4430.2,None,FALSE,FALSE,FALSE,FALSE,FALSE,146.1875,-29.5,1.2544207572937012,1.025,197.5419158935547,0.2037376761436462
ODP,136,842,B,19.336,-159.088,4430.4,None,FALSE,FALSE,FALSE,FALSE,FALSE,146.1875,-29.5,1.2544207572937012,1.025,197.5419158935547,0.2037376761436462
ODP,136,843,A,19.342,-159.095,4411.6,None,FALSE,FALSE,FALSE,FALSE,FALSE,146.1875,-29.5,1.2544207572937012,1.025,197.5419158935547,0.2037376761436462
ODP,136,843,C,19.342,-159.095,4404.4,None,FALSE,FALSE,FALSE,FALSE,FALSE,146.1875,-29.5,1.2544207572937012,1.025,197.5419158935547,0.2037376761436462
ODP,138,844,A,7.921316666666667,-90.48076667,3414.5,None,FALSE,FALSE,FALSE,FALSE,FALSE,117.75,-7.725,1.2951921224594116,1.005,637.2797852,1.773433804512024
ODP,138,844,B,7.921316666666667,-90.48076667,3414.5,None,FALSE,FALSE,TRUE,FALSE,FALSE,117.75,-7.725,1.2951921224594116,1.005,637.2797852,1.773433804512024
ODP,138,844,C,7.921316666666667,-90.48076667,3414.5,Shallow (<40 cm),FALSE,FALSE,TRUE,FALSE,FALSE,117.75,-7.725,1.2951921224594116,1.005,637.2797852,1.773433804512024
ODP,138,845,A,9.5825,-94.5908,3704.2,None,FALSE,FALSE,FALSE,FALSE,FALSE,121.375,-7.725,0.8408901691436768,1.91,756.5333251953125,1.6108331680297852
ODP,138,846,A,-3.094933333,-90.81796667,3295.6,None,FALSE,FALSE,FALSE,FALSE,FALSE,138.125,-8.9375,2.0223512649536133,58.872499999999995,505.2977294921875,2.6141912937164307
ODP,138,846,B,-3.094933333,-90.81796667,3295.8,None,FALSE,FALSE,FALSE,FALSE,FALSE,138.125,-8.9375,2.0223512649536133,58.872499999999995,505.2977294921875,2.6141912937164307
ODP,138,847,A,0.1932166666666666,-95.32045,3334.3,None,FALSE,FALSE,FALSE,FALSE,FALSE,135,-8.9375,1.753225326538086,63.529999999999994,662.0830688476562,3.326027154922486
ODP,138,847,B,0.1932166666666666,-95.32045,3334.3,None,FALSE,FALSE,FALSE,FALSE,FALSE,135,-8.9375,1.753225326538086,63.529999999999994,662.0830688476562,3.326027154922486
ODP,138,847,D,0.19295,-95.31991667,3335.2,None,FALSE,FALSE,FALSE,FALSE,FALSE,135,-8.9375,1.753225326538086,63.529999999999994,662.0830688476562,3.326027154922486
ODP,138,848,A,-2.9939,-110.47985,3853.4,None,FALSE,FALSE,FALSE,FALSE,FALSE,157.125,-8.9375,1.6262640953063965,61.6175,415.005127,1.9264219999313352
ODP,138,848,B,-2.9939,-110.47985,3855.6,None,FALSE,FALSE,FALSE,FALSE,FALSE,157.125,-8.9375,1.6262640953063965,61.6175,415.005127,1.9264219999313352
ODP,138,848,C,-2.994183333,-110.4800833,3855.3,None,FALSE,FALSE,FALSE,FALSE,FALSE,157.125,-8.9375,1.6262640953063965,61.6175,415.005127,1.9264219999313352
ODP,138,848,D,-2.994333333,-110.4801333,3854.4,None,FALSE,FALSE,FALSE,FALSE,FALSE,157.125,-8.9375,1.6262640953063965,61.6175,415.005127,1.9264219999313352
ODP,138,849,A,0.18305,-110.5197167,3837.1,None,FALSE,FALSE,FALSE,FALSE,FALSE,152.625,-8.9375,1.6085567474365234,67.69749999999999,612.4656982421875,3.934932231903076
ODP,138,849,B,0.18305,-110.5197167,3839.1,None,FALSE,FALSE,FALSE,FALSE,FALSE,152.625,-8.9375,1.6085567474365234,67.69749999999999,612.4656982421875,3.934932231903076
ODP,138,850,A,1.2972833333333331,-110.5213833,3786.1,None,FALSE,FALSE,FALSE,FALSE,FALSE,150.5625,-8.9375,1.5795024633407593,68.47500000000001,561.5793457,4.0609540939331055
ODP,138,851,A,2.770383333333333,-110.5718,3761.3,None,FALSE,FALSE,FALSE,FALSE,FALSE,148.4375,-8.9375,1.5473378896713257,68.7,500.4606934,3.179551362991333
ODP,138,851,B,2.770383333333333,-110.5718,3760.3,None,FALSE,FALSE,FALSE,FALSE,FALSE,148.4375,-8.9375,1.5473378896713257,68.7,500.4606934,3.179551362991333
ODP,138,851,D,2.7702333333333335,-110.5715667,3759.3,None,FALSE,FALSE,TRUE,FALSE,FALSE,148.4375,-8.9375,1.5473378896713257,68.7,500.4606934,3.179551362991333
ODP,138,851,E,2.7702166666666668,-110.5714833,3760.3,None,FALSE,FALSE,FALSE,FALSE,FALSE,148.4375,-8.9375,1.5473378896713257,68.7,500.4606934,3.179551362991333
ODP,138,852,A,5.292766666666667,-110.0763167,3861,None,FALSE,FALSE,FALSE,FALSE,FALSE,141.9375,-7.725,1.4925940036773682,60.24,396.4998779296875,1.5045474767684937
ODP,138,852,B,5.292766666666667,-110.0763167,3859.9,None,FALSE,FALSE,FALSE,FALSE,FALSE,141.9375,-7.725,1.4925940036773682,60.24,396.4998779296875,1.5045474767684937
ODP,138,852,C,5.292516666666667,-110.0760333,3859.8,None,FALSE,FALSE,FALSE,FALSE,FALSE,141.9375,-7.725,1.4925940036773682,60.24,396.4998779296875,1.5045474767684937
ODP,138,853,A,7.211016666666667,-109.7514,3714.3,None,FALSE,FALSE,FALSE,FALSE,FALSE,136.5,-7.725,1.5611555576324463,49.379999999999995,317.58135986328125,1.1824052333831787
ODP,138,853,B,7.211016666666667,-109.7514,3715.5,None,FALSE,FALSE,FALSE,FALSE,FALSE,136.5,-7.725,1.5611555576324463,49.379999999999995,317.58135986328125,1.1824052333831787
ODP,138,853,C,7.210833333333333,-109.7513,3714.8,None,FALSE,FALSE,FALSE,FALSE,FALSE,136.5,-7.725,1.5611555576324463,49.379999999999995,317.58135986328125,1.1824052333831787
ODP,138,853,D,7.21085,-109.7512333,3712.5,None,FALSE,FALSE,FALSE,FALSE,FALSE,136.5,-7.725,1.5611555576324463,49.379999999999995,317.58135986328125,1.1824052333831787
ODP,138,853,E,7.21085,-109.7512333,3713.5,None,FALSE,FALSE,FALSE,FALSE,FALSE,136.5,-7.725,1.5611555576324463,49.379999999999995,317.58135986328125,1.1824052333831787
ODP,138,854,A,11.223883333333331,-109.5942,3567.9,None,FALSE,FALSE,FALSE,FALSE,FALSE,127.4375,-7.725,2.067049741744995,32.214999999999996,306.0994873046875,0.2344072759151458
ODP,138,854,B,11.223883333333331,-109.5942,3567.4,None,FALSE,FALSE,FALSE,FALSE,FALSE,127.4375,-7.725,2.067049741744995,32.214999999999996,306.0994873046875,0.2344072759151458
ODP,138,854,C,11.22385,-109.59415,3568.2,None,FALSE,FALSE,FALSE,FALSE,FALSE,127.4375,-7.725,2.067049741744995,32.214999999999996,306.0994873046875,0.2344072759151458
ODP,139,855,A,48.44271666666667,-128.63785,2444.8,None,FALSE,FALSE,FALSE,FALSE,FALSE,87.0625,-14.77777778,1.584619402885437,16.9925,1061.3599853515625,19.080602645874023
ODP,139,855,C,48.44285,-128.6386833,2443.8,None,FALSE,FALSE,FALSE,FALSE,FALSE,87.0625,-14.77777778,1.584619402885437,16.9925,1061.3599853515625,19.080602645874023
ODP,139,856,A,48.436683333333335,-128.6806333,2395.1,None,FALSE,FALSE,FALSE,FALSE,FALSE,87.0625,-14.77777778,1.584619402885437,16.9925,1061.3599853515625,19.080602645874023
ODP,139,856,B,48.43503333333334,-128.6801833,2420,Shallow (<40 cm),FALSE,FALSE,FALSE,FALSE,FALSE,87.0625,-14.77777778,1.584619402885437,16.9925,1061.3599853515625,19.080602645874023
ODP,139,856,C,48.43403333333333,-128.6809167,2437.3,None,FALSE,FALSE,FALSE,FALSE,FALSE,87.0625,-14.77777778,1.584619402885437,16.9925,1061.3599853515625,19.080602645874023
ODP,139,856,D,48.43376666666666,-128.6809167,2438.3,None,FALSE,FALSE,FALSE,FALSE,FALSE,87.0625,-14.77777778,1.584619402885437,16.9925,1061.3599853515625,19.080602645874023
ODP,139,856,E,48.433483333333335,-128.6809167,2436.4,None,FALSE,FALSE,FALSE,FALSE,FALSE,87.0625,-14.77777778,1.584619402885437,16.9925,1061.3599853515625,19.080602645874023
ODP,139,856,F,48.43363333333333,-128.68105,2423.3,None,FALSE,FALSE,FALSE,FALSE,TRUE,87.0625,-14.77777778,1.584619402885437,16.9925,1061.3599853515625,19.080602645874023
ODP,139,856,G,48.4336,-128.6810167,2422.8,None,FALSE,FALSE,FALSE,FALSE,FALSE,87.0625,-14.77777778,1.584619402885437,16.9925,1061.3599853515625,19.080602645874023
ODP,139,856,H,48.43366666666667,-128.6809833,2423.8,None,FALSE,FALSE,FALSE,FALSE,FALSE,87.0625,-14.77777778,1.584619402885437,16.9925,1061.3599853515625,19.080602645874023
ODP,139,857,B,48.4415,-128.7234,2418.3,None,FALSE,FALSE,FALSE,FALSE,FALSE,87.0625,-14.77777778,1.5813090801239014,16.9925,1061.3599853515625,17.80323600769043
ODP,139,857,C,48.44141666666667,-128.7113667,2421.7,None,FALSE,FALSE,FALSE,FALSE,FALSE,87.0625,-14.77777778,1.5813090801239014,16.9925,1061.3599853515625,17.80323600769043
ODP,139,858,A,48.45688333333333,-128.7118,2409.1,None,FALSE,FALSE,TRUE,FALSE,FALSE,87.0625,-14.77777778,1.5813090801239014,16.9925,1061.3599853515625,17.80323600769043
ODP,139,858,B,48.4556,-128.7090833,2409.3,None,FALSE,FALSE,FALSE,TRUE,FALSE,87.0625,-14.77777778,1.5813090801239014,16.9925,1061.3599853515625,17.80323600769043
ODP,139,858,C,48.4556,-128.711,2416.9,None,FALSE,FALSE,FALSE,FALSE,FALSE,87.0625,-14.77777778,1.5813090801239014,16.9925,1061.3599853515625,17.80323600769043
ODP,139,858,D,48.45623333333333,-128.7088333,2415.1,Shallow (<40 cm),FALSE,FALSE,TRUE,TRUE,FALSE,87.0625,-14.77777778,1.5813090801239014,16.9925,1061.3599853515625,17.80323600769043
ODP,139,858,E,48.456133333333334,-128.70885,2415.1,None,FALSE,FALSE,FALSE,FALSE,TRUE,87.0625,-14.77777778,1.5813090801239014,16.9925,1061.3599853515625,17.80323600769043
ODP,139,858,F,48.45615,-128.7087833,2415.1,None,FALSE,FALSE,FALSE,FALSE,FALSE,87.0625,-14.77777778,1.5813090801239014,16.9925,1061.3599853515625,17.80323600769043
ODP,141,859,A,-45.896,-75.8528,2741.2,None,FALSE,FALSE,FALSE,FALSE,FALSE,187.0625,4.866666666666667,1.4973914623260498,74.545,1716.818359,14.855122566223145
ODP,141,860,A,-45.886,-75.7517,2147.8,None,FALSE,FALSE,FALSE,FALSE,FALSE,187.0625,4.866666666666667,1.4978902339935305,74.545,1716.818359,15.644915580749512
ODP,141,860,B,-45.886,-75.7517,2145.9,None,FALSE,FALSE,FALSE,FALSE,FALSE,187.0625,4.866666666666667,1.4978902339935305,74.545,1716.818359,15.644915580749512
ODP,141,861,A,-45.85,-75.6922,1666.2,None,FALSE,FALSE,FALSE,FALSE,FALSE,187.0625,4.866666666666667,1.5068752765655518,74.545,1716.818359,16.439346313476562
ODP,141,861,B,-45.85,-75.6922,1671.2,None,FALSE,FALSE,FALSE,FALSE,FALSE,187.0625,4.866666666666667,1.5068752765655518,74.545,1716.818359,16.439346313476562
ODP,141,861,C,-45.85,-75.6922,1662.2,None,FALSE,FALSE,FALSE,FALSE,FALSE,187.0625,4.866666666666667,1.5068752765655518,74.545,1716.818359,16.439346313476562
ODP,141,862,A,-46.508,-75.8267,1274.9,Shallow (<40 cm),FALSE,FALSE,FALSE,FALSE,FALSE,195.375,4.866666666666667,1.524865984916687,82,1660.1217041015625,17.245569229125977
ODP,141,862,B,-46.508,-75.8267,1268.6,None,FALSE,FALSE,FALSE,FALSE,TRUE,195.375,4.866666666666667,1.524865984916687,82,1660.1217041015625,17.245569229125977
ODP,141,862,C,-46.509,-75.8261,1228.6,None,FALSE,FALSE,FALSE,FALSE,TRUE,195.375,4.866666666666667,1.524865984916687,82,1660.1217041015625,17.245569229125977
ODP,141,863,A,-46.237,-75.7729,2564.2,None,FALSE,FALSE,FALSE,FALSE,FALSE,195.375,4.866666666666667,1.481757402420044,82,1660.1217041015625,16.84957504272461
ODP,142,864,A,9.5142,-104.244,2571.2,None,FALSE,FALSE,FALSE,FALSE,TRUE,117.625,-7.725,1.8029872179031372,32.8425,347.8211364746094,1.7403151988983154
ODP,142,864,B,9.5142,-104.244,2572.4,None,FALSE,FALSE,FALSE,FALSE,TRUE,117.625,-7.725,1.8029872179031372,32.8425,347.8211364746094,1.7403151988983154
ODP,143,865,A,18.4402,-179.5556,1518.4,None,FALSE,FALSE,FALSE,FALSE,FALSE,180.625,-4.755417957,0.4496414959430694,18.175,151.62307739257812,0.1154022216796875
ODP,143,865,B,18.4403,-179.5558,1516.2,None,FALSE,FALSE,FALSE,FALSE,FALSE,180.625,-4.755417957,0.4496414959430694,18.175,151.62307739257812,0.1154022216796875
ODP,143,865,C,18.4404,-179.5556,1517.4,None,FALSE,FALSE,FALSE,FALSE,FALSE,180.625,-4.755417957,0.4496414959430694,18.175,151.62307739257812,0.1154022216796875
ODP,143,866,A,21.3326,174.3141,1361.8,None,FALSE,FALSE,FALSE,FALSE,TRUE,170.3125,-4.755417957,0.4928599894046783,56.4825,146.3795928955078,0.070975073
ODP,143,866,B,21.3325,174.3145,1346.1,None,FALSE,FALSE,FALSE,FALSE,FALSE,170.3125,-4.755417957,0.4928599894046783,56.4825,146.3795928955078,0.070975073
ODP,143,867,A,21.3494,174.3092,1352.2,None,FALSE,FALSE,FALSE,FALSE,TRUE,170.3125,-4.755417957,0.4928599894046783,56.4825,146.3795928955078,0.070975073
ODP,143,867,B,21.3493,174.3095,1352.2,None,FALSE,FALSE,FALSE,FALSE,TRUE,170.3125,-4.755417957,0.4928599894046783,56.4825,146.3795928955078,0.070975073
ODP,143,868,A,21.3529,174.3094,1385,None,FALSE,FALSE,FALSE,FALSE,TRUE,170.3125,-4.755417957,0.4928599894046783,56.4825,146.3795928955078,0.070975073
ODP,143,869,A,11.0002,164.7495,4826.7,None,FALSE,FALSE,FALSE,FALSE,FALSE,168.875,-8.132867133,0.5930188298225403,58.325,114.61752319335938,0.1196027845144271
ODP,143,869,B,11.0002,164.7503,4826.7,None,FALSE,FALSE,FALSE,FALSE,FALSE,168.875,-8.132867133,0.5930188298225403,58.325,114.61752319335938,0.1196027845144271
ODP,143,870,A,11.3472,162.263,38.6,None,FALSE,FALSE,FALSE,FALSE,TRUE,173.875,-8.132867133,0.6649928092956543,54.6725,111.2287598,0.060420915
ODP,143,870,B,11.3472,162.263,37.5,None,FALSE,FALSE,FALSE,FALSE,TRUE,173.875,-8.132867133,0.6649928092956543,54.6725,111.2287598,0.060420915
ODP,144,871,A,5.5572,172.3443,1254.6,None,FALSE,FALSE,FALSE,FALSE,FALSE,179.125,-8.132867133,0.7092725038528442,80.05000000000001,186.33628845214844,0.3060797452926636
ODP,144,871,B,5.5573,172.3443,1254,None,FALSE,FALSE,FALSE,FALSE,FALSE,179.125,-8.132867133,0.7092725038528442,80.05000000000001,186.33628845214844,0.3060797452926636
ODP,144,872,A,10.0975,162.866,1083.6,None,FALSE,FALSE,FALSE,FALSE,FALSE,174.75,-8.132867133,0.7225374579429626,94.765,115.28993225097656,0.066851728
ODP,144,872,C,10.0977,162.8667,1082.1,None,FALSE,FALSE,FALSE,FALSE,FALSE,174.75,-8.132867133,0.7225374579429626,94.765,115.28993225097656,0.066851728
ODP,144,873,B,11.8973,164.9205,1334,None,FALSE,FALSE,FALSE,FALSE,FALSE,168.875,-8.132867133,0.5192247033119202,58.325,114.61752319335938,0.090786316
ODP,144,874,A,12.0036,164.9398,1374.9,None,FALSE,FALSE,FALSE,FALSE,TRUE,170.0625,-8.132867133,0.5101916790008545,43.8625,106.49231719970705,0.0817305
ODP,144,874,B,12.0038,164.9398,1374.9,None,FALSE,FALSE,FALSE,FALSE,TRUE,170.0625,-8.132867133,0.5101916790008545,43.8625,106.49231719970705,0.0817305
ODP,144,875,A,12.0126,164.9411,1410.8,None,FALSE,FALSE,FALSE,FALSE,TRUE,170.0625,-8.132867133,0.5101916790008545,43.8625,106.49231719970705,0.0817305
ODP,144,875,B,12.0126,164.9411,1409.8,None,FALSE,FALSE,FALSE,FALSE,TRUE,170.0625,-8.132867133,0.5101916790008545,43.8625,106.49231719970705,0.0817305
ODP,144,875,C,12.0126,164.9411,1408.8,None,FALSE,FALSE,FALSE,FALSE,TRUE,170.0625,-8.132867133,0.5101916790008545,43.8625,106.49231719970705,0.0817305
ODP,144,876,A,12.2466,164.9318,1398.8,None,FALSE,FALSE,FALSE,FALSE,TRUE,170.0625,-8.132867133,0.4827069044113159,43.8625,106.49231719970705,0.07401868
ODP,144,877,A,12.0191,164.9221,1354.8,None,FALSE,FALSE,FALSE,FALSE,TRUE,170.0625,-8.132867133,0.5101916790008545,43.8625,106.49231719970705,0.0817305
ODP,144,878,A,27.319,151.8838,1323.2,None,FALSE,FALSE,FALSE,FALSE,FALSE,167.25,-4.755417957,0.37689501,0.905,144.7875977,0.063730329
ODP,144,878,B,27.319,151.8838,1323.2,None,FALSE,FALSE,FALSE,FALSE,TRUE,167.25,-4.755417957,0.37689501,0.905,144.7875977,0.063730329
ODP,144,878,C,27.319,151.8838,1323.2,None,FALSE,FALSE,FALSE,FALSE,TRUE,167.25,-4.755417957,0.37689501,0.905,144.7875977,0.063730329
ODP,144,879,A,34.1738,144.3088,1500.8,None,FALSE,FALSE,FALSE,FALSE,TRUE,164.6875,-4.755417957,0.4316542446613312,2.3125,322.0746154785156,0.2587123811244964
ODP,144,880,A,34.2087,144.312,1524.8,None,FALSE,FALSE,FALSE,FALSE,FALSE,164.6875,-4.755417957,0.430925578,2.3125,322.0746154785156,0.2560564875602722
ODP,145,881,B,47.102266666666665,161.49153333333334,5530.8,None,FALSE,FALSE,FALSE,FALSE,FALSE,157.3125,0.1666666666666666,0.6786722540855408,0.1875,811.6406860351562,0.3042962551116943
ODP,145,881,C,47.10221666666666,161.4915,5530.8,None,FALSE,FALSE,FALSE,TRUE,FALSE,157.3125,0.1666666666666666,0.6786722540855408,0.1875,811.6406860351562,0.3042962551116943
ODP,145,882,A,50.363283333333335,167.59998333333334,3243.8,None,FALSE,FALSE,FALSE,FALSE,FALSE,153.375,0.1666666666666666,0.5343009233474731,8.4875,731.9780883789062,0.3124588429927826
ODP,145,882,B,50.3633,167.5996,3244.2,Shallow (<40 cm),FALSE,FALSE,TRUE,TRUE,FALSE,153.375,0.1666666666666666,0.5343009233474731,8.4875,731.9780883789062,0.3124588429927826
ODP,145,883,B,51.19846666666667,167.7688,2395.6,Shallow (<40 cm),FALSE,FALSE,FALSE,TRUE,FALSE,155.8125,0.1666666666666666,0.4065762162208557,8.4075,718.0403442382812,
ODP,145,883,D,51.19865,167.76846666666663,2385.5,Shallow (<40 cm),FALSE,FALSE,FALSE,FALSE,FALSE,155.8125,0.1666666666666666,0.4065762162208557,8.4075,718.0403442382812,
ODP,145,884,A,51.4504,168.3371,3826.6,None,FALSE,FALSE,FALSE,TRUE,FALSE,153.3125,0.1666666666666666,0.4043101370334625,11.21,739.1552124023438,
ODP,145,884,B,51.4504,168.3371,3824.8,Deep (>40 cm),FALSE,FALSE,FALSE,FALSE,FALSE,153.3125,0.1666666666666666,0.4043101370334625,11.21,739.1552124023438,
ODP,145,884,C,51.4506,168.337,3824.9,Deep (>40 cm),FALSE,FALSE,FALSE,FALSE,FALSE,153.3125,0.1666666666666666,0.4043101370334625,11.21,739.1552124023438,
ODP,145,884,D,51.4506,168.3366,3826,Deep (>40 cm),FALSE,FALSE,TRUE,FALSE,FALSE,153.3125,0.1666666666666666,0.4043101370334625,11.21,739.1552124023438,
ODP,145,885,A,44.6883,168.272,5708.5,None,FALSE,FALSE,FALSE,FALSE,FALSE,160.625,0.1666666666666666,0.5606507062911987,0.025,822.8723754882812,0.2287586033344268
ODP,145,886,A,44.6897,-168.24,5713.4,None,FALSE,FALSE,FALSE,FALSE,FALSE,154.25,-1.166666667,0.3247154653072357,0.1699999999999999,626.7777099609375,0.1316094547510147
ODP,145,886,B,44.6897,-168.24,5714.3,None,FALSE,FALSE,FALSE,FALSE,FALSE,154.25,-1.166666667,0.3247154653072357,0.1699999999999999,626.7777099609375,0.1316094547510147
ODP,145,886,C,44.6897,-168.24,5713.3,None,FALSE,FALSE,FALSE,FALSE,FALSE,154.25,-1.166666667,0.3247154653072357,0.1699999999999999,626.7777099609375,0.1316094547510147
ODP,145,887,A,54.3654,-148.446,3631.2,Deep (>40 cm),FALSE,FALSE,FALSE,FALSE,FALSE,110.1875,-1.166666667,0.3098781406879425,16.3125,834.0909423828125,0.4467307925224304
ODP,145,887,B,54.3654,-148.446,3635.9,None,FALSE,FALSE,FALSE,FALSE,FALSE,110.1875,-1.166666667,0.3098781406879425,16.3125,834.0909423828125,0.4467307925224304
ODP,145,887,C,54.3656,-148.446,3633.6,None,FALSE,FALSE,FALSE,FALSE,FALSE,110.1875,-1.166666667,0.3098781406879425,16.3125,834.0909423828125,0.4467307925224304
ODP,146,888,A,48.1668,-126.6632,2516.3,None,FALSE,FALSE,FALSE,TRUE,FALSE,84.80000305175781,-14.77777778,1.762155055999756,8.813333333333334,3050.004395,39.304176330566406
ODP,146,888,B,48.1668,-126.6632,2516.3,None,FALSE,FALSE,FALSE,FALSE,TRUE,84.80000305175781,-14.77777778,1.762155055999756,8.813333333333334,3050.004395,39.304176330566406
ODP,146,890,A,48.6625,-126.8815,1326.3,Shallow (<40 cm),FALSE,FALSE,FALSE,TRUE,FALSE,84.80000305175781,-14.77777778,1.7639044523239136,8.813333333333334,3050.004395,41.45772933959961
ODP,146,890,B,48.6625,-126.8815,1326.3,None,FALSE,FALSE,FALSE,FALSE,TRUE,84.80000305175781,-14.77777778,1.7639044523239136,8.813333333333334,3050.004395,41.45772933959961
ODP,146,891,A,44.6441,-125.3258,2663.3,None,FALSE,FALSE,FALSE,FALSE,TRUE,88.625,-14.77777778,1.3679959774017334,6.539999999999999,1549.951904296875,29.42081069946289
ODP,146,892,A,44.6742,-125.119,674.5,None,FALSE,FALSE,FALSE,FALSE,FALSE,88.625,-14.77777778,1.3257299661636353,6.539999999999999,1549.951904296875,30.222854614257812
ODP,146,892,C,44.674,-125.119,674.4,None,FALSE,FALSE,FALSE,FALSE,FALSE,88.625,-14.77777778,1.3257299661636353,6.539999999999999,1549.951904296875,30.222854614257812
ODP,146,892,D,44.674,-125.119,670.3,None,FALSE,FALSE,FALSE,FALSE,TRUE,88.625,-14.77777778,1.3257299661636353,6.539999999999999,1549.951904296875,30.222854614257812
ODP,146,892,E,44.674,-125.119,674.3,None,FALSE,FALSE,FALSE,FALSE,TRUE,88.625,-14.77777778,1.3257299661636353,6.539999999999999,1549.951904296875,30.222854614257812
ODP,146,893,A,34.2875,-120.036,576.5,None,FALSE,FALSE,FALSE,FALSE,FALSE,68.14286041259766,-14.77777778,2.731964111328125,5,2705.953857421875,2.631901502609253
ODP,146,893,B,34.2875,-120.036,576.7,None,FALSE,FALSE,FALSE,FALSE,FALSE,68.14286041259766,-14.77777778,2.731964111328125,5,2705.953857421875,2.631901502609253
ODP,147,894,A,2.3005,-101.5248,3012.1,Deep (>40 cm),FALSE,FALSE,FALSE,FALSE,FALSE,138.125,-8.9375,1.2537364959716797,72.8375,490.1001281738281,1.8315510749816897
ODP,147,894,B,2.2993,-101.5261,3020.1,None,FALSE,FALSE,FALSE,FALSE,TRUE,138.125,-8.9375,1.2537364959716797,72.8375,490.1001281738281,1.912502408027649
ODP,147,894,C,2.2992,-101.5257,3033.1,None,FALSE,FALSE,FALSE,FALSE,TRUE,138.125,-8.9375,1.2537364959716797,72.8375,490.1001281738281,1.912502408027649
ODP,147,894,D,2.3015,-101.5265,3013.1,None,FALSE,FALSE,FALSE,FALSE,TRUE,138.125,-8.9375,1.2537364959716797,72.8375,490.1001281738281,1.8315510749816897
ODP,147,894,E,2.3009833333333334,-101.5254,3013.7,None,FALSE,FALSE,FALSE,FALSE,FALSE,138.125,-8.9375,1.2537364959716797,72.8375,490.1001281738281,1.8315510749816897
ODP,147,894,F,2.2996,-101.5259,3024.6,None,FALSE,FALSE,FALSE,FALSE,TRUE,138.125,-8.9375,1.2537364959716797,72.8375,490.1001281738281,1.912502408027649
ODP,147,895,A,2.2773,-101.4461,3820.7,None,FALSE,FALSE,FALSE,FALSE,TRUE,138.125,-8.9375,1.253582478,72.8375,490.1001281738281,1.9418089389801023
ODP,147,895,B,2.2773,-101.446,3820.7,None,FALSE,FALSE,FALSE,FALSE,TRUE,138.125,-8.9375,1.253582478,72.8375,490.1001281738281,1.9418089389801023
ODP,147,895,C,2.2772,-101.4462,3819.7,None,FALSE,FALSE,FALSE,FALSE,TRUE,138.125,-8.9375,1.253582478,72.8375,490.1001281738281,1.9418089389801023
ODP,147,895,D,2.2773,-101.4463,3820.7,None,FALSE,FALSE,FALSE,FALSE,TRUE,138.125,-8.9375,1.253582478,72.8375,490.1001281738281,1.9418089389801023
ODP,147,895,E,2.2798,-101.4465,3752.5,None,FALSE,FALSE,FALSE,FALSE,TRUE,138.125,-8.9375,1.253582478,72.8375,490.1001281738281,1.9418089389801023
ODP,147,895,F,2.2817,-101.4465,3692.5,None,FALSE,FALSE,FALSE,FALSE,TRUE,138.125,-8.9375,1.253582478,72.8375,490.1001281738281,1.9418089389801023
ODP,149,897,A,40.8387,-12.474,5320,None,FALSE,FALSE,FALSE,FALSE,TRUE,250.5625,13.538461538461547,0.5024631023406982,19,573.6464844,1.4236578941345217
ODP,149,898,A,40.6841,-12.123,5279,None,FALSE,FALSE,FALSE,FALSE,FALSE,250.5625,13.538461538461547,0.5310941338539124,19,573.6464844,1.5868526697158811
ODP,149,898,B,40.6851,-12.123,5277.7,None,FALSE,FALSE,FALSE,TRUE,FALSE,250.5625,13.538461538461547,0.5310941338539124,19,573.6464844,1.5868526697158811
ODP,149,899,B,40.7724,-12.2677,5291,None,FALSE,FALSE,FALSE,FALSE,TRUE,250.5625,13.538461538461547,0.5184969305992126,19,573.6464844,1.531204104423523
ODP,149,900,A,40.6832,-11.6042,5036.8,None,FALSE,FALSE,FALSE,FALSE,TRUE,248.3125,13.538461538461547,0.5768483281135559,24.2525,615.7603759765625,2.8573384284973145
ODP,149,901,A,40.6746,-11.0597,4718.5,None,FALSE,FALSE,FALSE,FALSE,TRUE,248.3125,13.538461538461547,0.6949717402458191,24.2525,615.7603759765625,
ODP,150,902,A,38.934666666666665,-72.77248333,817,None,FALSE,FALSE,FALSE,FALSE,FALSE,256.125,13.499999999999998,1.216318964958191,20.533333333333335,763.7562866210938,7.974865436553955
ODP,150,902,C,38.93463333333333,-72.77273333,811,None,FALSE,FALSE,FALSE,FALSE,FALSE,256.125,13.499999999999998,1.216318964958191,20.533333333333335,763.7562866210938,7.974865436553955
ODP,150,902,D,38.93465,-72.77291667,808,None,FALSE,FALSE,FALSE,FALSE,FALSE,256.125,13.499999999999998,1.216318964958191,20.533333333333335,763.7562866210938,7.974865436553955
ODP,150,903,A,38.9383,-72.8172,444.4,None,FALSE,FALSE,FALSE,FALSE,FALSE,256.125,13.499999999999998,1.2090373039245603,20.533333333333335,763.7562866210938,8.040820121765137
ODP,150,903,B,38.9384,-72.8171,446.4,None,FALSE,FALSE,FALSE,FALSE,FALSE,256.125,13.499999999999998,1.2090373039245603,20.533333333333335,763.7562866210938,8.040820121765137
ODP,150,904,A,38.86343333333333,-72.76806667,1122.8,None,FALSE,FALSE,FALSE,FALSE,FALSE,256.125,13.499999999999998,1.219339370727539,20.533333333333335,763.7562866210938,7.926984786987305
ODP,150,906,A,38.964933333333335,-72.76661667,912.9,None,FALSE,FALSE,FALSE,FALSE,FALSE,256.125,13.499999999999998,1.2114461660385132,20.533333333333335,763.7562866210938,7.974865436553955
ODP,151,907,A,69.24981666666666,-12.69823333,1800.8,None,FALSE,FALSE,FALSE,TRUE,FALSE,309.5,35.46666666666667,0.6612077355384827,38.3075,597.9644165039062,2.5098352432250977
ODP,151,908,A,78.3852,1.3606,1273.5,Deep (>40 cm),FALSE,TRUE,FALSE,TRUE,FALSE,320.25,35.46666666666667,0.853328288,21.6975,,5.824665069580078
ODP,151,908,B,78.3854,1.3607,1273,Deep (>40 cm),FALSE,TRUE,FALSE,TRUE,FALSE,320.25,35.46666666666667,0.853328288,21.6975,,5.824665069580078
ODP,151,909,A,78.5844,3.0729,2519,None,FALSE,FALSE,FALSE,TRUE,FALSE,319.8125,35.46666666666667,0.974433661,17.955,,5.443335056304932
ODP,151,909,B,78.5845,3.073,2519.1,None,FALSE,FALSE,FALSE,TRUE,FALSE,319.8125,35.46666666666667,0.974433661,17.955,,5.443335056304932
ODP,151,910,A,80.2647,6.59,556.4,Deep (>40 cm),FALSE,FALSE,FALSE,FALSE,FALSE,309.5,,1.0541627407073977,,,
ODP,151,910,B,80.2646,6.5908,557,None,FALSE,FALSE,FALSE,FALSE,FALSE,309.5,,1.0541627407073977,,,
ODP,151,910,C,80.2649,6.5905000000000005,556.4,None,FALSE,FALSE,FALSE,FALSE,FALSE,309.5,,1.0541627407073977,,,
ODP,151,911,A,80.4744,8.2273,901.6,None,FALSE,FALSE,FALSE,TRUE,FALSE,301.9375,,1.1930642127990725,8.86,,
ODP,151,911,B,80.4746,8.2273,901,Shallow (<40 cm),FALSE,TRUE,FALSE,TRUE,FALSE,301.9375,,1.1930642127990725,8.86,,
ODP,151,911,C,80.4747,8.2273,902,Deep (>40 cm),FALSE,TRUE,FALSE,TRUE,FALSE,301.9375,,1.1930642127990725,8.86,,
ODP,151,912,A,79.9592,5.456,1036.8,None,FALSE,FALSE,FALSE,FALSE,FALSE,315.6875,,0.911715806,11.573333333333332,,
ODP,151,912,B,79.9589,5.4566,1037.5,None,FALSE,FALSE,FALSE,TRUE,FALSE,315.6875,,0.911715806,11.573333333333332,,
ODP,151,913,A,75.489,-6.9471,3318.6,None,FALSE,FALSE,FALSE,FALSE,FALSE,320.6875,35.46666666666667,0.6304859519004822,32.465,620.0930786132812,2.275271415710449
ODP,152,914,A,63.4623,-39.7248,533.2,None,FALSE,FALSE,FALSE,FALSE,TRUE,296.4666748046875,,0.3646128475666046,18.29,781.5442504882812,4.7119646072387695
ODP,152,915,A,63.4714,-39.7818,533.1,None,FALSE,FALSE,FALSE,FALSE,FALSE,296.4666748046875,,0.3646128475666046,18.29,781.5442504882812,4.7119646072387695
ODP,152,916,A,63.4856,-39.8067,513.7,None,FALSE,FALSE,FALSE,FALSE,TRUE,296.4666748046875,,0.3652538955211639,18.29,781.5442504882812,4.694439411
ODP,152,917,A,63.4917,-39.8278,508.1,None,FALSE,FALSE,FALSE,FALSE,FALSE,296.4666748046875,,0.3652538955211639,18.29,781.5442504882812,4.694439411
ODP,152,918,A,63.0928,-38.6389,1868.5,None,FALSE,FALSE,FALSE,FALSE,TRUE,295.75,,0.3815177381038666,30.65,844.2793579101562,5.170357704162598
ODP,152,918,B,63.0928,-38.639,1868.2,None,FALSE,FALSE,FALSE,FALSE,FALSE,295.75,,0.3815177381038666,30.65,844.2793579101562,5.170357704162598
ODP,152,919,A,62.67,-37.4602,2088.2,None,FALSE,FALSE,FALSE,FALSE,FALSE,296.9375,35.46666666666667,0.4397982358932495,40.6925,963.2735595703124,4.618335723876953
ODP,152,919,B,62.67,-37.4603,2086,None,FALSE,FALSE,FALSE,FALSE,FALSE,296.9375,35.46666666666667,0.4397982358932495,40.6925,963.2735595703124,4.618335723876953
ODP,153,920,A,23.3385,-45.0173,3339,None,FALSE,FALSE,FALSE,FALSE,TRUE,247,11.384615384615389,0.2326696217060089,85.62333333333333,149.4871368408203,3.1189029216766357
ODP,153,920,B,23.3385,-45.0173,3339,None,FALSE,FALSE,FALSE,FALSE,TRUE,247,11.384615384615389,0.2326696217060089,85.62333333333333,149.4871368408203,3.1189029216766357
ODP,153,921,A,23.541,-45.0311,2488,None,FALSE,FALSE,FALSE,FALSE,TRUE,247,11.384615384615389,0.2313397228717804,85.62333333333333,149.4871368408203,2.9148573875427246
ODP,153,921,B,23.5413,-45.0307,2490,None,FALSE,FALSE,FALSE,FALSE,TRUE,247,11.384615384615389,0.2313397228717804,85.62333333333333,149.4871368408203,2.9148573875427246
ODP,153,921,C,23.5412,-45.0305,2495,None,FALSE,FALSE,FALSE,FALSE,TRUE,247,11.384615384615389,0.2313397228717804,85.62333333333333,149.4871368408203,2.9148573875427246
ODP,153,921,D,23.5407,-45.0305,2514,None,FALSE,FALSE,FALSE,FALSE,TRUE,247,11.384615384615389,0.2313397228717804,85.62333333333333,149.4871368408203,2.9148573875427246
ODP,153,921,E,23.5388,-45.0313,2456,None,FALSE,FALSE,FALSE,FALSE,TRUE,247,11.384615384615389,0.2313397228717804,85.62333333333333,149.4871368408203,2.9148573875427246
ODP,153,922,A,23.5527,-45.0321,2612,None,FALSE,FALSE,FALSE,FALSE,TRUE,247,11.384615384615389,0.2308589071035385,85.62333333333333,149.4871368408203,2.9148573875427246
ODP,153,922,B,23.5228,-45.0321,2612,None,FALSE,FALSE,FALSE,FALSE,TRUE,247,11.384615384615389,0.2313397228717804,85.62333333333333,149.4871368408203,2.9148573875427246
ODP,153,923,A,23.5426,-45.0316,2440,None,FALSE,FALSE,FALSE,FALSE,TRUE,247,11.384615384615389,0.2308589071035385,85.62333333333333,149.4871368408203,2.9148573875427246
ODP,153,924,C,23.5416,-45.0144,3177,None,FALSE,FALSE,FALSE,FALSE,TRUE,247,11.384615384615389,0.2313397228717804,85.62333333333333,149.4871368408203,2.9148573875427246
ODP,154,925,B,4.204133333333333,-43.4891,3041.1,Deep (>40 cm),FALSE,TRUE,FALSE,FALSE,FALSE,256.75,18.095238095238106,0.3786394596099853,53.2325,370.3211669921875,1.7362942695617676
ODP,154,925,C,4.204266666666666,-43.4891,3040.6,None,FALSE,TRUE,FALSE,TRUE,FALSE,256.75,18.095238095238106,0.3786394596099853,53.2325,370.3211669921875,1.7362942695617676
ODP,154,925,E,4.204283333333334,-43.4889,3040.5,Deep (>40 cm),FALSE,TRUE,FALSE,TRUE,FALSE,256.75,18.095238095238106,0.3786394596099853,53.2325,370.3211669921875,1.7362942695617676
ODP,154,926,A,3.7191,-42.9081,3598.4,Deep (>40 cm),FALSE,TRUE,FALSE,TRUE,FALSE,254.3125,18.095238095238106,0.3768720030784607,57.51,296.0581359863281,1.985812187194824
ODP,154,926,B,3.7191333333333336,-42.9084,3598.3,None,FALSE,TRUE,FALSE,TRUE,FALSE,254.3125,18.095238095238106,0.3768720030784607,57.51,296.0581359863281,1.985812187194824
ODP,154,927,A,5.462666666666666,-44.4805,3313.7,Shallow (<40 cm),FALSE,TRUE,FALSE,TRUE,FALSE,258.125,18.095238095238106,0.3961536288261413,50.86,546.6292724609375,2.087188959121704
ODP,154,927,B,5.4629,-44.4806,3315.2,Deep (>40 cm),FALSE,TRUE,FALSE,TRUE,FALSE,258.125,18.095238095238106,0.3961536288261413,50.86,546.6292724609375,2.087188959121704
ODP,154,927,C,5.463016666666666,-44.4806,3316.7,None,FALSE,FALSE,FALSE,TRUE,FALSE,258.125,18.095238095238106,0.3961536288261413,50.86,546.6292724609375,2.087188959121704
ODP,154,928,A,5.455333333333333,-43.748,4010.7,None,FALSE,TRUE,FALSE,TRUE,FALSE,251.9375,18.095238095238106,0.4166320860385895,53.4175,461.6179199,1.8407009840011597
ODP,154,928,B,5.455216666666667,-43.7481,4012.2,Deep (>40 cm),FALSE,TRUE,FALSE,TRUE,FALSE,251.9375,18.095238095238106,0.4166320860385895,53.4175,461.6179199,1.8407009840011597
ODP,154,929,A,5.976216666666667,-43.7399,4357.6,Deep (>40 cm),FALSE,TRUE,FALSE,TRUE,FALSE,251.9375,18.095238095238106,0.438429058,53.4175,461.6179199,1.8865292072296145
ODP,154,929,B,5.9763,-43.7397,4355.6,Deep (>40 cm),FALSE,TRUE,FALSE,TRUE,FALSE,251.9375,18.095238095238106,0.438429058,53.4175,461.6179199,1.8865292072296145
ODP,155,930,A,5.0149,-47.59571667,3144.3,None,FALSE,FALSE,FALSE,FALSE,FALSE,259.75,18.095238095238106,0.5378273129463196,39.9225,623.5979614257812,11.240222930908203
ODP,155,930,B,5.0149,-47.59571667,3144.6,Shallow (<40 cm),FALSE,TRUE,FALSE,FALSE,FALSE,259.75,18.095238095238106,0.5378273129463196,39.9225,623.5979614257812,11.240222930908203
ODP,155,930,D,5.01675,-47.59578333,3145.3,Deep (>40 cm),FALSE,TRUE,FALSE,FALSE,FALSE,259.75,18.095238095238106,0.5378273129463196,39.9225,623.5979614257812,11.240222930908203
ODP,155,931,A,5.1418,-46.633,3472.7,Deep (>40 cm),FALSE,TRUE,FALSE,FALSE,FALSE,262.9375,18.095238095238106,0.4600545167922973,41.3675,679.8693237304688,8.233018875
ODP,155,931,B,5.142,-46.633,3475.9,None,FALSE,FALSE,FALSE,TRUE,FALSE,262.9375,18.095238095238106,0.4600545167922973,41.3675,679.8693237304688,8.233018875
ODP,155,931,C,5.1421,-46.6331,3474.5,Deep (>40 cm),FALSE,TRUE,TRUE,FALSE,FALSE,262.9375,18.095238095238106,0.4600545167922973,41.3675,679.8693237304688,8.233018875
ODP,155,932,A,5.211366666666667,-47.0295,3333.6,Deep (>40 cm),FALSE,TRUE,FALSE,FALSE,FALSE,259.75,18.095238095238106,0.4896473884582519,39.9225,623.5979614257812,9.288233757019045
ODP,155,932,B,5.2115,-47.0295,3336.1,Deep (>40 cm),FALSE,TRUE,FALSE,FALSE,FALSE,259.75,18.095238095238106,0.4896473884582519,39.9225,623.5979614257812,9.288233757019045
ODP,155,933,A,5.096683333333333,-46.8123,3365.9,Deep (>40 cm),FALSE,TRUE,TRUE,FALSE,FALSE,262.9375,18.095238095238106,0.4792224168777466,41.3675,679.8693237304688,9.147882461547852
ODP,155,934,A,5.484116666666667,-47.68095,3421.7,Deep (>40 cm),FALSE,TRUE,TRUE,FALSE,FALSE,259.75,18.095238095238106,0.5416615009307861,39.9225,623.5979614257812,10.53177261352539
ODP,155,934,B,5.483666666666666,-47.681,3421,Deep (>40 cm),FALSE,TRUE,FALSE,TRUE,FALSE,259.75,18.095238095238106,0.5416615009307861,39.9225,623.5979614257812,10.53177261352539
ODP,155,935,A,5.4268,-47.5648,3485.5,Deep (>40 cm),FALSE,TRUE,TRUE,FALSE,FALSE,259.75,18.095238095238106,0.5370579957962036,39.9225,623.5979614257812,10.26298713684082
ODP,155,936,A,5.6322,-47.7356,3575,Deep (>40 cm),FALSE,TRUE,TRUE,FALSE,FALSE,259.75,18.095238095238106,0.5437968373298645,39.9225,623.5979614257812,10.33249855041504
ODP,155,937,A,4.5958,-47.2074,2760.2,None,FALSE,FALSE,FALSE,FALSE,TRUE,254.625,18.095238095238106,0.5123662948608398,54.625,426.44635009765625,11.59686279296875
ODP,155,937,B,4.5958,-47.2074,2759.9,Shallow (<40 cm),FALSE,TRUE,FALSE,FALSE,FALSE,254.625,18.095238095238106,0.5123662948608398,54.625,426.44635009765625,11.59686279296875
ODP,155,937,C,4.596,-47.2074,2756.3,Shallow (<40 cm),FALSE,TRUE,FALSE,FALSE,FALSE,254.625,18.095238095238106,0.5123662948608398,54.625,426.44635009765625,11.59686279296875
ODP,155,937,D,4.5962,-47.2074,2757.1,Shallow (<40 cm),FALSE,TRUE,FALSE,FALSE,FALSE,254.625,18.095238095238106,0.5123662948608398,54.625,426.44635009765625,11.59686279296875
ODP,155,938,A,4.6584,-47.3123,2804.1,Deep (>40 cm),FALSE,TRUE,FALSE,FALSE,FALSE,254.625,18.095238095238106,0.5216794013977051,54.625,426.44635009765625,11.664006233215332
ODP,155,938,B,4.6584,-47.3124,2804.1,Deep (>40 cm),FALSE,FALSE,FALSE,FALSE,FALSE,254.625,18.095238095238106,0.5216794013977051,54.625,426.44635009765625,11.664006233215332
ODP,155,939,A,4.7218,-47.5033,2783.6,Shallow (<40 cm),FALSE,TRUE,FALSE,FALSE,FALSE,254.625,18.095238095238106,0.5300881266593933,54.625,426.44635009765625,12.036782264709473
ODP,155,939,B,4.7217,-47.499,2792.3,Deep (>40 cm),FALSE,TRUE,FALSE,FALSE,FALSE,254.625,18.095238095238106,0.5300881266593933,54.625,426.44635009765625,11.720534324645996
ODP,155,939,C,4.7217,-47.499,2791.1,Shallow (<40 cm),FALSE,FALSE,FALSE,FALSE,FALSE,254.625,18.095238095238106,0.5300881266593933,54.625,426.44635009765625,11.720534324645996
ODP,155,940,A,5.1432,-47.5288,3191.4,Shallow (<40 cm),FALSE,TRUE,FALSE,FALSE,FALSE,259.75,18.095238095238106,0.533763587,39.9225,623.5979614257812,10.98516082763672
ODP,155,941,A,5.373,-48.0288,3380.9,Deep (>40 cm),FALSE,FALSE,FALSE,FALSE,FALSE,251.1875,18.095238095238106,0.5612165927886963,34.8975,553.1343994140625,11.819331169128418
ODP,155,941,B,5.373,-48.0288,3377.5,Deep (>40 cm),FALSE,TRUE,TRUE,FALSE,FALSE,251.1875,18.095238095238106,0.5612165927886963,34.8975,553.1343994140625,11.819331169128418
ODP,155,942,A,5.7425,-49.0908,3346.3,Deep (>40 cm),FALSE,TRUE,FALSE,FALSE,FALSE,237.6875,18.095238095238106,0.5657655000686646,34.4675,732.2859497070312,12.885659217834473
ODP,155,942,B,5.7425999999999995,-49.091,3345.7,Deep (>40 cm),FALSE,TRUE,TRUE,FALSE,FALSE,237.6875,18.095238095238106,0.5657655000686646,34.4675,732.2859497070312,12.885659217834473
ODP,155,942,C,5.7424,-49.091,3348.8,Deep (>40 cm),FALSE,TRUE,FALSE,FALSE,FALSE,237.6875,18.095238095238106,0.5657655000686646,34.4675,732.2859497070312,12.885659217834473
ODP,155,943,A,5.9468,-47.7805,3738.5,Shallow (<40 cm),FALSE,FALSE,FALSE,TRUE,FALSE,259.75,18.095238095238106,0.5326039791107178,39.9225,623.5979614257812,9.629168510437012
ODP,155,944,A,5.9389,-47.7578,3701.3,Deep (>40 cm),FALSE,TRUE,TRUE,FALSE,FALSE,259.75,18.095238095238106,0.5326039791107178,39.9225,623.5979614257812,9.629168510437012
ODP,155,944,B,5.9376,-47.7601,3696.8,None,FALSE,FALSE,FALSE,FALSE,TRUE,259.75,18.095238095238106,0.5326039791107178,39.9225,623.5979614257812,9.629168510437012
ODP,155,944,C,5.9402,-47.7556,3710.5,None,FALSE,FALSE,FALSE,FALSE,FALSE,259.75,18.095238095238106,0.5326039791107178,39.9225,623.5979614257812,9.629168510437012
ODP,155,944,D,5.9403,-47.7555,3708.5,Shallow (<40 cm),FALSE,FALSE,FALSE,FALSE,FALSE,259.75,18.095238095238106,0.5326039791107178,39.9225,623.5979614257812,9.629168510437012
ODP,155,945,A,6.9503,-47.9288,4136.1,Deep (>40 cm),FALSE,TRUE,FALSE,FALSE,FALSE,260.6875,18.095238095238106,0.4766768217086792,31.27,788.4805908203125,7.508335590362549
ODP,155,946,A,6.9496,-47.9193,4100.1,Deep (>40 cm),FALSE,TRUE,TRUE,FALSE,FALSE,260.6875,18.095238095238106,0.4766768217086792,31.27,788.4805908203125,7.508335590362549
ODP,156,948,B,15.5244,-58.7322,4938,None,FALSE,FALSE,FALSE,FALSE,FALSE,251.3125,11.384615384615389,0.4081209599971771,22.8475,432.6888732910156,1.9222573041915896
ODP,156,948,C,15.5261,-58.7322,4931.5,None,FALSE,FALSE,FALSE,FALSE,FALSE,251.3125,11.384615384615389,0.4081209599971771,22.8475,432.6888732910156,1.9222573041915896
ODP,156,949,A,15.5369,-58.7143,5009.2,None,FALSE,FALSE,FALSE,FALSE,FALSE,251.3125,11.384615384615389,0.4081209599971771,22.8475,432.6888732910156,1.9222573041915896
ODP,157,950,A,31.150183333333334,-25.60006667,5437.8,None,FALSE,FALSE,TRUE,TRUE,FALSE,254.9375,13.538461538461547,0.3699937462806701,61.1525,223.45388793945312,0.7647948265075684
ODP,157,951,A,32.0316,-24.8705,5436.8,None,FALSE,FALSE,FALSE,TRUE,FALSE,256.3125,13.538461538461547,0.4073867797851562,57.315,240.9050750732422,0.6715488433837891
ODP,157,952,A,30.7908,-24.5095,5431.8,None,FALSE,FALSE,FALSE,FALSE,FALSE,252.8125,13.538461538461547,0.3634428977966308,59.95,215.28741455078125,1.141248584
ODP,157,953,A,28.650383333333338,-15.14468333,3577.8,None,FALSE,FALSE,FALSE,FALSE,FALSE,223.375,13.538461538461547,0.6567335724830627,56.36,410.5188598632813,2.8153843879699707
ODP,157,953,C,28.650233333333333,-15.14451667,3577.8,None,FALSE,FALSE,FALSE,FALSE,TRUE,223.375,13.538461538461547,0.6567335724830627,56.36,410.5188598632813,2.8153843879699707
ODP,157,954,A,28.436616666666666,-15.53213333,3485.2,None,FALSE,FALSE,FALSE,FALSE,TRUE,223.375,13.538461538461547,0.6861653923988342,56.36,410.5188598632813,2.3785407543182373
ODP,157,955,A,27.3258,-15.2308,2854.1,Shallow (<40 cm),FALSE,FALSE,TRUE,FALSE,FALSE,208.75,13.538461538461547,0.9059385657310486,44.18,502.4332885742187,6.067743778
ODP,157,956,A,27.615083333333335,-16.16328333,3441.9,Deep (>40 cm),FALSE,TRUE,FALSE,FALSE,FALSE,212.1875,13.538461538461547,0.7348569631576538,47.989999999999995,431.9714355,2.326815605163574
ODP,158,957,A,26.1366,-44.8258,3653,None,FALSE,FALSE,FALSE,FALSE,TRUE,248.3125,20.444444444444443,0.2752872407436371,83.8825,138.9060059,4.197484970092773
ODP,158,957,B,26.1366,-44.8258,3655,None,FALSE,FALSE,FALSE,FALSE,FALSE,248.3125,20.444444444444443,0.2752872407436371,83.8825,138.9060059,4.197484970092773
ODP,158,957,J,26.1372,-44.8264,3647,None,FALSE,FALSE,FALSE,FALSE,TRUE,248.3125,20.444444444444443,0.2752872407436371,83.8825,138.9060059,4.197484970092773
ODP,158,957,K,26.1372,-44.8264,3644,None,FALSE,FALSE,FALSE,FALSE,TRUE,248.3125,20.444444444444443,0.2752872407436371,83.8825,138.9060059,4.197484970092773
ODP,158,957,M,26.137,-44.8264,3648,None,FALSE,FALSE,FALSE,FALSE,TRUE,248.3125,20.444444444444443,0.2752872407436371,83.8825,138.9060059,4.197484970092773
ODP,158,957,N,26.1366,-44.8258,3652,None,FALSE,FALSE,FALSE,FALSE,TRUE,248.3125,20.444444444444443,0.2752872407436371,83.8825,138.9060059,4.197484970092773
ODP,158,957,P,26.1372,-44.8258,3649,None,FALSE,FALSE,FALSE,FALSE,TRUE,248.3125,20.444444444444443,0.2752872407436371,83.8825,138.9060059,4.197484970092773
ODP,158,957,Q,26.1366,-44.8261,3657,None,FALSE,FALSE,FALSE,FALSE,TRUE,248.3125,20.444444444444443,0.2752872407436371,83.8825,138.9060059,4.197484970092773
ODP,159,959,A,3.62765,-2.7352,2090.7,None,FALSE,FALSE,FALSE,FALSE,FALSE,182.0625,-6,1.3918546438217163,20.2175,957.3730469,3.6273655891418457
ODP,159,959,B,3.6276166666666665,-2.735583333,2091.2,None,FALSE,FALSE,FALSE,FALSE,FALSE,182.0625,-6,1.3918546438217163,20.2175,957.3730469,3.6273655891418457
ODP,159,959,C,3.6278166666666665,-2.735266667,2091.7,None,FALSE,FALSE,FALSE,FALSE,TRUE,182.0625,-6,1.3918546438217163,20.2175,957.3730469,3.6273655891418457
ODP,159,960,A,3.58305,-2.7336,2048.3,None,FALSE,FALSE,FALSE,FALSE,FALSE,182.0625,-6,1.334787130355835,20.2175,957.3730469,3.650768756866455
ODP,159,960,C,3.5838833333333335,-2.733166667,2034.9,None,FALSE,FALSE,FALSE,FALSE,FALSE,182.0625,-6,1.334787130355835,20.2175,957.3730469,3.650768756866455
ODP,159,961,A,3.4423666666666666,-3.05855,3292,None,FALSE,FALSE,FALSE,FALSE,FALSE,179.25,24.8125,1.203829288482666,34.0175,931.8361816,3.836831808
ODP,159,962,B,3.25105,-3.181983333,4637.3,Deep (>40 cm),FALSE,FALSE,FALSE,FALSE,FALSE,179.25,24.8125,1.0660415887832642,34.0175,931.8361816,3.797381639480591
ODP,160,963,A,37.0323,13.1816,470.5,Deep (>40 cm),FALSE,FALSE,FALSE,FALSE,FALSE,,,0.8435567617416382,,552.9553223,
ODP,160,963,B,37.0334,13.1805,470,None,FALSE,FALSE,FALSE,FALSE,FALSE,,,0.8435567617416382,,552.9553223,
ODP,160,963,C,37.0346,13.1793,469,None,FALSE,FALSE,FALSE,FALSE,FALSE,,,0.8435567617416382,,552.9553223,
ODP,160,963,D,37.0358,13.1781,469.1,None,FALSE,FALSE,FALSE,FALSE,FALSE,,,0.8435567617416382,,552.9553223,
ODP,160,964,A,36.26038333333333,17.749833333333335,3657.7,None,FALSE,FALSE,FALSE,TRUE,FALSE,,,1.0265856981277466,,248.64588928222656,
ODP,160,964,B,36.26038333333333,17.75,3658.3,None,FALSE,FALSE,TRUE,TRUE,FALSE,,,1.0265856981277466,,248.64588928222656,
ODP,160,964,C,36.26045,17.750116666666667,3660.3,None,FALSE,FALSE,FALSE,FALSE,FALSE,,,1.0265856981277466,,248.64588928222656,
ODP,160,964,D,36.260533333333335,17.75,3660.3,None,FALSE,FALSE,FALSE,FALSE,FALSE,,,1.0265856981277466,,248.64588928222656,
ODP,160,964,E,36.260783333333336,17.749983333333333,3660.9,None,FALSE,FALSE,FALSE,TRUE,FALSE,,,1.0265856981277466,,248.64588928222656,
ODP,160,964,F,36.26063333333333,17.750416666666666,3657.3,None,FALSE,TRUE,FALSE,TRUE,FALSE,,,1.0265856981277466,,248.64588928222656,
ODP,160,966,A,33.79665,32.70158333333333,926.6,None,FALSE,FALSE,FALSE,TRUE,FALSE,,,0.6362767219543457,,163.69789123535156,
ODP,160,966,B,33.796083333333335,32.7015,926.6,None,FALSE,FALSE,FALSE,TRUE,FALSE,,,0.6362767219543457,,163.69789123535156,
ODP,160,966,C,33.79631666666667,32.701483333333336,925.9,None,FALSE,FALSE,FALSE,TRUE,FALSE,,,0.6362767219543457,,163.69789123535156,
ODP,160,966,D,33.7965,32.7008,926.3,Shallow (<40 cm),FALSE,TRUE,FALSE,TRUE,FALSE,,,0.6362767219543457,,163.69789123535156,
ODP,160,966,E,33.79666666666667,32.7008,926.3,None,FALSE,FALSE,FALSE,TRUE,FALSE,,,0.6362767219543457,,163.69789123535156,
ODP,160,967,A,34.0683,32.72538333333333,2553,None,FALSE,FALSE,FALSE,TRUE,FALSE,,,0.6323097944259644,,173.40333557128906,
ODP,160,967,B,34.06823333333333,32.725433333333335,2555,None,FALSE,FALSE,TRUE,TRUE,FALSE,,,0.6323097944259644,,173.40333557128906,
ODP,160,967,C,34.07116666666667,32.72546666666667,2552.8,None,FALSE,FALSE,TRUE,TRUE,FALSE,,,0.6323097944259644,,173.40333557128906,
ODP,160,967,D,34.070883333333335,32.725516666666664,2551.6,None,FALSE,FALSE,FALSE,FALSE,FALSE,,,0.6323097944259644,,173.40333557128906,
ODP,160,967,F,34.07083333333333,32.7255,2551.6,None,FALSE,FALSE,FALSE,FALSE,FALSE,,,0.6323097944259644,,173.40333557128906,
ODP,160,968,A,34.33166666666666,32.751083333333334,1961,None,FALSE,FALSE,TRUE,TRUE,FALSE,,,0.6171505451202393,,173.40333557128906,
ODP,160,968,B,34.33198333333333,32.75116666666667,1962.6,None,FALSE,FALSE,TRUE,FALSE,FALSE,,,0.6171505451202393,,173.40333557128906,
ODP,160,968,C,34.33293333333334,32.75351666666667,1964.1,None,FALSE,FALSE,FALSE,FALSE,FALSE,,,0.6171505451202393,,173.40333557128906,
ODP,160,969,A,33.839983333333336,24.884416666666667,2200.3,None,FALSE,FALSE,FALSE,FALSE,FALSE,,,0.5801823139190674,,211.6245117,
ODP,160,969,B,33.84115,24.88296666666667,2202.1,None,FALSE,FALSE,FALSE,FALSE,FALSE,,,0.5801823139190674,,211.6245117,
ODP,160,969,C,33.83871666666667,24.883416666666665,2195.5,None,FALSE,FALSE,FALSE,TRUE,FALSE,,,0.5801823139190674,,211.6245117,
ODP,160,969,D,33.83865,24.883333333333333,2192.1,None,FALSE,FALSE,TRUE,TRUE,FALSE,,,0.5801823139190674,,211.6245117,
ODP,160,969,E,33.841033333333336,24.883016666666663,2201.1,None,FALSE,FALSE,TRUE,TRUE,FALSE,,,0.5801823139190674,,211.6245117,
ODP,160,969,F,33.84125,24.8827,2198.5,None,FALSE,FALSE,FALSE,TRUE,FALSE,,,0.5801823139190674,,211.6245117,
ODP,160,970,A,33.73656666666667,24.802,2075.5,Shallow (<40 cm),FALSE,TRUE,FALSE,FALSE,FALSE,,,0.5840518474578857,,211.6245117,
ODP,160,970,B,33.7369,24.811566666666668,2078.6,None,FALSE,FALSE,TRUE,TRUE,FALSE,,,0.5840518474578857,,211.6245117,
ODP,160,970,C,33.735566666666664,24.79095,2036.9,Shallow (<40 cm),FALSE,FALSE,FALSE,FALSE,FALSE,,,0.5830142498016357,,211.6245117,
ODP,160,970,D,33.734033333333336,24.776883333333338,1953.3,None,FALSE,FALSE,FALSE,FALSE,FALSE,,,0.5830142498016357,,211.6245117,
ODP,160,971,A,33.70316666666667,24.713566666666665,2026.1,None,FALSE,FALSE,FALSE,TRUE,FALSE,,,0.5860579609870911,,211.6245117,
ODP,160,971,B,33.71361666666667,24.7018,2140.9,None,FALSE,FALSE,FALSE,FALSE,TRUE,,,0.5826501846313477,,211.6245117,
ODP,160,971,C,33.713633333333334,24.7018,2140.9,None,FALSE,FALSE,FALSE,TRUE,FALSE,,,0.5826501846313477,,211.6245117,
ODP,160,971,D,33.72395,24.687933333333337,1933.1,None,FALSE,FALSE,FALSE,FALSE,FALSE,,,0.5826501846313477,,211.6245117,
ODP,160,971,E,33.727016666666664,24.68065,1943.6,None,FALSE,FALSE,FALSE,FALSE,FALSE,,,0.5826501846313477,,211.6245117,
ODP,160,972,A,35.77995,18.72525,3930.6,None,FALSE,FALSE,FALSE,TRUE,FALSE,,,1.0396372079849243,,217.3310547,
ODP,160,973,A,35.78033333333333,18.94815,3695,None,FALSE,FALSE,FALSE,TRUE,FALSE,,,1.0323386192321775,,217.3310547,
ODP,160,973,C,35.780366666666666,18.94815,3695.4,None,FALSE,FALSE,TRUE,TRUE,FALSE,,,1.0323386192321775,,217.3310547,
ODP,160,973,D,35.78035,18.9482,3694,None,FALSE,FALSE,TRUE,TRUE,FALSE,,,1.0323386192321775,,217.3310547,
ODP,161,974,B,40.356033333333336,12.141916666666669,3453.9,Deep (>40 cm),FALSE,TRUE,TRUE,TRUE,FALSE,,,0.7635009288787842,,348.2627868652344,
ODP,161,974,C,40.3558,12.142233333333332,3453.3,None,FALSE,TRUE,FALSE,TRUE,FALSE,,,0.7635009288787842,,348.2627868652344,
ODP,161,974,D,40.35595,12.14215,3454,None,FALSE,FALSE,FALSE,FALSE,FALSE,,,0.7635009288787842,,348.2627868652344,
ODP,161,975,A,38.89658333333333,4.509783333333333,2416.7,None,FALSE,FALSE,TRUE,TRUE,FALSE,,,0.4946251511573791,87.02,334.83319091796875,
ODP,161,975,B,38.896433333333334,4.509933333333334,2415.5,Deep (>40 cm),FALSE,TRUE,FALSE,FALSE,FALSE,,,0.4946251511573791,87.02,334.83319091796875,
ODP,161,975,C,38.89658333333333,4.509933333333334,2415.1,None,FALSE,TRUE,FALSE,TRUE,FALSE,,,0.4946251511573791,87.02,334.83319091796875,
ODP,161,975,D,38.89675,4.510083333333333,2415.1,None,FALSE,FALSE,FALSE,TRUE,FALSE,,,0.4946251511573791,87.02,334.83319091796875,
ODP,161,976,A,36.2053,-4.313333333,1107.5,None,FALSE,FALSE,FALSE,FALSE,FALSE,173.1999969482422,,0.7031646966934204,,1178.342285,
ODP,161,976,B,36.205216666666665,-4.312716667,1108,None,FALSE,FALSE,FALSE,FALSE,FALSE,173.1999969482422,,0.7031646966934204,,1178.342285,
ODP,161,976,C,36.205216666666665,-4.31225,1108.2,None,FALSE,FALSE,FALSE,FALSE,FALSE,173.1999969482422,,0.7031646966934204,,1178.342285,
ODP,161,976,D,36.2055,-4.3124,1107.6,None,FALSE,FALSE,FALSE,FALSE,FALSE,173.1999969482422,,0.7031646966934204,,1178.342285,
ODP,161,977,A,36.03178333333334,-1.955316667,1984,Shallow (<40 cm),FALSE,FALSE,FALSE,FALSE,FALSE,,,0.734088659,,451.0021973,
ODP,161,979,A,35.72378333333333,-3.205883333,1062.1,None,FALSE,FALSE,FALSE,FALSE,FALSE,164.5,,0.7836430072784424,,696.0247802734375,
ODP,162,980,A,55.48478333333333,-14.70223333,2172.2,None,FALSE,FALSE,FALSE,FALSE,FALSE,249.5,38.882352941176464,0.4981134235858917,51.23,1283.8861083984375,
ODP,162,980,B,55.4849,-14.70228333,2168.4,None,FALSE,FALSE,FALSE,FALSE,FALSE,249.5,38.882352941176464,0.4981134235858917,51.23,1283.8861083984375,
ODP,162,980,C,55.48505,-14.70213333,2168,None,FALSE,FALSE,FALSE,FALSE,FALSE,249.5,38.882352941176464,0.4981134235858917,51.23,1283.8861083984375,
ODP,162,981,A,55.477183333333336,-14.65086667,2173.1,None,FALSE,FALSE,FALSE,FALSE,FALSE,249.5,38.882352941176464,0.4981134235858917,51.23,1283.8861083984375,
ODP,162,981,B,55.47736666666667,-14.65081667,2173.1,Shallow (<40 cm),FALSE,FALSE,FALSE,FALSE,FALSE,249.5,38.882352941176464,0.4981134235858917,51.23,1283.8861083984375,
ODP,162,981,C,55.47743333333333,-14.65075,2171.8,None,FALSE,FALSE,FALSE,FALSE,FALSE,249.5,38.882352941176464,0.4981134235858917,51.23,1283.8861083984375,
ODP,162,982,A,57.516533333333335,-15.86668333,1135.3,None,FALSE,FALSE,FALSE,TRUE,FALSE,247.8125,23.07142857142857,0.502471924,77.72,1231.9036865234375,
ODP,162,982,B,57.5167,-15.86655,1134,None,FALSE,FALSE,FALSE,FALSE,FALSE,247.8125,23.07142857142857,0.502471924,77.72,1231.9036865234375,
ODP,162,982,C,57.516816666666664,-15.86653333,1133.7,None,FALSE,FALSE,FALSE,FALSE,FALSE,247.8125,23.07142857142857,0.502471924,77.72,1231.9036865234375,
ODP,162,983,A,60.403333333333336,-23.64061667,1983,Shallow (<40 cm),FALSE,FALSE,FALSE,FALSE,FALSE,279.75,35.46666666666667,0.6345755457878113,52.8325,1177.6629638671875,5.258039951324463
ODP,162,983,C,60.40363333333333,-23.64071667,1985,None,FALSE,FALSE,FALSE,FALSE,FALSE,279.75,35.46666666666667,0.6345755457878113,52.8325,1177.6629638671875,5.258039951324463
ODP,162,984,A,61.42511666666667,-24.08231667,1649.3,None,FALSE,FALSE,FALSE,FALSE,FALSE,282.125,35.46666666666667,0.6514305472373962,53.6875,1233.035156,4.657768726348877
ODP,162,984,B,61.42528333333333,-24.08248333,1647.8,None,FALSE,FALSE,FALSE,FALSE,FALSE,282.125,35.46666666666667,0.6514305472373962,53.6875,1233.035156,4.657768726348877
ODP,162,984,C,61.4254,-24.08251667,1648.5,None,FALSE,FALSE,FALSE,FALSE,FALSE,282.125,35.46666666666667,0.6514305472373962,53.6875,1233.035156,4.657768726348877
ODP,162,984,D,61.425466666666665,-24.08261667,1647.9,None,FALSE,FALSE,FALSE,FALSE,FALSE,282.125,35.46666666666667,0.6514305472373962,53.6875,1233.035156,4.657768726348877
ODP,162,985,A,66.9415,-6.4502,2787.6,None,FALSE,FALSE,TRUE,TRUE,FALSE,305.125,35.46666666666667,0.6692735552787781,41.54,639.2354125976562,2.8552050590515137
ODP,162,985,B,66.94163333333333,-6.450016667,2787.8,None,FALSE,FALSE,FALSE,FALSE,FALSE,305.125,35.46666666666667,0.6692735552787781,41.54,639.2354125976562,2.8552050590515137
ODP,162,986,A,77.34063333333333,9.077683333333333,2051.5,Shallow (<40 cm),FALSE,TRUE,FALSE,TRUE,FALSE,321.9375,35.46666666666667,1.0210375785827637,17.416666666666668,,4.319227219
ODP,162,986,B,77.34051666666667,9.077733333333333,2053.1,None,FALSE,FALSE,FALSE,TRUE,FALSE,321.9375,35.46666666666667,1.0210375785827637,17.416666666666668,,4.319227219
ODP,162,986,C,77.34051666666667,9.077733333333333,2051.5,Shallow (<40 cm),FALSE,TRUE,FALSE,TRUE,FALSE,321.9375,35.46666666666667,1.0210375785827637,17.416666666666668,,4.319227219
ODP,162,987,A,70.4966,-17.93738333,1671.6,Deep (>40 cm),FALSE,TRUE,FALSE,TRUE,FALSE,309.1875,35.46666666666667,0.5988421440124512,36.462500000000006,537.6164551,10.952157974243164
ODP,162,987,B,70.49663333333334,-17.93693333,1671.9,Shallow (<40 cm),FALSE,TRUE,FALSE,TRUE,FALSE,309.1875,35.46666666666667,0.5988421440124512,36.462500000000006,537.6164551,10.952157974243164
ODP,162,987,C,70.49645,-17.93646667,1670.5,Deep (>40 cm),FALSE,FALSE,FALSE,FALSE,FALSE,309.1875,35.46666666666667,0.5988421440124512,36.462500000000006,537.6164551,10.952157974243164
ODP,162,987,D,70.49663333333334,-17.9363,1672.8,None,FALSE,FALSE,FALSE,FALSE,FALSE,309.1875,35.46666666666667,0.5988421440124512,36.462500000000006,537.6164551,10.952157974243164
ODP,163,988,A,65.70425,-34.87103333,262.6,None,FALSE,FALSE,FALSE,FALSE,TRUE,300.4285583496094,,0.4690757095813751,64,694.9864501953125,3.5407848358154297
ODP,163,989,A,63.52258333333333,-39.90188333,459.5,None,FALSE,FALSE,FALSE,FALSE,TRUE,296.4666748046875,,0.3667159676551819,18.29,781.5442504882812,4.671522141
ODP,164,991,A,32.98363333333333,-75.93001667,2567.5,Shallow (<40 cm),FALSE,FALSE,FALSE,FALSE,FALSE,226.9375,13.499999999999998,0.7190167307853699,26.585,203.8580322265625,6.2804741859436035
ODP,164,992,A,32.9757,-75.91601667,2586.9,None,FALSE,FALSE,FALSE,FALSE,TRUE,226.9375,13.499999999999998,0.7190167307853699,26.585,203.8580322265625,6.2804741859436035
ODP,164,993,A,32.962983333333334,-75.89475,2641.8,Shallow (<40 cm),FALSE,FALSE,FALSE,FALSE,FALSE,226.9375,13.499999999999998,0.7190167307853699,26.585,203.8580322265625,6.151606083
ODP,164,994,A,31.785683333333335,-75.54585,2797.6,Shallow (<40 cm),FALSE,FALSE,FALSE,FALSE,FALSE,229.75,13.499999999999998,0.6448389887809753,28.625000000000004,194.2734375,5.623931407928467
ODP,164,994,B,31.78565,-75.54566667,2797.6,None,FALSE,FALSE,FALSE,FALSE,TRUE,229.75,13.499999999999998,0.6448389887809753,28.625000000000004,194.2734375,5.623931407928467
ODP,164,994,C,31.78565,-75.54588333,2799.1,Shallow (<40 cm),FALSE,FALSE,FALSE,FALSE,FALSE,229.75,13.499999999999998,0.6448389887809753,28.625000000000004,194.2734375,5.623931407928467
ODP,164,995,A,31.8035,-75.52238333,2778.5,Shallow (<40 cm),FALSE,FALSE,FALSE,FALSE,FALSE,229.75,13.499999999999998,0.6621262431144714,28.625000000000004,194.2734375,5.703384876251221
ODP,164,995,B,31.803616666666667,-75.52226667,2776.9,None,FALSE,FALSE,FALSE,FALSE,TRUE,229.75,13.499999999999998,0.6621262431144714,28.625000000000004,194.2734375,5.703384876251221
ODP,164,996,A,32.493883333333336,-76.1909,2169.6,None,FALSE,FALSE,FALSE,FALSE,TRUE,213.4375,13.499999999999998,0.6104758381843567,21.675,237.93788146972656,6.9934186935424805
ODP,164,996,B,32.4939,-76.19091667,2172.7,None,FALSE,FALSE,FALSE,FALSE,TRUE,213.4375,13.499999999999998,0.6104758381843567,21.675,237.93788146972656,6.9934186935424805
ODP,164,996,C,32.493966666666665,-76.19091667,2170.7,None,FALSE,FALSE,FALSE,FALSE,FALSE,213.4375,13.499999999999998,0.6104758381843567,21.675,237.93788146972656,6.9934186935424805
ODP,164,996,E,32.49386666666667,-76.19046667,2170,Shallow (<40 cm),FALSE,FALSE,FALSE,FALSE,FALSE,213.4375,13.499999999999998,0.6104758381843567,21.675,237.93788146972656,6.9934186935424805
ODP,164,997,A,31.843133333333338,-75.46863333,2770.1,Shallow (<40 cm),FALSE,FALSE,FALSE,FALSE,FALSE,229.75,20.444444444444443,0.6621262431144714,28.625000000000004,194.2734375,5.528411865234375
ODP,165,998,A,19.489616666666667,-82.9361,3179.9,None,FALSE,FALSE,FALSE,FALSE,FALSE,,9.888888888888886,1.6806474924087524,52.77,173.36875915527344,16.596248626708984
ODP,165,999,A,12.743983333333333,-78.73933333,2827.9,Shallow (<40 cm),FALSE,FALSE,FALSE,TRUE,FALSE,,9.888888888888886,1.6634140014648438,42.07,261.1805419921875,
ODP,165,1000,A,16.553716666666666,-79.8674,915.9,Shallow (<40 cm),FALSE,FALSE,TRUE,FALSE,FALSE,,9.888888888888886,1.7515301704406738,68.89750000000001,271.1687316894531,
ODP,165,1002,A,10.7061,-65.16965,892.7,None,FALSE,FALSE,FALSE,FALSE,FALSE,,15.666666666666668,2.154789924621582,,493.8786010742187,
ODP,165,1002,C,10.706133333333334,-65.16943333,892.6,None,FALSE,FALSE,FALSE,FALSE,FALSE,,15.666666666666668,2.154789924621582,,493.8786010742187,
ODP,165,1002,D,10.706133333333334,-65.16935,893.2,None,FALSE,FALSE,FALSE,FALSE,FALSE,,15.666666666666668,2.154789924621582,,493.8786010742187,
ODP,165,1002,E,10.706066666666668,-65.16925,893.1,None,FALSE,FALSE,FALSE,FALSE,FALSE,,15.666666666666668,2.154789924621582,,493.8786010742187,
ODP,166,1003,A,24.5458,-79.2607,481.4,None,FALSE,FALSE,FALSE,FALSE,FALSE,167.4166717529297,9.888888888888886,0.2272417992353439,80.64,724.7702026367188,
ODP,166,1003,B,24.546,-79.2608,483.3,None,FALSE,FALSE,FALSE,FALSE,FALSE,167.4166717529297,9.888888888888886,0.2272417992353439,80.64,724.7702026367188,
ODP,166,1004,A,24.5547,-79.2492,418.9,None,FALSE,FALSE,FALSE,FALSE,FALSE,167.4166717529297,9.888888888888886,0.2272417992353439,80.64,724.7702026367188,
ODP,166,1005,A,24.5629,-79.2357,350.7,None,FALSE,FALSE,FALSE,FALSE,FALSE,167.4166717529297,9.888888888888886,0.2272417992353439,80.64,724.7702026367188,
ODP,166,1005,B,24.5628,-79.2357,351.7,None,FALSE,FALSE,FALSE,FALSE,FALSE,167.4166717529297,9.888888888888886,0.2272417992353439,80.64,724.7702026367188,
ODP,166,1006,A,24.3998,-79.459,657.9,None,FALSE,FALSE,FALSE,FALSE,FALSE,167.4166717529297,9.888888888888886,0.2274246215820312,80.64,724.7702026367188,
ODP,166,1006,B,24.3998,-79.4592,657.5,None,FALSE,FALSE,FALSE,FALSE,FALSE,167.4166717529297,9.888888888888886,0.2274246215820312,80.64,724.7702026367188,
ODP,166,1006,C,24.3999,-79.4593,658.4,None,FALSE,FALSE,FALSE,FALSE,FALSE,167.4166717529297,9.888888888888886,0.2274246215820312,80.64,724.7702026367188,
ODP,166,1006,D,24.3999,-79.4593,657.4,None,FALSE,FALSE,FALSE,FALSE,FALSE,167.4166717529297,9.888888888888886,0.2274246215820312,80.64,724.7702026367188,
ODP,166,1007,A,24.5044,-79.3223,650.3,None,FALSE,FALSE,FALSE,FALSE,FALSE,167.4166717529297,9.888888888888886,0.2267740219831466,80.64,724.7702026367188,
ODP,166,1007,B,24.5044,-79.3223,647.4,None,FALSE,FALSE,FALSE,FALSE,FALSE,167.4166717529297,9.888888888888886,0.2267740219831466,80.64,724.7702026367188,
ODP,166,1008,A,23.6107,-79.0835,437.1,None,FALSE,FALSE,FALSE,FALSE,FALSE,167.22222900390625,9.888888888888886,0.20897077,77.9275,557.4311523,
ODP,166,1009,A,23.614,-79.05,307.9,None,FALSE,FALSE,FALSE,FALSE,FALSE,167.22222900390625,9.888888888888886,0.20897077,77.9275,557.4311523,
ODP,167,1010,A,29.965,-118.1007833,3464.5,None,FALSE,FALSE,TRUE,TRUE,FALSE,65.6875,-14.77777778,1.6893354654312134,0.9,468.3540954589844,1.3048886060714722
ODP,167,1010,B,29.965083333333332,-118.1007333,3465.5,None,FALSE,FALSE,FALSE,FALSE,FALSE,65.6875,-14.77777778,1.6893354654312134,0.9,468.3540954589844,1.3048886060714722
ODP,167,1010,C,29.965083333333332,-118.1007833,3465.7,None,FALSE,FALSE,FALSE,FALSE,FALSE,65.6875,-14.77777778,1.6893354654312134,0.9,468.3540954589844,1.3048886060714722
ODP,167,1010,D,29.965016666666667,-118.10065,3466.7,None,FALSE,FALSE,FALSE,FALSE,FALSE,65.6875,-14.77777778,1.6893354654312134,0.9,468.3540954589844,1.3048886060714722
ODP,167,1010,E,29.965083333333332,-118.1005333,3464.7,None,FALSE,FALSE,FALSE,FALSE,FALSE,65.6875,-14.77777778,1.6893354654312134,0.9,468.3540954589844,1.3048886060714722
ODP,167,1010,F,29.964933333333335,-118.1005667,3465.4,None,FALSE,FALSE,FALSE,FALSE,FALSE,65.6875,-14.77777778,1.6893354654312134,0.9,468.3540954589844,1.3048886060714722
ODP,167,1011,B,31.2803,-117.633,2021.6,None,FALSE,FALSE,FALSE,FALSE,FALSE,59.20000076293945,-14.77777778,2.259248971939087,36.19,1035.205566,1.2064048051834106
ODP,167,1011,C,31.2803,-117.633,2022.3,None,FALSE,FALSE,FALSE,FALSE,FALSE,59.20000076293945,-14.77777778,2.259248971939087,36.19,1035.205566,1.2064048051834106
ODP,167,1011,D,31.2803,-117.633,2020.2,None,FALSE,FALSE,FALSE,FALSE,FALSE,59.20000076293945,-14.77777778,2.259248971939087,36.19,1035.205566,1.2064048051834106
ODP,167,1011,E,31.2804,-117.516,2019.9,None,FALSE,FALSE,FALSE,FALSE,FALSE,59.20000076293945,-14.77777778,2.213400126,36.19,1035.205566,1.1803812980651855
ODP,167,1012,A,32.2828,-118.383,1773.3,None,FALSE,FALSE,FALSE,FALSE,FALSE,68.66666412353516,-14.77777778,2.8209128379821777,36.195,942.2218627929688,1.4158788919448853
ODP,167,1012,B,32.2826,-118.383,1771.7,None,FALSE,FALSE,FALSE,FALSE,FALSE,68.66666412353516,-14.77777778,2.8209128379821777,36.195,942.2218627929688,1.4158788919448853
ODP,167,1012,C,32.2828,-118.384,1771.9,None,FALSE,FALSE,FALSE,FALSE,FALSE,68.66666412353516,-14.77777778,2.8209128379821777,36.195,942.2218627929688,1.4158788919448853
ODP,167,1013,A,32.8007,-118.898,1564.4,None,FALSE,FALSE,FALSE,FALSE,FALSE,68.66666412353516,-14.77777778,2.9866139888763428,36.195,942.2218627929688,1.394924879074097
ODP,167,1013,B,32.801,-118.898,1563.4,None,FALSE,FALSE,FALSE,FALSE,FALSE,68.66666412353516,-14.77777778,2.9866139888763428,36.195,942.2218627929688,1.394924879074097
ODP,167,1013,C,32.801,-118.898,1564.8,None,FALSE,FALSE,FALSE,FALSE,FALSE,68.66666412353516,-14.77777778,2.9866139888763428,36.195,942.2218627929688,1.394924879074097
ODP,167,1014,A,32.8332,-119.981,1164.8,None,FALSE,FALSE,FALSE,FALSE,FALSE,80.75,-14.77777778,2.478851318359375,27.3925,1175.6739501953125,1.9038740396499632
ODP,167,1014,B,32.8341,-119.981,1166.7,None,FALSE,FALSE,FALSE,FALSE,FALSE,80.75,-14.77777778,2.478851318359375,27.3925,1175.6739501953125,1.9038740396499632
ODP,167,1014,C,32.8341,-119.981,1165.4,None,FALSE,FALSE,FALSE,FALSE,FALSE,80.75,-14.77777778,2.478851318359375,27.3925,1175.6739501953125,1.9038740396499632
ODP,167,1014,D,32.8341,-119.981,1166,None,FALSE,FALSE,FALSE,FALSE,FALSE,80.75,-14.77777778,2.478851318359375,27.3925,1175.6739501953125,1.9038740396499632
ODP,167,1015,A,33.7154,-118.819,900.8,None,FALSE,FALSE,FALSE,FALSE,FALSE,65.30769348144531,-14.77777778,3.2512075901031494,36.18,1478.274414,
ODP,167,1015,B,33.7154,-118.818,901.5,None,FALSE,FALSE,FALSE,FALSE,FALSE,65.30769348144531,-14.77777778,3.2512075901031494,36.18,1478.274414,
ODP,167,1016,A,34.5403,-122.276,3834.3,None,FALSE,FALSE,FALSE,FALSE,FALSE,106.9375,-14.77777778,2.246523619,0.88,1084.189208984375,2.297046422958374
ODP,167,1016,B,34.5386,-122.276,3836.6,None,FALSE,FALSE,FALSE,FALSE,FALSE,106.9375,-14.77777778,2.246523619,0.88,1084.189208984375,2.297046422958374
ODP,167,1016,C,34.5382,-122.276,3835.2,None,FALSE,FALSE,FALSE,FALSE,FALSE,106.9375,-14.77777778,2.246523619,0.88,1084.189208984375,2.297046422958374
ODP,167,1016,D,34.5384,-122.276,3834.4,None,FALSE,FALSE,FALSE,FALSE,FALSE,106.9375,-14.77777778,2.246523619,0.88,1084.189208984375,2.297046422958374
ODP,167,1017,A,34.5348,-121.107,955.6,None,FALSE,FALSE,FALSE,FALSE,FALSE,90.26667022705078,-14.77777778,2.499250650405884,3,1769.093505859375,2.465928077697754
ODP,167,1017,B,34.5349,-121.106,955.1,None,FALSE,FALSE,FALSE,FALSE,FALSE,90.26667022705078,-14.77777778,2.499250650405884,3,1769.093505859375,2.465928077697754
ODP,167,1017,C,34.5349,-121.107,956.1,None,FALSE,FALSE,TRUE,FALSE,FALSE,90.26667022705078,-14.77777778,2.499250650405884,3,1769.093505859375,2.465928077697754
ODP,167,1017,D,34.5348,-121.107,955.3,None,FALSE,FALSE,FALSE,FALSE,FALSE,90.26667022705078,-14.77777778,2.499250650405884,3,1769.093505859375,2.465928077697754
ODP,167,1017,E,34.535,-121.107,955.5,None,FALSE,FALSE,FALSE,FALSE,FALSE,90.26667022705078,-14.77777778,2.499250650405884,3,1769.093505859375,2.465928077697754
ODP,167,1018,A,36.9883,-123.277,2477.4,None,FALSE,FALSE,FALSE,FALSE,FALSE,97.8125,-14.77777778,2.506176710128784,3.21,1169.542969,2.432051658630371
ODP,167,1018,B,36.9897,-123.275,2475.6,None,FALSE,FALSE,FALSE,FALSE,FALSE,97.8125,-14.77777778,2.506176710128784,3.21,1169.542969,2.432051658630371
ODP,167,1018,C,36.9898,-123.275,2476.8,None,FALSE,FALSE,FALSE,FALSE,FALSE,97.8125,-14.77777778,2.506176710128784,3.21,1169.542969,2.432051658630371
ODP,167,1018,D,36.9899,-123.275,2476,None,FALSE,FALSE,FALSE,FALSE,FALSE,97.8125,-14.77777778,2.506176710128784,3.21,1169.542969,2.432051658630371
ODP,167,1019,A,41.6828,-124.933,980.1,None,FALSE,FALSE,FALSE,FALSE,FALSE,88.625,-14.77777778,1.7391945123672483,2.995,1451.172363,17.883480072021484
ODP,167,1019,B,41.6829,-124.933,984.1,None,FALSE,FALSE,TRUE,FALSE,FALSE,88.625,-14.77777778,1.7391945123672483,2.995,1451.172363,17.883480072021484
ODP,167,1019,C,41.6829,-124.932,976.9,None,FALSE,FALSE,FALSE,FALSE,FALSE,88.625,-14.77777778,1.7391945123672483,2.995,1451.172363,17.883480072021484
ODP,167,1019,D,41.6828,-124.933,977.6,None,FALSE,FALSE,FALSE,FALSE,FALSE,88.625,-14.77777778,1.7391945123672483,2.995,1451.172363,17.883480072021484
ODP,167,1019,E,41.6827,-124.933,978.2,None,FALSE,FALSE,FALSE,FALSE,FALSE,88.625,-14.77777778,1.7391945123672483,2.995,1451.172363,17.883480072021484
ODP,167,1020,A,41.009,-126.434,3041.6,None,FALSE,FALSE,FALSE,FALSE,FALSE,99.0625,-14.77777778,1.5980745553970337,4.9975,1002.3060302734376,14.789931297302246
ODP,167,1020,B,41.009,-126.434,3038.8,None,FALSE,FALSE,FALSE,FALSE,FALSE,99.0625,-14.77777778,1.5980745553970337,4.9975,1002.3060302734376,14.789931297302246
ODP,167,1020,C,41.008,-126.434,3037.9,None,FALSE,FALSE,FALSE,FALSE,FALSE,99.0625,-14.77777778,1.5980745553970337,4.9975,1002.3060302734376,14.789931297302246
ODP,167,1020,D,41.008,-126.434,3037.8,None,FALSE,FALSE,FALSE,FALSE,FALSE,99.0625,-14.77777778,1.5980745553970337,4.9975,1002.3060302734376,14.789931297302246
ODP,167,1021,A,39.0875,-127.783,4215,None,FALSE,FALSE,TRUE,FALSE,FALSE,115.8125,-14.77777778,0.751749575,1.145,729.6407470703125,2.436556816101074
ODP,167,1021,B,39.0875,-127.783,4211.5,Deep (>40 cm),FALSE,FALSE,TRUE,FALSE,FALSE,115.8125,-14.77777778,0.751749575,1.145,729.6407470703125,2.436556816101074
ODP,167,1021,C,39.0874,-127.783,4212.9,Deep (>40 cm),FALSE,FALSE,TRUE,FALSE,FALSE,115.8125,-14.77777778,0.751749575,1.145,729.6407470703125,2.436556816101074
ODP,167,1021,D,39.0873,-127.783,4212.4,Shallow (<40 cm),FALSE,FALSE,TRUE,FALSE,FALSE,115.8125,-14.77777778,0.751749575,1.145,729.6407470703125,2.436556816101074
ODP,167,1022,A,40.0808,-125.342,1927,None,FALSE,FALSE,FALSE,FALSE,FALSE,96.6875,-14.77777778,2.087217092514038,5.807499999999999,1204.2567138671875,13.901196479797363
ODP,167,1022,B,40.0808,-125.342,1926,None,FALSE,FALSE,TRUE,FALSE,FALSE,96.6875,-14.77777778,2.087217092514038,5.807499999999999,1204.2567138671875,13.901196479797363
ODP,167,1022,C,40.0807,-125.342,1926,None,FALSE,FALSE,FALSE,FALSE,FALSE,96.6875,-14.77777778,2.087217092514038,5.807499999999999,1204.2567138671875,13.901196479797363
ODP,168,1023,A,47.9173,-128.792,2593.3,None,FALSE,FALSE,FALSE,FALSE,FALSE,85.375,-14.77777778,1.5582501888275146,18.1275,790.1860352,14.718908309936523
ODP,168,1024,A,47.9087,-128.749,2612.4,None,FALSE,FALSE,TRUE,FALSE,FALSE,85.375,-14.77777778,1.556792378425598,18.1275,790.1860352,14.718908309936523
ODP,168,1024,B,47.9046,-128.752,2614,None,FALSE,FALSE,FALSE,FALSE,FALSE,85.375,-14.77777778,1.556792378425598,18.1275,790.1860352,14.718908309936523
ODP,168,1025,A,47.8875,-128.648,2606.2,Shallow (<40 cm),FALSE,FALSE,TRUE,FALSE,FALSE,85.375,-14.77777778,1.5572326183319092,18.1275,790.1860352,15.468510627746582
ODP,168,1025,B,47.8833,-128.65,2613.6,None,FALSE,FALSE,FALSE,FALSE,FALSE,85.375,-14.77777778,1.5572326183319092,18.1275,790.1860352,15.468510627746582
ODP,168,1026,A,47.7626,-127.759,2658.1,None,FALSE,FALSE,FALSE,FALSE,FALSE,83.4375,-14.77777778,1.6550816297531128,19.6425,937.2064208984376,28.33656311035156
ODP,168,1027,B,47.7569,-127.73,2657,None,FALSE,FALSE,FALSE,TRUE,FALSE,83.4375,-14.77777778,1.6550816297531128,19.6425,937.2064208984376,28.33656311035156
ODP,168,1028,A,47.858,-128.504,2659,None,FALSE,FALSE,FALSE,FALSE,FALSE,85.375,-14.77777778,1.5660972595214844,18.1275,790.1860352,16.703903198242188
ODP,168,1029,A,47.8317,-128.376,2653,None,FALSE,FALSE,FALSE,FALSE,FALSE,85.375,-14.77777778,1.574203610420227,18.1275,790.1860352,19.295259475708008
ODP,168,1030,A,47.8975,-128.561,2574,None,FALSE,FALSE,TRUE,FALSE,FALSE,85.375,-14.77777778,1.5619871616363523,18.1275,790.1860352,16.703903198242188
ODP,168,1030,B,47.8975,-128.561,2573,Shallow (<40 cm),FALSE,FALSE,TRUE,TRUE,FALSE,85.375,-14.77777778,1.5619871616363523,18.1275,790.1860352,16.703903198242188
ODP,168,1031,A,47.89,-128.566,2588,None,FALSE,FALSE,FALSE,FALSE,FALSE,85.375,-14.77777778,1.5619871616363523,18.1275,790.1860352,16.703903198242188
ODP,169,1035,A,48.43366666666667,-128.6820333,2444.9,None,FALSE,FALSE,FALSE,FALSE,FALSE,87.0625,-14.77777778,1.584619402885437,16.9925,1061.3599853515625,19.080602645874023
ODP,169,1035,C,48.4332,-128.6810333,2447.5,None,FALSE,FALSE,FALSE,FALSE,TRUE,87.0625,-14.77777778,1.584619402885437,16.9925,1061.3599853515625,19.080602645874023
ODP,169,1035,D,48.433683333333335,-128.6799833,2448.3,None,FALSE,FALSE,FALSE,FALSE,FALSE,87.0625,-14.77777778,1.584619402885437,16.9925,1061.3599853515625,19.080602645874023
ODP,169,1035,E,48.432766666666666,-128.6809167,2453.1,None,FALSE,FALSE,TRUE,FALSE,FALSE,87.0625,-14.77777778,1.584619402885437,16.9925,1061.3599853515625,19.080602645874023
ODP,169,1035,F,48.43311666666666,-128.6810167,2447.4,None,FALSE,FALSE,FALSE,FALSE,TRUE,87.0625,-14.77777778,1.584619402885437,16.9925,1061.3599853515625,19.080602645874023
ODP,169,1035,H,48.43053333333334,-128.68185,2443.3,None,FALSE,FALSE,FALSE,FALSE,FALSE,87.0625,-14.77777778,1.584619402885437,16.9925,1061.3599853515625,19.080602645874023
ODP,169,1036,A,48.45616666666667,-128.70975,2407.4,None,FALSE,FALSE,FALSE,FALSE,FALSE,87.0625,-14.77777778,1.5813090801239014,16.9925,1061.3599853515625,17.80323600769043
ODP,169,1036,B,48.4564,-128.7101167,2414.4,None,FALSE,FALSE,FALSE,FALSE,FALSE,87.0625,-14.77777778,1.5813090801239014,16.9925,1061.3599853515625,17.80323600769043
ODP,169,1036,C,48.456633333333336,-128.7105167,2413.5,Shallow (<40 cm),FALSE,FALSE,FALSE,FALSE,FALSE,87.0625,-14.77777778,1.5813090801239014,16.9925,1061.3599853515625,17.80323600769043
ODP,169,1037,A,40.95495,-127.51515,3302.3,None,FALSE,FALSE,FALSE,FALSE,FALSE,109.625,-14.77777778,1.323243498802185,4.79,770.0686035,10.114657402038574
ODP,169,1037,B,40.95498333333333,-127.515,3300.2,None,FALSE,FALSE,FALSE,FALSE,FALSE,109.625,-14.77777778,1.323243498802185,4.79,770.0686035,10.114657402038574
ODP,169,1038,A,41.00026666666667,-127.4943,3221.8,None,FALSE,FALSE,FALSE,FALSE,TRUE,104.125,-14.77777778,1.3553305864334106,8.2425,788.3373413085938,10.223490715026855
ODP,169,1038,B,41.000416666666666,-127.49785,3254.3,None,FALSE,FALSE,FALSE,FALSE,FALSE,104.125,-14.77777778,1.3553305864334106,8.2425,788.3373413085938,10.223490715026855
ODP,169,1038,C,41.003033333333335,-127.4934,3227.2,None,FALSE,FALSE,FALSE,FALSE,FALSE,104.125,-14.77777778,1.3553305864334106,8.2425,788.3373413085938,10.223490715026855
ODP,169,1038,D,41.0024,-127.4935833,3225.2,None,FALSE,FALSE,FALSE,FALSE,FALSE,104.125,-14.77777778,1.3553305864334106,8.2425,788.3373413085938,10.223490715026855
ODP,169,1038,E,41.00001666666667,-127.4941,3209.2,None,FALSE,FALSE,FALSE,FALSE,TRUE,104.125,-14.77777778,1.3553305864334106,8.2425,788.3373413085938,10.223490715026855
ODP,169,1038,F,40.9955,-127.4881333,3240.2,None,FALSE,FALSE,FALSE,FALSE,TRUE,109.625,-14.77777778,1.3553305864334106,4.79,770.0686035,10.338850021362305
ODP,169,1038,G,40.99543333333333,-127.4881,3239.2,None,FALSE,FALSE,FALSE,FALSE,TRUE,109.625,-14.77777778,1.3553305864334106,4.79,770.0686035,10.338850021362305
ODP,169,1038,H,41.000083333333336,-127.4942167,3222.2,None,FALSE,FALSE,FALSE,FALSE,FALSE,104.125,-14.77777778,1.3553305864334106,8.2425,788.3373413085938,10.223490715026855
ODP,169,1038,I,40.99805,-127.4927333,3215.2,None,FALSE,FALSE,FALSE,TRUE,FALSE,109.625,-14.77777778,1.3553305864334106,4.79,770.0686035,10.338850021362305
ODP,170,1039,A,9.6399,-86.2001,4351.7,None,FALSE,FALSE,FALSE,FALSE,FALSE,82.125,-1,2.4514241218566895,6.6225000000000005,575.7074584960938,3.3111748695373535
ODP,170,1039,B,9.64,-86.2,4353.5,None,FALSE,FALSE,FALSE,FALSE,FALSE,82.125,-1,2.4514241218566895,6.6225000000000005,575.7074584960938,3.3111748695373535
ODP,170,1040,A,9.6617,-86.1791,4177,None,FALSE,FALSE,FALSE,FALSE,FALSE,82.125,-1,2.4514241218566895,6.6225000000000005,575.7074584960938,3.280855178833008
ODP,170,1040,B,9.6617,-86.1791,4178,None,FALSE,FALSE,FALSE,FALSE,FALSE,82.125,-1,2.4514241218566895,6.6225000000000005,575.7074584960938,3.280855178833008
ODP,170,1041,A,9.7337,-86.1165,3306.1,None,FALSE,FALSE,FALSE,FALSE,FALSE,82.125,-1,2.3316664695739746,6.6225000000000005,575.7074584960938,3.1822104454040527
ODP,170,1043,A,9.6545,-86.186,4312.7,None,FALSE,FALSE,FALSE,FALSE,FALSE,82.125,-1,2.4514241218566895,6.6225000000000005,575.7074584960938,3.280855178833008
ODP,172,1054,A,33,-76.28333333,1291.3,None,FALSE,FALSE,FALSE,FALSE,FALSE,212.1499938964844,13.499999999999998,0.618434727,21.675,317.1669006347656,6.750256538391113
ODP,172,1054,B,32.99975,-76.28333333,1293.6,None,FALSE,FALSE,FALSE,FALSE,FALSE,213.4375,13.499999999999998,0.618434727,21.675,237.93788146972656,6.750256538391113
ODP,172,1054,C,32.99946666666666,-76.28333333,1294.7,None,FALSE,FALSE,FALSE,FALSE,FALSE,213.4375,13.499999999999998,0.618434727,21.675,237.93788146972656,6.750256538391113
ODP,172,1055,A,32.78403333333333,-76.28616667,1798.7,None,FALSE,FALSE,FALSE,FALSE,FALSE,213.4375,13.499999999999998,0.6084473133087158,21.675,237.93788146972656,6.961663246154785
ODP,172,1055,B,32.784016666666666,-76.28631667,1797.7,None,FALSE,FALSE,FALSE,FALSE,FALSE,213.4375,13.499999999999998,0.6084473133087158,21.675,237.93788146972656,6.961663246154785
ODP,172,1055,C,32.78426666666667,-76.28633333,1797.7,None,FALSE,FALSE,FALSE,FALSE,FALSE,213.4375,13.499999999999998,0.6084473133087158,21.675,237.93788146972656,6.961663246154785
ODP,172,1055,D,32.78451666666667,-76.28631667,1798.6,None,FALSE,FALSE,FALSE,FALSE,FALSE,213.4375,13.499999999999998,0.6084473133087158,21.675,237.93788146972656,6.961663246154785
ODP,172,1055,E,32.78488333333333,-76.28633333,1797.7,None,FALSE,FALSE,FALSE,FALSE,FALSE,213.4375,13.499999999999998,0.6084473133087158,21.675,237.93788146972656,6.961663246154785
ODP,172,1056,A,32.485,-76.33005,2166.7,None,FALSE,FALSE,TRUE,TRUE,FALSE,213.4375,13.499999999999998,0.5708475112915039,21.675,237.93788146972656,7.369790077209473
ODP,172,1056,B,32.485033333333334,-76.32998333,2166.6,Shallow (<40 cm),FALSE,FALSE,TRUE,FALSE,FALSE,213.4375,13.499999999999998,0.5708475112915039,21.675,237.93788146972656,7.369790077209473
ODP,172,1056,C,32.48518333333333,-76.33018333,2166.9,Shallow (<40 cm),FALSE,TRUE,TRUE,FALSE,FALSE,213.4375,13.499999999999998,0.5708475112915039,21.675,237.93788146972656,7.369790077209473
ODP,172,1056,D,32.485366666666664,-76.33041667,2166.4,None,FALSE,FALSE,FALSE,FALSE,FALSE,213.4375,13.499999999999998,0.5708475112915039,21.675,237.93788146972656,7.369790077209473
ODP,172,1057,A,32.029183333333336,-76.07921667,2583.7,Deep (>40 cm),FALSE,TRUE,TRUE,FALSE,FALSE,213.4375,13.499999999999998,0.5862347483634949,21.675,237.93788146972656,6.703216075897217
ODP,172,1057,B,32.028866666666666,-76.07923333,2584.5,Deep (>40 cm),FALSE,TRUE,TRUE,FALSE,FALSE,213.4375,13.499999999999998,0.5862347483634949,21.675,237.93788146972656,6.703216075897217
ODP,172,1057,C,32.02856666666667,-76.07925,2583.2,Deep (>40 cm),FALSE,TRUE,TRUE,FALSE,FALSE,213.4375,13.499999999999998,0.5862347483634949,21.675,237.93788146972656,6.703216075897217
ODP,172,1058,A,31.69025,-75.43008333,2984.5,None,FALSE,FALSE,TRUE,FALSE,FALSE,229.75,20.444444444444443,0.6648938655853271,28.625000000000004,194.2734375,5.376448631286621
ODP,172,1058,B,31.690033333333332,-75.43006667,2984,Shallow (<40 cm),FALSE,TRUE,FALSE,FALSE,FALSE,229.75,20.444444444444443,0.6648938655853271,28.625000000000004,194.2734375,5.376448631286621
ODP,172,1058,C,31.689766666666667,-75.43001667,2984,Shallow (<40 cm),FALSE,FALSE,FALSE,FALSE,FALSE,229.75,20.444444444444443,0.6648938655853271,28.625000000000004,194.2734375,5.376448631286621
ODP,172,1059,A,31.67435,-75.41878333,2985.4,Shallow (<40 cm),FALSE,FALSE,FALSE,FALSE,FALSE,229.75,20.444444444444443,0.6648938655853271,28.625000000000004,194.2734375,5.376448631286621
ODP,172,1059,B,31.674216666666663,-75.41853333,2985.2,Shallow (<40 cm),FALSE,FALSE,TRUE,FALSE,FALSE,229.75,20.444444444444443,0.6648938655853271,28.625000000000004,194.2734375,5.376448631286621
ODP,172,1059,C,31.674033333333337,-75.4183,2984.7,None,FALSE,FALSE,FALSE,FALSE,FALSE,229.75,20.444444444444443,0.6648938655853271,28.625000000000004,194.2734375,5.376448631286621
ODP,172,1060,A,30.75995,-74.4665,3481.2,Deep (>40 cm),FALSE,TRUE,TRUE,FALSE,FALSE,242.75,20.444444444444443,0.5449356436729431,33.7425,177.4263916015625,3.3409576416015625
ODP,172,1060,B,30.75975,-74.46648333,3480.8,Deep (>40 cm),FALSE,TRUE,TRUE,FALSE,FALSE,242.75,20.444444444444443,0.5449356436729431,33.7425,177.4263916015625,3.3409576416015625
ODP,172,1060,C,30.75946666666667,-74.4665,3481.2,Deep (>40 cm),FALSE,TRUE,TRUE,FALSE,FALSE,242.75,20.444444444444443,0.5449356436729431,33.7425,177.4263916015625,3.3409576416015625
ODP,172,1061,A,29.974966666666667,-73.59988333,4046.6,None,FALSE,FALSE,TRUE,FALSE,FALSE,254.0625,20.444444444444443,0.5205385684967041,34.44,160.4899902,2.8472235202789307
ODP,172,1061,B,29.975283333333337,-73.59985,4043.6,None,FALSE,FALSE,TRUE,FALSE,FALSE,254.0625,20.444444444444443,0.5205385684967041,34.44,160.4899902,2.8472235202789307
ODP,172,1061,C,29.97525,-73.59986667,4036.8,Deep (>40 cm),FALSE,TRUE,TRUE,FALSE,FALSE,254.0625,20.444444444444443,0.5205385684967041,34.44,160.4899902,2.8472235202789307
ODP,172,1061,D,29.97555,-73.59983333,4038.4,Deep (>40 cm),FALSE,TRUE,FALSE,FALSE,FALSE,254.0625,20.444444444444443,0.5205385684967041,34.44,160.4899902,2.8472235202789307
ODP,172,1061,E,29.975933333333337,-73.59988333,4035.7,Deep (>40 cm),FALSE,TRUE,TRUE,FALSE,FALSE,254.0625,20.444444444444443,0.5205385684967041,34.44,160.4899902,2.8472235202789307
ODP,172,1062,A,28.246366666666667,-74.40698333,4763.3,Deep (>40 cm),FALSE,TRUE,FALSE,FALSE,FALSE,247.5,20.444444444444443,0.4831040203571319,43.505,154.35020446777344,2.019936800003052
ODP,172,1062,B,28.246483333333337,-74.407,4763,Deep (>40 cm),FALSE,FALSE,TRUE,FALSE,FALSE,247.5,20.444444444444443,0.4831040203571319,43.505,154.35020446777344,2.019936800003052
ODP,172,1062,C,28.246583333333337,-74.40693333,4760.6,Deep (>40 cm),FALSE,TRUE,TRUE,FALSE,FALSE,247.5,20.444444444444443,0.4831040203571319,43.505,154.35020446777344,2.019936800003052
ODP,172,1062,D,28.246333333333332,-74.40693333,4760.2,Deep (>40 cm),FALSE,TRUE,TRUE,FALSE,FALSE,247.5,20.444444444444443,0.4831040203571319,43.505,154.35020446777344,2.019936800003052
ODP,172,1062,E,28.246083333333335,-74.41758333,4774,Deep (>40 cm),FALSE,TRUE,TRUE,FALSE,FALSE,247.5,20.444444444444443,0.4831040203571319,43.505,154.35020446777344,2.019936800003052
ODP,172,1062,F,28.246183333333335,-74.41775,4773.7,Deep (>40 cm),FALSE,TRUE,TRUE,FALSE,FALSE,247.5,20.444444444444443,0.4831040203571319,43.505,154.35020446777344,2.019936800003052
ODP,172,1062,G,28.245916666666663,-74.41036667,4747.5,Shallow (<40 cm),FALSE,FALSE,TRUE,FALSE,FALSE,247.5,20.444444444444443,0.4831040203571319,43.505,154.35020446777344,2.019936800003052
ODP,172,1062,H,28.2459,-74.41033333,4745.3,Deep (>40 cm),FALSE,TRUE,TRUE,FALSE,FALSE,247.5,20.444444444444443,0.4831040203571319,43.505,154.35020446777344,2.019936800003052
ODP,172,1063,A,33.686733333333336,-57.61496667,4583.5,Deep (>40 cm),FALSE,FALSE,TRUE,FALSE,FALSE,259.5625,20.444444444444443,0.4204699397087097,28.7375,210.1807098388672,1.1431567668914795
ODP,172,1063,B,33.686483333333335,-57.61496667,4583,Deep (>40 cm),FALSE,TRUE,TRUE,FALSE,FALSE,259.5625,20.444444444444443,0.4204699397087097,28.7375,210.1807098388672,1.1431567668914795
ODP,172,1063,C,33.68635,-57.61505,4584.1,Deep (>40 cm),FALSE,FALSE,TRUE,FALSE,FALSE,259.5625,20.444444444444443,0.4204699397087097,28.7375,210.1807098388672,1.1431567668914795
ODP,172,1063,D,33.6862,-57.61511667,4584.3,Deep (>40 cm),FALSE,TRUE,FALSE,FALSE,FALSE,259.5625,20.444444444444443,0.4204699397087097,28.7375,210.1807098388672,1.1431567668914795
ODP,172,1064,A,32.54533333333333,-57.07646667,5568.3,None,FALSE,FALSE,TRUE,FALSE,FALSE,258,20.444444444444443,0.4325825870037079,24.675,190.82313537597656,0.7809510231018066
ODP,175,1075,A,-4.785333333,10.074983333333334,2995.7,None,FALSE,FALSE,FALSE,FALSE,FALSE,183.3999938964844,-6,2.2696475982666016,38.43333333333334,2581.432861328125,10.947245597839355
ODP,175,1075,B,-4.785333333,10.075033333333334,2995.2,None,FALSE,FALSE,FALSE,FALSE,TRUE,183.3999938964844,-6,2.2696475982666016,38.43333333333334,2581.432861328125,10.947245597839355
ODP,175,1075,C,-4.785333333,10.075166666666666,2995.5,None,FALSE,FALSE,FALSE,FALSE,FALSE,183.3999938964844,-6,2.2696475982666016,38.43333333333334,2581.432861328125,10.947245597839355
ODP,175,1076,A,-5.068866667,11.101533333333334,1404.2,None,FALSE,FALSE,FALSE,FALSE,FALSE,180.14285278320312,-6,2.452255964279175,63.035,4331.33252,11.18528938293457
ODP,175,1076,B,-5.068916667,11.101533333333334,1402.1,None,FALSE,FALSE,FALSE,FALSE,FALSE,180.14285278320312,-6,2.452255964279175,63.035,4331.33252,11.18528938293457
ODP,175,1076,C,-5.06885,11.10175,1402.4,None,FALSE,FALSE,FALSE,FALSE,FALSE,180.14285278320312,-6,2.452255964279175,63.035,4331.33252,11.18528938293457
ODP,175,1076,D,-5.06885,11.101916666666666,1401,None,FALSE,FALSE,FALSE,FALSE,FALSE,180.14285278320312,-6,2.452255964279175,63.035,4331.33252,11.18528938293457
ODP,175,1077,A,-5.17995,10.4366,2380,None,FALSE,FALSE,FALSE,FALSE,FALSE,192.375,-6,2.367928266525269,33.375,2974.118164,10.981104850769045
ODP,175,1077,B,-5.179966667,10.436383333333334,2381.4,None,FALSE,FALSE,FALSE,FALSE,FALSE,192.375,-6,2.367928266525269,33.375,2974.118164,10.981104850769045
ODP,175,1077,C,-5.179983333,10.43615,2385.2,None,FALSE,FALSE,FALSE,FALSE,FALSE,192.375,-6,2.367928266525269,33.375,2974.118164,10.981104850769045
ODP,175,1078,A,-11.92023333,13.400216666666669,427.2,None,FALSE,FALSE,FALSE,FALSE,FALSE,195.18182373046875,-6,2.243141412734986,,699.6804199,
ODP,175,1078,B,-11.92053333,13.400283333333334,426.1,None,FALSE,FALSE,FALSE,FALSE,FALSE,195.18182373046875,-6,2.243141412734986,,699.6804199,
ODP,175,1078,C,-11.92078333,13.400266666666669,426,None,FALSE,FALSE,FALSE,FALSE,FALSE,195.18182373046875,-6,2.243141412734986,,699.6804199,
ODP,175,1078,D,-11.9211,13.400283333333334,427.4,None,FALSE,FALSE,FALSE,FALSE,FALSE,195.18182373046875,-6,2.243141412734986,,699.6804199,
ODP,175,1079,A,-11.92963333,13.309066666666666,737.9,None,FALSE,FALSE,FALSE,FALSE,FALSE,195.18182373046875,-6,2.2363669872283936,,699.6804199,
ODP,175,1079,B,-11.92946667,13.308983333333334,738.2,None,FALSE,FALSE,FALSE,FALSE,FALSE,195.18182373046875,-6,2.2363669872283936,,699.6804199,
ODP,175,1079,C,-11.92995,13.30935,737.9,None,FALSE,FALSE,FALSE,FALSE,FALSE,195.18182373046875,-6,2.2363669872283936,,699.6804199,
ODP,175,1080,A,-16.55966667,10.82005,2765.8,None,FALSE,FALSE,FALSE,FALSE,FALSE,205.5,13,2.407244920730591,55.32,1404.5499267578125,4.558812618255615
ODP,175,1080,B,-16.55993333,10.820066666666667,2767.9,None,FALSE,FALSE,FALSE,FALSE,FALSE,205.5,13,2.407244920730591,55.32,1404.5499267578125,4.558812618255615
ODP,175,1081,A,-19.6197,11.319333333333333,794.1,None,FALSE,FALSE,FALSE,FALSE,FALSE,147.625,13,3.4366261959075928,,2584.525146484375,1.992282509803772
ODP,175,1081,B,-19.61996667,11.319316666666667,793.1,None,FALSE,FALSE,FALSE,FALSE,FALSE,147.625,13,3.4366261959075928,,2584.525146484375,1.992282509803772
ODP,175,1081,C,-19.62021667,11.319366666666667,793.8,None,FALSE,FALSE,FALSE,FALSE,FALSE,147.625,13,3.4366261959075928,,2584.525146484375,1.992282509803772
ODP,175,1082,A,-21.09396667,11.8206,1279.3,None,FALSE,FALSE,FALSE,FALSE,FALSE,171.875,13,3.092534065246582,48.056666666666665,1260.2396240234375,2.3311028480529785
ODP,175,1082,B,-21.0942,11.820533333333334,1280.4,None,FALSE,FALSE,FALSE,FALSE,FALSE,171.875,13,3.092534065246582,48.056666666666665,1260.2396240234375,2.3311028480529785
ODP,175,1082,C,-21.09448333,11.820566666666666,1282.1,None,FALSE,FALSE,FALSE,FALSE,FALSE,171.875,13,3.092534065246582,48.056666666666665,1260.2396240234375,2.3311028480529785
ODP,175,1083,A,-20.89473333,11.217866666666666,2178.1,None,FALSE,FALSE,FALSE,FALSE,FALSE,153.875,13,2.7133615016937256,46.29,1797.371826171875,2.138744592666626
ODP,175,1083,B,-20.89501667,11.2179,2183.1,None,FALSE,FALSE,FALSE,FALSE,FALSE,153.875,13,2.7133615016937256,46.29,1797.371826171875,2.138744592666626
ODP,175,1083,C,-20.89523333,11.217883333333331,2178.9,None,FALSE,FALSE,FALSE,FALSE,FALSE,153.875,13,2.7133615016937256,46.29,1797.371826171875,2.138744592666626
ODP,175,1083,D,-20.89523333,11.217883333333331,2178.3,None,FALSE,FALSE,FALSE,FALSE,FALSE,153.875,13,2.7133615016937256,46.29,1797.371826171875,2.138744592666626
ODP,175,1084,A,-25.51391667,13.027783333333334,1991.9,None,FALSE,FALSE,FALSE,FALSE,FALSE,189.5625,13,2.3992738723754883,53.5,1944.730469,4.080226898193359
ODP,175,1084,B,-25.51368333,13.027783333333334,1992.8,None,FALSE,FALSE,FALSE,FALSE,FALSE,189.5625,13,2.3992738723754883,53.5,1944.730469,4.080226898193359
ODP,175,1084,C,-25.5134,13.027783333333334,1991.8,None,FALSE,FALSE,FALSE,FALSE,FALSE,189.5625,13,2.3992738723754883,53.5,1944.730469,4.080226898193359
ODP,175,1085,A,-29.37443333,13.990116666666667,1713.2,None,FALSE,FALSE,FALSE,FALSE,FALSE,210.5625,13,1.4971052408218384,78.14,732.1900024414062,7.934890270233154
ODP,175,1085,B,-29.37443333,13.989833333333332,1713,None,FALSE,FALSE,FALSE,FALSE,FALSE,210.5625,13,1.4971052408218384,78.14,732.1900024414062,7.934890270233154
ODP,175,1086,A,-31.55268333,15.660383333333334,781.1,None,FALSE,FALSE,FALSE,FALSE,FALSE,198.9375,13,1.7361555099487305,71,1120.8668212890625,9.851902961730955
ODP,175,1086,B,-31.55265,15.660083333333333,784.5,None,FALSE,FALSE,FALSE,FALSE,TRUE,198.9375,13,1.7361555099487305,71,1120.8668212890625,9.851902961730955
ODP,175,1087,A,-31.46468333,15.3109,1371.6,None,FALSE,FALSE,FALSE,FALSE,FALSE,198.9375,13,1.538041591644287,71,1120.8668212890625,10.597393035888672
ODP,175,1087,B,-31.46496667,15.3109,1371.6,None,FALSE,FALSE,FALSE,FALSE,FALSE,198.9375,13,1.538041591644287,71,1120.8668212890625,10.597393035888672
ODP,175,1087,C,-31.46523333,15.3109,1371.6,None,FALSE,FALSE,FALSE,FALSE,FALSE,198.9375,13,1.538041591644287,71,1120.8668212890625,10.597393035888672
ODP,177,1088,A,-41.1361,13.5628,2082.2,None,FALSE,FALSE,FALSE,FALSE,FALSE,228.125,21.505050505050505,0.3798041939735412,55.735,841.3515625,0.2656446695327759
ODP,177,1088,B,-41.13606667,13.562833333333334,2081.2,None,FALSE,FALSE,FALSE,FALSE,FALSE,228.125,21.505050505050505,0.3798041939735412,55.735,841.3515625,0.2656446695327759
ODP,177,1088,C,-41.1361,13.5629,2082.9,None,FALSE,FALSE,FALSE,FALSE,FALSE,228.125,21.505050505050505,0.3798041939735412,55.735,841.3515625,0.2656446695327759
ODP,177,1089,A,-40.9364,9.8941,4619.3,Deep (>40 cm),FALSE,TRUE,TRUE,FALSE,FALSE,224.3125,21.505050505050505,0.568619967,28.3225,814.6120605,0.5428207516670227
ODP,177,1089,B,-40.9364,9.8941,4623.8,None,FALSE,FALSE,FALSE,FALSE,FALSE,224.3125,21.505050505050505,0.568619967,28.3225,814.6120605,0.5428207516670227
ODP,177,1089,C,-40.9361,9.894,4621.2,Deep (>40 cm),FALSE,FALSE,FALSE,TRUE,FALSE,224.3125,21.505050505050505,0.568619967,28.3225,814.6120605,0.5428207516670227
ODP,177,1089,D,-40.9364,9.8937,4617.5,Deep (>40 cm),FALSE,TRUE,FALSE,TRUE,FALSE,224.3125,21.505050505050505,0.568619967,28.3225,814.6120605,0.5428207516670227
ODP,177,1090,A,-42.9137,8.8997,3698.6,Deep (>40 cm),FALSE,FALSE,FALSE,FALSE,FALSE,226.625,21.505050505050505,0.5616052150726318,50.5575,509.91497802734375,0.4461605846881866
ODP,177,1090,B,-42.9137,8.8997,3699.4,Deep (>40 cm),FALSE,FALSE,TRUE,FALSE,FALSE,226.625,21.505050505050505,0.5616052150726318,50.5575,509.91497802734375,0.4461605846881866
ODP,177,1090,C,-42.9135,8.8998,3703.7,Deep (>40 cm),FALSE,FALSE,TRUE,FALSE,FALSE,226.625,21.505050505050505,0.5616052150726318,50.5575,509.91497802734375,0.4461605846881866
ODP,177,1090,D,-42.9136,8.9,3702.1,Deep (>40 cm),FALSE,FALSE,TRUE,FALSE,FALSE,226.625,21.505050505050505,0.5616052150726318,50.5575,509.91497802734375,0.4461605846881866
ODP,177,1090,E,-42.9136,8.8999,3704.2,None,FALSE,FALSE,TRUE,FALSE,FALSE,226.625,21.505050505050505,0.5616052150726318,50.5575,509.91497802734375,0.4461605846881866
ODP,177,1091,A,-47.0947,5.9187,4360.5,Deep (>40 cm),FALSE,FALSE,TRUE,FALSE,FALSE,221.3125,15.262820512820513,0.3364256918430328,29.6325,281.2792969,0.7646751403808594
ODP,177,1091,B,-47.0947,5.9187,4356.6,Deep (>40 cm),FALSE,FALSE,FALSE,FALSE,FALSE,221.3125,15.262820512820513,0.3364256918430328,29.6325,281.2792969,0.7646751403808594
ODP,177,1091,C,-47.0948,5.9194,4366.4,None,FALSE,FALSE,TRUE,FALSE,FALSE,221.3125,15.262820512820513,0.3364256918430328,29.6325,281.2792969,0.7646751403808594
ODP,177,1091,D,-47.0948,5.9194,4366.8,Deep (>40 cm),FALSE,FALSE,TRUE,FALSE,FALSE,221.3125,15.262820512820513,0.3364256918430328,29.6325,281.2792969,0.7646751403808594
ODP,177,1091,E,-47.0949,5.9192,4366.2,None,FALSE,FALSE,TRUE,FALSE,FALSE,221.3125,15.262820512820513,0.3364256918430328,29.6325,281.2792969,0.7646751403808594
ODP,177,1092,A,-46.4118,7.0799,1976.3,None,FALSE,FALSE,FALSE,FALSE,FALSE,223,15.262820512820513,0.2996164858341217,38.825,309.2966613769531,0.6662206053733826
ODP,177,1092,B,-46.4118,7.0799,1972.9,None,FALSE,FALSE,FALSE,FALSE,FALSE,223,15.262820512820513,0.2996164858341217,38.825,309.2966613769531,0.6662206053733826
ODP,177,1092,C,-46.4116,7.0799,1973.3,None,FALSE,FALSE,FALSE,FALSE,FALSE,223,15.262820512820513,0.2996164858341217,38.825,309.2966613769531,0.6662206053733826
ODP,177,1093,A,-49.9766,5.8654,3623.9,None,FALSE,FALSE,FALSE,FALSE,FALSE,222.625,15.262820512820513,0.3589721918106079,21.265,279.1446838378906,1.1435967683792114
ODP,177,1093,B,-49.9765,5.8655,3630.6,None,FALSE,FALSE,FALSE,FALSE,FALSE,222.625,15.262820512820513,0.3589721918106079,21.265,279.1446838378906,1.1435967683792114
ODP,177,1093,C,-49.9766,5.8658,3631.7,None,FALSE,FALSE,FALSE,FALSE,FALSE,222.625,15.262820512820513,0.3589721918106079,21.265,279.1446838378906,1.1435967683792114
ODP,177,1094,A,-53.1802,5.1304,2807.6,Shallow (<40 cm),FALSE,FALSE,TRUE,FALSE,FALSE,232.25,15.262820512820513,0.2847883403301239,15.8025,172.78973388671875,2.170826196670532
ODP,177,1094,B,-53.1804,5.1305,2806.7,None,FALSE,FALSE,FALSE,FALSE,FALSE,232.25,15.262820512820513,0.2847883403301239,15.8025,172.78973388671875,2.170826196670532
ODP,177,1094,C,-53.1805,5.1301,2807.3,None,FALSE,FALSE,FALSE,FALSE,FALSE,232.25,15.262820512820513,0.2847883403301239,15.8025,172.78973388671875,2.170826196670532
ODP,178,1095,A,-66.98545,-78.48731667,3841.6,None,FALSE,FALSE,FALSE,FALSE,FALSE,203.0625,-1.20361991,0.4482750296592712,,162.1489258,6.229613780975342
ODP,178,1095,C,-66.98536667,-78.48825,3841.6,None,FALSE,FALSE,FALSE,FALSE,FALSE,203.0625,-1.20361991,0.4482750296592712,,162.1489258,6.229613780975342
ODP,178,1095,D,-66.98535,-78.48808333,3840.9,None,FALSE,FALSE,FALSE,FALSE,FALSE,203.0625,-1.20361991,0.4482750296592712,,162.1489258,6.229613780975342
ODP,178,1096,A,-67.56681667,-76.96323333,3152,Shallow (<40 cm),FALSE,FALSE,FALSE,FALSE,FALSE,202.625,0,0.3386678695678711,,169.95709228515625,13.063114166259766
ODP,178,1096,B,-67.56681667,-76.96353333,3152.5,Shallow (<40 cm),FALSE,FALSE,FALSE,FALSE,FALSE,202.625,0,0.3386678695678711,,169.95709228515625,13.063114166259766
ODP,178,1097,A,-66.3928,-70.7564,551.7,None,FALSE,FALSE,FALSE,FALSE,TRUE,209.875,0,0.5873438119888306,,257.7174377441406,17.26174545288086
ODP,178,1098,A,-64.86206667,-64.20785,1012,None,FALSE,FALSE,FALSE,FALSE,FALSE,211.125,0,0.9613437652587892,,282.6059265136719,
ODP,178,1098,B,-64.86193333,-64.208,1010.6,None,FALSE,FALSE,TRUE,TRUE,FALSE,211.125,0,0.9613437652587892,,282.6059265136719,
ODP,178,1098,C,-64.86183333,-64.20781667,1010.4,None,FALSE,FALSE,TRUE,TRUE,FALSE,211.125,0,0.9613437652587892,,282.6059265136719,
ODP,178,1099,A,-64.94513333,-64.3153,1399.8,None,FALSE,FALSE,TRUE,FALSE,FALSE,211.125,0,0.9436400532722472,,282.6059265136719,
ODP,178,1100,C,-63.88331667,-65.70606667,458.6,None,FALSE,FALSE,FALSE,FALSE,FALSE,210.9375,0,1.2761003971099854,,186.8168945,16.61701774597168
ODP,178,1100,D,-63.88341667,-65.70586667,458.6,None,FALSE,FALSE,FALSE,FALSE,TRUE,210.9375,0,1.2761003971099854,,186.8168945,16.61701774597168
ODP,178,1101,A,-64.3722,-70.26118333,3279.7,Deep (>40 cm),FALSE,FALSE,FALSE,FALSE,FALSE,211.25,0,1.4880390167236328,,138.9541778564453,9.829702377319336
ODP,178,1102,A,-63.80285,-65.85821667,430.5,None,FALSE,FALSE,FALSE,FALSE,TRUE,210.9375,0,1.331709623336792,,186.8168945,16.21560287475586
ODP,178,1102,B,-63.80278333,-65.85788333,430.5,None,FALSE,FALSE,FALSE,FALSE,TRUE,210.9375,0,1.331709623336792,,186.8168945,16.21560287475586
ODP,178,1102,D,-63.80118333,-65.85645,430.5,None,FALSE,FALSE,FALSE,FALSE,TRUE,210.9375,0,1.331709623336792,,186.8168945,16.21560287475586
ODP,178,1103,A,-63.9995,-65.46531667,493.5,None,FALSE,FALSE,FALSE,FALSE,TRUE,210.9375,0,1.232673406600952,,186.8168945,20.377445220947266
ODP,180,1108,B,-9.7454,151.62571666666668,3177.2,Shallow (<40 cm),FALSE,FALSE,FALSE,FALSE,FALSE,156,7.75,1.4907199144363403,88,355.7305603027344,2.5818657875061035
ODP,180,1109,A,-9.5065,151.5731,2210.9,Shallow (<40 cm),FALSE,TRUE,TRUE,FALSE,FALSE,156,7.75,1.4853534698486328,88,355.7305603027344,2.6112236976623535
ODP,180,1109,B,-9.5066,151.5732,2211.1,None,FALSE,FALSE,FALSE,FALSE,TRUE,156,7.75,1.4853534698486328,88,355.7305603027344,2.6112236976623535
ODP,180,1109,C,-9.5065,151.5732,2211,Shallow (<40 cm),FALSE,FALSE,TRUE,FALSE,FALSE,156,7.75,1.4853534698486328,88,355.7305603027344,2.6112236976623535
ODP,180,1110,A,-9.726666667,151.5752,3246.4,Shallow (<40 cm),FALSE,FALSE,TRUE,TRUE,FALSE,156,7.75,1.4659130573272705,88,355.7305603027344,2.6112236976623535
ODP,180,1110,B,-9.726816667,151.57515,3246.3,None,FALSE,FALSE,FALSE,FALSE,TRUE,156,7.75,1.4659130573272705,88,355.7305603027344,2.6112236976623535
ODP,180,1110,D,-9.726466667,151.57541666666663,3245.8,None,FALSE,FALSE,FALSE,FALSE,TRUE,156,7.75,1.4659130573272705,88,355.7305603027344,2.6112236976623535
ODP,180,1112,A,-9.745816667,151.61201666666668,3046.7,None,FALSE,FALSE,FALSE,FALSE,FALSE,156,7.75,1.4659130573272705,88,355.7305603027344,2.5818657875061035
ODP,180,1112,B,-9.745766667,151.6119,3046.6,None,FALSE,FALSE,FALSE,FALSE,TRUE,156,7.75,1.4659130573272705,88,355.7305603027344,2.5818657875061035
ODP,180,1113,A,-9.757483333,151.61226666666667,2915.6,None,FALSE,FALSE,FALSE,FALSE,TRUE,156,7.75,1.4659130573272705,88,355.7305603027344,2.5818657875061035
ODP,180,1114,A,-9.79355,151.57506666666666,406.5,None,FALSE,FALSE,FALSE,FALSE,FALSE,156,7.75,1.4604196548461914,88,355.7305603027344,2.6112236976623535
ODP,180,1115,A,-9.189816667,151.57415,1149.6,Shallow (<40 cm),FALSE,FALSE,FALSE,FALSE,FALSE,156,7.75,1.5037802457809448,88,355.7305603027344,2.2165026664733887
ODP,180,1115,B,-9.1897,151.57396666666668,1148.8,Shallow (<40 cm),FALSE,FALSE,FALSE,FALSE,FALSE,156,7.75,1.5037802457809448,88,355.7305603027344,2.2165026664733887
ODP,180,1116,A,-9.865566667,151.57513333333333,1851.3,None,FALSE,FALSE,FALSE,FALSE,TRUE,156,7.75,1.4604196548461914,88,355.7305603027344,2.6112239360809326
ODP,180,1117,A,-9.775433333,151.54908333333333,1163.2,None,FALSE,FALSE,FALSE,FALSE,FALSE,156,7.75,1.4659130573272705,88,355.7305603027344,2.6112236976623535
ODP,180,1117,B,-9.77545,151.54918333333333,1163.2,None,FALSE,FALSE,FALSE,FALSE,TRUE,156,7.75,1.4659130573272705,88,355.7305603027344,2.6112236976623535
ODP,180,1117,C,-9.775333333,151.54905,1163.2,None,FALSE,FALSE,FALSE,FALSE,TRUE,156,7.75,1.4659130573272705,88,355.7305603027344,2.6112236976623535
ODP,181,1119,A,-44.75553333,172.3933,395.5,None,FALSE,FALSE,FALSE,FALSE,FALSE,,-3,0.4929641187191009,71.38,1654.403076171875,
ODP,181,1119,B,-44.75553333,172.3933,396.8,Shallow (<40 cm),FALSE,FALSE,FALSE,FALSE,FALSE,,-3,0.4929641187191009,71.38,1654.403076171875,
ODP,181,1119,C,-44.75551667,172.39356666666666,396.2,Shallow (<40 cm),FALSE,FALSE,FALSE,FALSE,FALSE,,-3,0.4929641187191009,71.38,1654.403076171875,
ODP,181,1120,A,-50.06338333,173.37166666666667,542.9,None,FALSE,FALSE,FALSE,FALSE,FALSE,,-3,0.2106000781059265,70.34,373.0292969,
ODP,181,1120,B,-50.06338333,173.37166666666667,544.2,None,FALSE,FALSE,FALSE,FALSE,FALSE,,-3,0.2106000781059265,70.34,373.0292969,
ODP,181,1120,C,-50.06358333,173.37165,545.9,None,FALSE,FALSE,FALSE,FALSE,FALSE,,-3,0.2106000781059265,70.34,373.0292969,
ODP,181,1121,A,-50.89793333,176.9977,4492,None,FALSE,FALSE,FALSE,FALSE,FALSE,,15.262820512820513,0.5126595497131348,29.570000000000004,367.0989074707031,1.0656960010528564
ODP,181,1121,B,-50.89793333,176.9977,4487.9,None,FALSE,FALSE,FALSE,FALSE,FALSE,,15.262820512820513,0.5126595497131348,29.570000000000004,367.0989074707031,1.0656960010528564
ODP,181,1122,A,-46.57968333,-177.3935167,4435,None,FALSE,FALSE,TRUE,TRUE,FALSE,200.1875,-3,0.698861837,13.833333333333334,789.1618041992188,0.5104268789291382
ODP,181,1122,B,-46.57966667,-177.3937,4429.8,None,FALSE,FALSE,FALSE,FALSE,FALSE,200.1875,-3,0.698861837,13.833333333333334,789.1618041992188,0.5104268789291382
ODP,181,1122,C,-46.57966667,-177.3937,4431.8,Shallow (<40 cm),FALSE,FALSE,FALSE,FALSE,FALSE,200.1875,-3,0.698861837,13.833333333333334,789.1618041992188,0.5104268789291382
ODP,181,1123,A,-41.78623333,-171.499,3290.1,Shallow (<40 cm),FALSE,FALSE,FALSE,FALSE,FALSE,205,21.505050505050505,0.8205518126487732,21.369999999999997,548.9061279296875,0.6827617883682251
ODP,181,1123,B,-41.786,-171.4989833,3289.8,Shallow (<40 cm),FALSE,FALSE,FALSE,FALSE,FALSE,205,21.505050505050505,0.8205518126487732,21.369999999999997,548.9061279296875,0.6827617883682251
ODP,181,1123,C,-41.78578333,-171.499,3290.1,Shallow (<40 cm),FALSE,FALSE,TRUE,TRUE,FALSE,205,21.505050505050505,0.8205518126487732,21.369999999999997,548.9061279296875,0.6827617883682251
ODP,181,1124,A,-39.49835,-176.5315667,3967.5,None,FALSE,FALSE,TRUE,TRUE,FALSE,201.4375,-13.6375,0.6262664794921875,24.25,450.2983093261719,0.5514258742332458
ODP,181,1124,B,-39.49835,-176.5315667,3966.6,Deep (>40 cm),FALSE,FALSE,TRUE,FALSE,FALSE,201.4375,-13.6375,0.6262664794921875,24.25,450.2983093261719,0.5514258742332458
ODP,181,1125,A,-42.54993333,-178.1664833,1364.6,None,FALSE,FALSE,FALSE,FALSE,FALSE,197.0833282470703,-3,0.4521079659461975,29.173333333333336,869.8776855,
ODP,181,1125,B,-42.54965,-178.16645,1365.6,None,FALSE,FALSE,FALSE,FALSE,FALSE,197.0833282470703,-3,0.4521079659461975,29.173333333333336,869.8776855,
ODP,182,1126,A,-33.50935,128.06658333333334,784.8,None,FALSE,FALSE,FALSE,FALSE,FALSE,,21.505050505050505,1.347798228263855,,586.5286865234375,
ODP,182,1126,B,-33.50935,128.06655,783.8,None,FALSE,FALSE,FALSE,FALSE,FALSE,,21.505050505050505,1.347798228263855,,586.5286865234375,
ODP,182,1126,C,-33.5094,128.06683333333334,783.8,None,FALSE,FALSE,FALSE,FALSE,FALSE,,21.505050505050505,1.347798228263855,,586.5286865234375,
ODP,182,1127,A,-33.35743333,128.4813,478.7,None,FALSE,FALSE,FALSE,FALSE,FALSE,,-2,1.448602318763733,,586.5286865234375,
ODP,182,1127,B,-33.3575,128.48128333333332,479.3,None,FALSE,FALSE,FALSE,FALSE,FALSE,,-2,1.448602318763733,,586.5286865234375,
ODP,182,1128,A,-34.39115,127.5907,3876,None,FALSE,FALSE,FALSE,FALSE,FALSE,226.5,21.505050505050505,1.032940388,,387.7713623046875,
ODP,182,1128,B,-34.39118333,127.59076666666668,3874.6,None,FALSE,FALSE,FALSE,FALSE,FALSE,226.5,21.505050505050505,1.032940388,,387.7713623046875,
ODP,182,1128,C,-34.39105,127.59103333333331,3874.3,None,FALSE,FALSE,FALSE,FALSE,FALSE,226.5,21.505050505050505,1.032940388,,387.7713623046875,
ODP,182,1129,A,-33.28976667,128.4812,202.9,None,FALSE,FALSE,FALSE,FALSE,FALSE,,-2,1.4568941593170166,,586.5286865234375,
ODP,182,1129,C,-33.29656667,128.4813,202.4,None,FALSE,FALSE,FALSE,FALSE,FALSE,,-2,1.448602318763733,,586.5286865234375,
ODP,182,1130,A,-33.42018333,127.60233333333332,486.7,None,FALSE,FALSE,FALSE,FALSE,FALSE,227,-2,1.1837729215621948,,608.5413818359375,
ODP,182,1130,B,-33.42015,127.60208333333334,488.1,None,FALSE,FALSE,FALSE,FALSE,FALSE,227,-2,1.1837729215621948,,608.5413818359375,
ODP,182,1131,A,-33.3261,128.4812,333.4,None,FALSE,FALSE,FALSE,FALSE,FALSE,,-2,1.448602318763733,,586.5286865234375,
ODP,182,1131,B,-33.3259,128.48088333333334,331.4,None,FALSE,FALSE,FALSE,FALSE,FALSE,,-2,1.448602318763733,,586.5286865234375,
ODP,182,1132,A,-33.31595,127.60216666666666,218,None,FALSE,FALSE,FALSE,FALSE,FALSE,227,-2,1.174809813499451,,608.5413818359375,
ODP,182,1132,B,-33.31618333,127.6022,218.5,None,FALSE,FALSE,FALSE,FALSE,FALSE,227,-2,1.174809813499451,,608.5413818359375,
ODP,182,1133,A,-33.53948333,128.9051,1037.2,None,FALSE,FALSE,FALSE,FALSE,FALSE,,21.505050505050505,1.4284871816635132,,586.5286865234375,
ODP,182,1133,B,-33.53963333,128.90528333333333,1037.2,None,FALSE,FALSE,FALSE,FALSE,FALSE,,21.505050505050505,1.4284871816635132,,586.5286865234375,
ODP,182,1133,C,-33.53981667,128.90535,1036.8,None,FALSE,FALSE,FALSE,FALSE,FALSE,,21.505050505050505,1.4284871816635132,,586.5286865234375,
ODP,182,1134,A,-33.52873333,127.264,701,None,FALSE,FALSE,FALSE,FALSE,FALSE,227,21.505050505050505,1.1443428993225098,,608.5413818359375,
ODP,182,1134,B,-33.52898333,127.26396666666666,699.9,None,FALSE,FALSE,FALSE,FALSE,FALSE,227,21.505050505050505,1.1443428993225098,,608.5413818359375,
ODP,183,1135,A,-59.69991667,84.27353333333333,1566.6,None,FALSE,FALSE,FALSE,FALSE,TRUE,224.8125,-1.20361991,0.2448378205299377,0,231.5970916748047,0.6599499583244324
ODP,183,1137,A,-56.83305,68.09345,1004.5,None,FALSE,FALSE,FALSE,FALSE,FALSE,238.875,-1.20361991,0.4801734685897827,24.84,148.77487182617188,1.0795655250549316
ODP,183,1138,A,-53.55175,75.97488333333334,1141.4,None,FALSE,FALSE,FALSE,FALSE,TRUE,212.5,-1.20361991,0.2784282863140106,,193.1962432861328,1.3016773462295532
ODP,183,1139,A,-50.18505,63.93653333333334,1415.3,None,FALSE,FALSE,FALSE,FALSE,FALSE,242.125,15.262820512820513,0.4854351580142975,48.776666666666664,220.19573974609375,1.3375442028045654
ODP,183,1140,A,-46.27665,68.49163333333334,2394.1,None,FALSE,FALSE,FALSE,FALSE,FALSE,237.25,15.262820512820513,0.3809086084365845,18.44,354.2071838378906,3.1537365913391113
ODP,183,1141,A,-32.2266,97.12818333333334,1196.9,None,FALSE,FALSE,FALSE,FALSE,FALSE,178.75,-21.375,0.3014131784439087,85.2,301.5297546386719,1.4413284063339231
ODP,183,1142,A,-32.23243333,97.12546666666668,1200.8,None,FALSE,FALSE,FALSE,FALSE,TRUE,178.75,-21.375,0.3014131784439087,85.2,301.5297546386719,1.4413284063339231
ODP,184,1143,A,9.361983333333333,113.28503333333332,2771,Shallow (<40 cm),FALSE,FALSE,TRUE,FALSE,FALSE,,7.75,0.7323325872421265,,328.2789001464844,
ODP,184,1143,B,9.36195,113.28506666666668,2772.5,Shallow (<40 cm),FALSE,FALSE,TRUE,FALSE,FALSE,,7.75,0.7323325872421265,,328.2789001464844,
ODP,184,1143,C,9.361883333333331,113.28531666666666,2773.5,None,FALSE,FALSE,FALSE,FALSE,FALSE,,7.75,0.7323325872421265,,328.2789001464844,
ODP,184,1144,A,20.052983333333337,117.41888333333333,2035.7,None,FALSE,FALSE,FALSE,FALSE,FALSE,,7.75,1.0322344303131104,,278.28179931640625,17.00265884399414
ODP,184,1144,B,20.052983333333337,117.41906666666668,2038.5,None,FALSE,FALSE,FALSE,FALSE,TRUE,,7.75,1.0322344303131104,,278.28179931640625,17.00265884399414
ODP,184,1144,C,20.05303333333333,117.41921666666669,2036.9,None,FALSE,FALSE,FALSE,FALSE,FALSE,,7.75,1.0322344303131104,,278.28179931640625,17.00265884399414
ODP,184,1145,A,19.584,117.63113333333334,3175.6,Shallow (<40 cm),FALSE,FALSE,FALSE,FALSE,FALSE,,7.75,0.8821187615394592,,255.2169647216797,14.726322174072266
ODP,184,1145,B,19.584033333333338,117.63096666666668,3174.4,Shallow (<40 cm),FALSE,FALSE,FALSE,FALSE,FALSE,,7.75,0.8821187615394592,,255.2169647216797,14.726322174072266
ODP,184,1145,C,19.583983333333332,117.63083333333331,3176.4,None,FALSE,FALSE,FALSE,FALSE,FALSE,,7.75,0.8821187615394592,,255.2169647216797,14.726322174072266
ODP,184,1146,A,19.456683333333338,116.27271666666668,2091.1,Deep (>40 cm),FALSE,FALSE,FALSE,FALSE,FALSE,,7.75,0.885202169,,260.3714294433594,11.962056159973145
ODP,184,1146,B,19.456683333333338,116.27293333333331,2091.7,Shallow (<40 cm),FALSE,FALSE,FALSE,FALSE,FALSE,,7.75,0.885202169,,260.3714294433594,11.962056159973145
ODP,184,1147,A,18.83513333333333,116.55451666666669,3245.9,Shallow (<40 cm),FALSE,FALSE,FALSE,FALSE,FALSE,,7.75,0.7674292325973511,,249.33026123046875,10.774493217468262
ODP,184,1147,B,18.83513333333333,116.55465,3245.4,None,FALSE,FALSE,FALSE,FALSE,FALSE,,7.75,0.7674292325973511,,249.33026123046875,10.774493217468262
ODP,184,1147,C,18.83515,116.55466666666666,3245.3,Shallow (<40 cm),FALSE,FALSE,FALSE,FALSE,FALSE,,7.75,0.7674292325973511,,249.33026123046875,10.774493217468262
ODP,184,1148,A,18.836116666666666,116.56553333333332,3297.1,Shallow (<40 cm),FALSE,FALSE,FALSE,FALSE,FALSE,,7.75,0.7674292325973511,,249.33026123046875,10.774493217468262
ODP,184,1148,B,18.836166666666667,116.56575,3291.8,Shallow (<40 cm),FALSE,FALSE,FALSE,FALSE,FALSE,,7.75,0.7674292325973511,,249.33026123046875,10.774493217468262
ODP,185,1149,A,31.342,143.3513,5817.6,None,FALSE,FALSE,TRUE,TRUE,FALSE,163.625,-4.755417957,0.4962219595909118,4.66,239.97686767578125,0.2355298995971679
ODP,185,1149,C,31.3425,143.351,5817.6,None,FALSE,FALSE,FALSE,FALSE,TRUE,163.625,-4.755417957,0.4962219595909118,4.66,239.97686767578125,0.2355298995971679
ODP,185,1149,D,31.3132,143.4004,5867.3,None,FALSE,FALSE,FALSE,FALSE,TRUE,163.625,-4.755417957,0.4841320812702179,4.66,239.97686767578125,0.2173132747411728
ODP,186,1150,A,39.181916666666666,143.33191666666667,2680.8,None,FALSE,FALSE,FALSE,FALSE,FALSE,171.375,-2.25,2.016805410385132,1.59,795.2161254882812,2.2253682613372803
ODP,186,1151,C,38.75033333333333,143.33405,2174.2,None,FALSE,FALSE,FALSE,FALSE,FALSE,166.1875,-2.25,1.903541088104248,0.1325,695.1175537109375,1.7826980352401731
ODP,186,1151,D,38.750233333333334,143.33408333333333,2171.9,None,FALSE,FALSE,TRUE,FALSE,FALSE,166.1875,-2.25,1.903541088104248,0.1325,695.1175537109375,1.7826980352401731
ODP,187,1152,A,-41.89793333,127.00671666666666,5055.4,None,FALSE,FALSE,FALSE,FALSE,TRUE,223,15.262820512820513,0.3190476298332214,,731.1832275390625,0.4046460390090942
ODP,187,1154,A,-41.47783333,131.31726666666663,5736.4,None,FALSE,FALSE,FALSE,FALSE,FALSE,,21.505050505050505,0.3391842842102051,,729.7017822265625,0.8674441576004028
ODP,187,1155,A,-41.95821667,127.99481666666668,4975.4,None,FALSE,FALSE,FALSE,FALSE,FALSE,223,15.262820512820513,0.3319235444068908,,731.1832275390625,0.4074479341506958
ODP,187,1155,B,-41.95818333,127.99236666666668,4975.4,None,FALSE,FALSE,FALSE,FALSE,TRUE,223,15.262820512820513,0.3319235444068908,,731.1832275390625,0.4074479341506958
ODP,187,1156,B,-42.73145,127.88805,4867.3,None,FALSE,FALSE,FALSE,FALSE,FALSE,221.5,15.262820512820513,0.3220669031143188,0,666.9997559,0.4594196379184723
ODP,187,1157,A,-43.26106667,128.8861,5069.3,None,FALSE,FALSE,FALSE,FALSE,FALSE,,15.262820512820513,0.3307479619979858,0,600.3410645,0.493793637
ODP,187,1158,A,-43.94828333,128.82826666666668,5167.3,None,FALSE,FALSE,FALSE,FALSE,TRUE,,15.262820512820513,0.3404730558395386,0,600.3410645,0.5521490573883057
ODP,187,1158,B,-43.9464,128.82846666666666,5167.3,None,FALSE,FALSE,FALSE,FALSE,TRUE,,15.262820512820513,0.3404730558395386,0,600.3410645,0.5521490573883057
ODP,187,1158,C,-43.94463333,128.82855,5167.3,None,FALSE,FALSE,FALSE,FALSE,TRUE,,15.262820512820513,0.3404730558395386,0,600.3410645,0.5521490573883057
ODP,187,1159,A,-45.9567,129.9999,4504.2,None,FALSE,FALSE,FALSE,FALSE,TRUE,,15.262820512820513,0.2984538674354553,2.3525,500.3063354492187,0.7744088768959045
ODP,187,1160,A,-44.00998333,134.99828333333335,4625.2,None,FALSE,FALSE,FALSE,FALSE,FALSE,,15.262820512820513,0.3256900012493133,53.865,579.3909301757812,0.5745280981063843
ODP,187,1160,B,-44.00823333,134.99835,4625.2,None,FALSE,FALSE,FALSE,FALSE,TRUE,,15.262820512820513,0.3256900012493133,53.865,579.3909301757812,0.5745280981063843
ODP,187,1161,A,-44.2866,129.05128333333334,5020.1,None,FALSE,FALSE,FALSE,FALSE,TRUE,,15.262820512820513,0.3419252932071686,0,537.1017456054688,0.5782644152641296
ODP,187,1161,B,-44.2846,129.05125,5020.1,None,FALSE,FALSE,FALSE,FALSE,TRUE,,15.262820512820513,0.3419252932071686,0,537.1017456054688,0.5782644152641296
ODP,187,1162,A,-44.63385,129.18816666666666,5464,None,FALSE,FALSE,FALSE,FALSE,TRUE,,15.262820512820513,0.3324597179889679,0,537.1017456054688,0.6159580945968628
ODP,187,1162,B,-44.63206667,129.18801666666667,5464,None,FALSE,FALSE,FALSE,FALSE,FALSE,,15.262820512820513,0.3324597179889679,0,537.1017456054688,0.6159580945968628
ODP,187,1163,A,-44.4246,126.9083,4354,None,FALSE,FALSE,FALSE,FALSE,FALSE,220.75,15.262820512820513,0.3367457687854767,0,528.0651855,0.6608738899230957
ODP,187,1164,A,-43.74833333,127.7482,4798,None,FALSE,FALSE,FALSE,FALSE,TRUE,220.75,15.262820512820513,0.3287184536457062,0,593.8966674804688,0.5523734092712402
ODP,187,1164,B,-43.7492,127.74615,4798,None,FALSE,FALSE,FALSE,FALSE,TRUE,220.75,15.262820512820513,0.3287184536457062,0,593.8966674804688,0.5523734092712402
ODP,188,1165,A,-64.37965,67.21905,3537,None,FALSE,FALSE,FALSE,FALSE,TRUE,245.875,0,0.2991665601730346,1.5466666666666669,141.9868164,5.878930568695068
ODP,188,1165,B,-64.37965,67.21905,3537.6,None,FALSE,FALSE,FALSE,FALSE,FALSE,245.875,0,0.2991665601730346,1.5466666666666669,141.9868164,5.878930568695068
ODP,188,1166,A,-67.69616667,74.78693333333334,475.4,None,FALSE,FALSE,FALSE,FALSE,FALSE,237.875,0,0.6053322553634644,,541.9606323242188,
ODP,188,1167,A,-66.40018333,72.28418333333333,1639.9,None,FALSE,FALSE,FALSE,FALSE,FALSE,237.375,0,0.4385479092597961,,291.2536926269531,
ODP,189,1168,A,-42.60968333,144.4127,2463.3,None,FALSE,FALSE,FALSE,FALSE,FALSE,,21.505050505050505,1.058868169784546,81.015,1203.779785,8.141117095947266
ODP,189,1168,B,-42.60948333,144.41266666666667,2463.6,Shallow (<40 cm),FALSE,FALSE,FALSE,FALSE,FALSE,,21.505050505050505,1.058868169784546,81.015,1203.779785,8.141117095947266
ODP,189,1168,C,-42.60921667,144.41268333333332,2464,None,FALSE,FALSE,FALSE,FALSE,FALSE,,21.505050505050505,1.058868169784546,81.015,1203.779785,8.141117095947266
ODP,189,1169,A,-47.06526667,145.23681666666667,3567.9,None,FALSE,FALSE,FALSE,FALSE,FALSE,,15.262820512820513,0.4190775454044342,53.5225,586.4213256835938,2.2408885955810547
ODP,189,1170,A,-47.15073333,146.0498,2704.7,None,FALSE,FALSE,FALSE,FALSE,FALSE,,15.262820512820513,0.4348874986171722,41.83,605.1696777,2.537461757659912
ODP,189,1170,B,-47.15056667,146.04975,2704.7,Deep (>40 cm),FALSE,FALSE,FALSE,FALSE,FALSE,,15.262820512820513,0.4348874986171722,41.83,605.1696777,2.537461757659912
ODP,189,1170,C,-47.15038333,146.04978333333332,2703.3,Deep (>40 cm),FALSE,FALSE,FALSE,FALSE,FALSE,,15.262820512820513,0.4348874986171722,41.83,605.1696777,2.537461757659912
ODP,189,1171,A,-48.49993333,149.1115,2148.2,None,FALSE,FALSE,FALSE,FALSE,FALSE,,15.262820512820513,0.4181768000125885,15,559.7402954101562,2.7958388328552246
ODP,189,1171,B,-48.49975,149.11143333333334,2148,None,FALSE,FALSE,FALSE,FALSE,FALSE,,15.262820512820513,0.4181768000125885,15,559.7402954101562,2.7958388328552246
ODP,189,1171,C,-48.49995,149.11175,2147.8,Shallow (<40 cm),FALSE,FALSE,FALSE,FALSE,FALSE,,15.262820512820513,0.4181768000125885,15,559.7402954101562,2.7958388328552246
ODP,189,1172,A,-43.95975,149.92826666666667,2621.9,None,FALSE,FALSE,FALSE,FALSE,FALSE,,21.505050505050505,0.717290461,89.4675,1053.4564208984375,2.9833874702453613
ODP,189,1172,B,-43.95958333,149.92835,2622.3,None,FALSE,FALSE,FALSE,FALSE,FALSE,,21.505050505050505,0.717290461,89.4675,1053.4564208984375,2.9833874702453613
ODP,189,1172,C,-43.95946667,149.92846666666668,2621.7,None,FALSE,FALSE,FALSE,FALSE,FALSE,,21.505050505050505,0.717290461,89.4675,1053.4564208984375,2.9833874702453613
ODP,190,1173,A,32.24438333333333,135.02515,4790.7,None,FALSE,FALSE,TRUE,FALSE,FALSE,152.0625,-4.755417957,1.319617509841919,15.5975,286.10723876953125,5.416272163391113
ODP,190,1174,A,32.3423,134.95646666666667,4751.2,None,FALSE,FALSE,FALSE,FALSE,FALSE,157.86666870117188,-4.755417957,1.338948369026184,25.307499999999997,327.8067321777344,5.517840862
ODP,190,1175,A,32.598083333333335,134.64458333333334,2997.5,None,FALSE,FALSE,FALSE,FALSE,FALSE,157.86666870117188,-2.25,1.314287543296814,25.307499999999997,327.8067321777344,5.830575942993164
ODP,190,1176,A,32.5783,134.6657,3020.5,None,FALSE,FALSE,FALSE,FALSE,FALSE,157.86666870117188,-2.25,1.314287543296814,25.307499999999997,327.8067321777344,5.830575942993164
ODP,190,1178,A,32.73101666666667,134.47948333333332,1741.7,None,FALSE,FALSE,FALSE,FALSE,FALSE,157.86666870117188,-2.25,1.2868618965148926,25.307499999999997,327.8067321777344,6.550642490386963
ODP,191,1179,A,41.0798,159.9631,5565.5,Shallow (<40 cm),FALSE,FALSE,TRUE,FALSE,FALSE,167.125,-9.544444444,1.0486083030700684,3.5075,935.3099365234376,0.310276598
ODP,191,1179,B,41.0798,159.9631,5563.9,None,FALSE,FALSE,TRUE,TRUE,TRUE,167.125,-9.544444444,1.0486083030700684,3.5075,935.3099365234376,0.310276598
ODP,191,1179,C,41.0798,159.9631,5563.9,Shallow (<40 cm),FALSE,FALSE,FALSE,FALSE,FALSE,167.125,-9.544444444,1.0486083030700684,3.5075,935.3099365234376,0.310276598
ODP,192,1187,A,0.9425333333333332,161.45131666666666,3803.6,None,FALSE,FALSE,FALSE,FALSE,TRUE,170.5,-8.132867133,0.9541164040565492,72.7975,242.4806671142578,0.5564727187156677
ODP,193,1189,A,-3.7207,151.6749,1690.2,None,FALSE,FALSE,FALSE,FALSE,TRUE,145.75,7.75,0.8502941727638245,75.3375,295.48858642578125,15.858227729797363
ODP,193,1190,A,-3.7215,151.6764,1703.1,None,FALSE,FALSE,FALSE,FALSE,TRUE,145.75,7.75,0.8502941727638245,75.3375,295.48858642578125,15.858227729797363
ODP,193,1190,C,-3.721733333,151.6768,1696.1,None,FALSE,FALSE,FALSE,FALSE,TRUE,145.75,7.75,0.8502941727638245,75.3375,295.48858642578125,15.858227729797363
ODP,193,1191,A,-3.7268,151.6723,1694.1,None,FALSE,FALSE,FALSE,FALSE,TRUE,145.75,7.75,0.8502941727638245,75.3375,295.48858642578125,15.858227729797363
ODP,194,1192,A,-20.57176667,152.40428333333332,374.4,None,FALSE,FALSE,FALSE,FALSE,FALSE,187.4375,,0.482261986,,222.7847137451172,
ODP,194,1192,B,-20.57183333,152.40433333333334,376.5,None,FALSE,FALSE,FALSE,FALSE,FALSE,187.4375,,0.482261986,,222.7847137451172,
ODP,194,1193,A,-20.2417,151.79218333333333,348.3,None,FALSE,FALSE,FALSE,FALSE,FALSE,188.8125,,0.508627176,,409.8369141,
ODP,194,1194,A,-20.24253333,151.98305,373.9,None,FALSE,FALSE,FALSE,FALSE,FALSE,188.8125,,0.500321627,,409.8369141,
ODP,194,1195,A,-20.40471667,152.67051666666666,419.9,None,FALSE,FALSE,FALSE,FALSE,FALSE,187.4375,,0.4901298284530639,,222.7847137451172,
ODP,194,1195,B,-20.40471667,152.67071666666666,419.2,None,FALSE,FALSE,FALSE,FALSE,FALSE,187.4375,,0.4901298284530639,,222.7847137451172,
ODP,194,1196,A,-21.00618333,152.85853333333333,304.2,None,FALSE,FALSE,FALSE,FALSE,TRUE,189.9375,,0.4662366509437561,,369.18304443359375,
ODP,194,1196,B,-21.0062,152.85871666666668,304.2,None,FALSE,FALSE,FALSE,FALSE,TRUE,189.9375,,0.4662366509437561,,369.18304443359375,
ODP,194,1197,A,-21.07616667,153.06548333333333,348.3,None,FALSE,FALSE,FALSE,FALSE,FALSE,188.9375,,0.4648955166339874,,226.00979614257812,
ODP,194,1198,A,-20.9655,152.73323333333337,319.4,None,FALSE,FALSE,FALSE,FALSE,FALSE,187.4375,,0.471051961,,222.7847137451172,
ODP,194,1199,A,-20.9782,152.91578333333334,315.7,None,FALSE,FALSE,FALSE,FALSE,TRUE,187.4375,,0.4655835926532745,,222.7847137451172,
ODP,195,1200,B,13.7834,146.0033,2911.3,None,FALSE,FALSE,FALSE,FALSE,TRUE,168.625,-4.755417957,0.7151845097541809,1.395,126.08708953857422,0.1078423783183097
ODP,195,1200,D,13.784066666666666,146.00285,2931,None,FALSE,FALSE,FALSE,FALSE,TRUE,168.625,-4.755417957,0.7151845097541809,1.395,126.08708953857422,0.1078423783183097
ODP,195,1200,E,13.78335,146.0031,2911,None,FALSE,FALSE,FALSE,FALSE,TRUE,168.625,-4.755417957,0.7151845097541809,1.395,126.08708953857422,0.1078423783183097
ODP,195,1200,F,13.783583333333333,146.0031,2911,None,FALSE,FALSE,FALSE,FALSE,FALSE,168.625,-4.755417957,0.7151845097541809,1.395,126.08708953857422,0.1078423783183097
ODP,195,1201,A,19.29805,135.09916666666666,5709.9,None,FALSE,FALSE,FALSE,FALSE,FALSE,163.6875,-4.755417957,0.2568403780460357,0,144.79727172851562,0.507240891
ODP,195,1201,B,19.297983333333335,135.09918333333334,5710.2,None,FALSE,FALSE,FALSE,FALSE,FALSE,163.6875,-4.755417957,0.2568403780460357,0,144.79727172851562,0.507240891
ODP,195,1201,C,19.29805,135.09901666666667,5709.8,None,FALSE,FALSE,FALSE,FALSE,FALSE,163.6875,-4.755417957,0.2568403780460357,0,144.79727172851562,0.507240891
ODP,195,1202,A,24.804083333333335,122.5,1274.1,None,FALSE,FALSE,FALSE,FALSE,FALSE,139,,0.7072589993476868,34.5,438.74664306640625,
ODP,195,1202,B,24.804083333333335,122.50013333333334,1274.1,None,FALSE,FALSE,FALSE,FALSE,FALSE,139,-2.25,0.7072589993476868,34.5,438.74664306640625,
ODP,195,1202,C,24.80405,122.50026666666666,1273.6,None,FALSE,FALSE,FALSE,FALSE,FALSE,139,-2.25,0.7072589993476868,34.5,438.74664306640625,
ODP,195,1202,D,24.8041,122.50043333333332,1275.1,None,FALSE,FALSE,FALSE,FALSE,TRUE,139,-2.25,0.7072589993476868,34.5,438.74664306640625,
ODP,197,1205,A,41.33331666666667,170.37833333333333,1309.9,None,FALSE,FALSE,FALSE,FALSE,TRUE,160.375,-9.544444444,0.4784081876277923,24.99,781.7371826171875,0.1057447791099548
ODP,197,1206,A,34.9258,172.14588333333333,1545.7,None,FALSE,FALSE,FALSE,FALSE,TRUE,163.6875,-9.544444444,0.8021410703659058,6.823333333333333,332.64813232421875,0.1225674524903297
ODP,198,1207,A,37.790483333333334,162.75088333333332,3100.8,Shallow (<40 cm),FALSE,FALSE,TRUE,FALSE,FALSE,166.25,-9.544444444,0.7681224346160889,15.0925,477.60113525390625,0.3239960372447967
ODP,198,1208,A,36.12716666666667,158.20158333333333,3345.7,Shallow (<40 cm),FALSE,FALSE,TRUE,FALSE,FALSE,172.3125,-9.544444444,1.312055587768555,30.9075,433.3868103027344,0.3462214767932892
ODP,198,1209,A,32.651666666666664,158.50593333333333,2387.2,None,FALSE,FALSE,FALSE,FALSE,FALSE,174.4375,-4.755417957,1.2823235988616943,70.42,281.0668640136719,0.5722779631614685
ODP,198,1209,B,32.6518,158.50593333333333,2387.4,Shallow (<40 cm),FALSE,FALSE,FALSE,FALSE,FALSE,174.4375,-4.755417957,1.2823235988616943,70.42,281.0668640136719,0.5722779631614685
ODP,198,1210,A,32.223533333333336,158.25936666666666,2573.5,Shallow (<40 cm),FALSE,FALSE,TRUE,FALSE,FALSE,174.4375,-4.755417957,1.2992515563964844,70.42,281.0668640136719,0.5204218626022339
ODP,198,1210,B,32.22366666666667,158.25936666666666,2573.2,Shallow (<40 cm),FALSE,FALSE,TRUE,FALSE,FALSE,174.4375,-4.755417957,1.2992515563964844,70.42,281.0668640136719,0.5204218626022339
ODP,198,1211,A,32.00216666666667,157.84998333333334,2907.5,Shallow (<40 cm),FALSE,FALSE,FALSE,FALSE,FALSE,174.25,-4.755417957,1.338600993156433,41.89,281.23883056640625,0.5023003220558167
ODP,198,1211,B,32.002316666666665,157.85,2906.2,None,FALSE,FALSE,FALSE,FALSE,FALSE,174.25,-4.755417957,1.338600993156433,41.89,281.23883056640625,0.5023003220558167
ODP,198,1211,C,32.00203333333334,157.85,2906.9,None,FALSE,FALSE,FALSE,FALSE,FALSE,174.25,-4.755417957,1.338600993156433,41.89,281.23883056640625,0.5023003220558167
ODP,198,1212,A,32.44833333333333,157.7117,2682.5,Shallow (<40 cm),FALSE,FALSE,TRUE,FALSE,FALSE,174.25,-4.755417957,1.4192898273468018,41.89,281.23883056640625,0.5617451667785645
ODP,198,1212,B,32.44845,157.71166666666667,2680.6,Shallow (<40 cm),FALSE,FALSE,TRUE,FALSE,FALSE,174.25,-4.755417957,1.4192898273468018,41.89,281.23883056640625,0.5617451667785645
ODP,198,1213,A,31.577333333333332,157.29766666666666,3882.8,None,FALSE,FALSE,FALSE,FALSE,FALSE,174.9375,-4.755417957,1.3061248064041138,27.36,246.34750366210935,0.4449850916862488
ODP,198,1214,A,31.867083333333333,157.47861666666665,3401.6,None,FALSE,FALSE,FALSE,FALSE,FALSE,174.9375,-4.755417957,1.3422688245773315,27.36,246.34750366210935,0.4768577218055725
ODP,199,1215,A,26.02955,-147.9331833,5395.6,None,FALSE,FALSE,FALSE,FALSE,FALSE,163.9375,-29.5,0.3177181184291839,0.56,254.01089477539065,0.3463982343673706
ODP,199,1215,B,26.02938333333333,-147.9331833,5395.3,None,FALSE,FALSE,FALSE,FALSE,FALSE,163.9375,-29.5,0.3177181184291839,0.56,254.01089477539065,0.3463982343673706
ODP,199,1216,A,21.452716666666667,-139.47985,5152.5,None,FALSE,FALSE,FALSE,FALSE,FALSE,167.3125,-29.5,0.37529695,0.5599999999999999,243.21791076660156,0.1807877719402313
ODP,199,1216,B,21.452833333333334,-139.4797667,5147.2,None,FALSE,FALSE,FALSE,FALSE,FALSE,167.3125,-29.5,0.37529695,0.5599999999999999,243.21791076660156,0.1807877719402313
ODP,199,1217,A,16.866883333333334,-138.0999833,5342.1,None,FALSE,FALSE,FALSE,FALSE,FALSE,169.5,-29.5,0.4450703859329223,0.3275,224.7285156,0.1926068067550659
ODP,199,1218,A,8.88945,-135.3666667,4826.3,None,FALSE,FALSE,FALSE,FALSE,FALSE,170.8125,-7.725,0.5927321910858154,0.135,276.5701904296875,0.6938977241516113
ODP,199,1218,B,8.889633333333334,-135.36665,4827.6,None,FALSE,FALSE,FALSE,FALSE,FALSE,170.8125,-7.725,0.5927321910858154,0.135,276.5701904296875,0.6938977241516113
ODP,199,1219,A,7.800166666666667,-142.01565,5063.4,None,FALSE,FALSE,FALSE,FALSE,FALSE,173.5,-7.725,0.6931267976760864,2.8375,281.3912048339844,0.5220394730567932
ODP,199,1220,A,10.176683333333331,-142.7582,5217.9,None,FALSE,FALSE,FALSE,FALSE,FALSE,172.9375,-7.725,0.6074644923210144,0,258.58575439453125,0.3527041375637054
ODP,199,1221,A,12.033316666666666,-143.6941833,5175.3,None,FALSE,FALSE,FALSE,FALSE,FALSE,173.4375,-29.5,0.611257792,0.35,239.4737548828125,0.1987058073282241
ODP,199,1221,B,12.033133333333334,-143.6942167,5175.1,None,FALSE,FALSE,FALSE,FALSE,FALSE,173.4375,-29.5,0.611257792,0.35,239.4737548828125,0.1987058073282241
ODP,199,1221,C,12.033116666666666,-143.6941833,5174.4,None,FALSE,FALSE,FALSE,FALSE,FALSE,173.4375,-29.5,0.611257792,0.35,239.4737548828125,0.1987058073282241
ODP,199,1222,A,13.8163,-143.8891333,4988.7,None,FALSE,FALSE,FALSE,FALSE,FALSE,173.375,-29.5,0.5610750913619995,0.33,230.2472991943359,0.1835147738456726
ODP,199,1222,B,13.8163,-143.88895,4990.7,None,FALSE,FALSE,FALSE,FALSE,FALSE,173.375,-29.5,0.5610750913619995,0.33,230.2472991943359,0.1835147738456726
ODP,200,1223,A,22.9735,-155.6543167,4235.1,None,FALSE,FALSE,FALSE,FALSE,FALSE,142.4375,-29.5,1.1233800649642944,7.8675,241.9908905029297,0.1956905722618103
ODP,200,1224,B,27.8895,-141.9792333,4970.4,None,FALSE,FALSE,FALSE,FALSE,TRUE,156.75,-29.5,0.3202725946903229,0.7374999999999999,263.3384094238281,0.229846567
ODP,200,1224,C,27.889483333333335,-141.9792833,4967.1,None,FALSE,FALSE,FALSE,FALSE,FALSE,156.75,-29.5,0.3202725946903229,0.7374999999999999,263.3384094238281,0.229846567
ODP,201,1225,A,2.770783333333333,-110.5714833,3761.3,None,FALSE,FALSE,FALSE,FALSE,FALSE,148.4375,-8.9375,1.5473378896713257,68.7,500.4606934,3.179551362991333
ODP,201,1225,B,2.770883333333334,-110.5714833,3760.1,None,FALSE,FALSE,FALSE,FALSE,FALSE,148.4375,-8.9375,1.5473378896713257,68.7,500.4606934,3.179551362991333
ODP,201,1225,C,2.77095,-110.5714833,3760.2,None,FALSE,FALSE,FALSE,FALSE,TRUE,148.4375,-8.9375,1.5473378896713257,68.7,500.4606934,3.179551362991333
ODP,201,1226,A,-3.094483333,-90.81798333,3296.9,None,FALSE,FALSE,FALSE,FALSE,FALSE,138.125,-8.9375,2.0223512649536133,58.872499999999995,505.2977294921875,2.6141912937164307
ODP,201,1226,B,-3.094483333,-90.81798333,3297,None,FALSE,FALSE,FALSE,FALSE,FALSE,138.125,-8.9375,2.0223512649536133,58.872499999999995,505.2977294921875,2.6141912937164307
ODP,201,1226,C,-3.094133333,-90.81798333,3296.4,None,FALSE,FALSE,FALSE,FALSE,FALSE,138.125,-8.9375,2.0223512649536133,58.872499999999995,505.2977294921875,2.6141912937164307
ODP,201,1226,D,-3.0941,-90.81801667,3296.7,None,FALSE,FALSE,FALSE,FALSE,FALSE,138.125,-8.9375,2.0223512649536133,58.872499999999995,505.2977294921875,2.6141912937164307
ODP,201,1226,E,-3.09405,-90.81798333,3296.4,None,FALSE,FALSE,FALSE,FALSE,TRUE,138.125,-8.9375,2.0223512649536133,58.872499999999995,505.2977294921875,2.6141912937164307
ODP,201,1227,A,-8.99105,-79.95583333,427.5,None,FALSE,FALSE,FALSE,FALSE,FALSE,130.46153259277344,4.866666666666667,1.9917875528335571,18.41,4606.45166,0.784231424
ODP,201,1227,B,-8.990883333,-79.95583333,427.1,None,FALSE,FALSE,FALSE,FALSE,FALSE,130.46153259277344,4.866666666666667,1.9917875528335571,18.41,4606.45166,0.784231424
ODP,201,1227,D,-8.990783333,-79.95601667,426.6,None,FALSE,FALSE,FALSE,FALSE,TRUE,130.46153259277344,4.866666666666667,1.9917875528335571,18.41,4606.45166,0.784231424
ODP,201,1228,A,-11.06453333,-78.07783333,262.2,None,FALSE,FALSE,FALSE,FALSE,FALSE,134.86666870117188,4.866666666666667,2.246281385421753,3.66,3623.682129,0.500157356
ODP,201,1228,B,-11.06436667,-78.07773333,262.3,None,FALSE,FALSE,FALSE,FALSE,FALSE,134.86666870117188,4.866666666666667,2.246281385421753,3.66,3623.682129,0.500157356
ODP,201,1228,C,-11.06425,-78.07776667,261.5,None,FALSE,FALSE,FALSE,FALSE,FALSE,134.86666870117188,4.866666666666667,2.246281385421753,3.66,3623.682129,0.500157356
ODP,201,1228,E,-11.06401667,-78.07781667,261.7,None,FALSE,FALSE,FALSE,FALSE,TRUE,134.86666870117188,4.866666666666667,2.246281385421753,3.66,3623.682129,0.500157356
ODP,201,1229,A,-10.9762,-77.95765,152.2,None,FALSE,FALSE,FALSE,FALSE,FALSE,133,4.866666666666667,2.252204656600952,,6302.679199,
ODP,201,1229,C,-10.97613333,-77.9578,151.2,None,FALSE,FALSE,FALSE,FALSE,FALSE,133,4.866666666666667,2.252204656600952,,6302.679199,
ODP,201,1229,D,-10.97611667,-77.95783333,151.2,None,FALSE,FALSE,FALSE,FALSE,TRUE,133,4.866666666666667,2.252204656600952,,6302.679199,
ODP,201,1229,E,-10.97608333,-77.95801667,151.3,None,FALSE,FALSE,FALSE,FALSE,FALSE,133,4.866666666666667,2.252204656600952,,6302.679199,
ODP,201,1230,A,-9.11255,-80.5835,5086.2,None,FALSE,FALSE,FALSE,FALSE,TRUE,135.25,4.866666666666667,1.9557321071624756,4.855,1572.628173828125,0.7943376898765564
ODP,201,1230,B,-9.11235,-80.58351667,5085.5,None,FALSE,FALSE,FALSE,FALSE,TRUE,135.25,4.866666666666667,1.9557321071624756,4.855,1572.628173828125,0.7943376898765564
ODP,201,1230,C,-9.112283333,-80.58351667,5086.4,None,FALSE,FALSE,FALSE,FALSE,TRUE,135.25,4.866666666666667,1.9557321071624756,4.855,1572.628173828125,0.7943376898765564
ODP,201,1230,D,-9.112233333,-80.58355,5086.9,None,FALSE,FALSE,FALSE,FALSE,FALSE,135.25,4.866666666666667,1.9557321071624756,4.855,1572.628173828125,0.7943376898765564
ODP,201,1230,E,-9.1121,-80.58348333,5086.9,None,FALSE,FALSE,FALSE,FALSE,FALSE,135.25,4.866666666666667,1.9557321071624756,4.855,1572.628173828125,0.7943376898765564
ODP,201,1231,A,-12.02108333,-81.90401667,4812.6,Shallow (<40 cm),FALSE,TRUE,TRUE,FALSE,FALSE,146.5625,-8.9375,1.1341508626937866,0.2575,639.0671387,0.2712129652500152
ODP,201,1231,B,-12.02106667,-81.904,4813.7,Shallow (<40 cm),FALSE,FALSE,FALSE,FALSE,FALSE,146.5625,-8.9375,1.1341508626937866,0.2575,639.0671387,0.2712129652500152
ODP,201,1231,C,-12.02086667,-81.904,4812.5,Deep (>40 cm),FALSE,FALSE,FALSE,FALSE,FALSE,146.5625,-8.9375,1.1341508626937866,0.2575,639.0671387,0.2712129652500152
ODP,201,1231,D,-12.02068333,-81.90401667,4812.3,Shallow (<40 cm),FALSE,FALSE,FALSE,FALSE,FALSE,146.5625,-8.9375,1.1341508626937866,0.2575,639.0671387,0.2712129652500152
ODP,201,1231,E,-12.02051667,-81.90398333,4812.5,None,FALSE,FALSE,FALSE,FALSE,TRUE,146.5625,-8.9375,1.1341508626937866,0.2575,639.0671387,0.2712129652500152
ODP,202,1232,A,-39.89116667,-75.90136667,4078.6,None,FALSE,FALSE,FALSE,FALSE,FALSE,144.5625,4.866666666666667,1.0608800649642944,7.3,962.670166,2.3272595405578613
ODP,202,1232,B,-39.89088333,-75.90131667,4069.5,None,FALSE,FALSE,FALSE,FALSE,FALSE,144.5625,4.866666666666667,1.0608800649642944,7.3,962.670166,2.3272595405578613
ODP,202,1232,C,-39.89066667,-75.90136667,4068.9,Shallow (<40 cm),FALSE,FALSE,TRUE,FALSE,FALSE,144.5625,4.866666666666667,1.0608800649642944,7.3,962.670166,2.3272595405578613
ODP,202,1233,B,-41.00001667,-74.44996667,837.5,None,FALSE,FALSE,FALSE,FALSE,FALSE,167.6666717529297,4.866666666666667,1.892660856246948,71,1926.48584,3.715484619140625
ODP,202,1233,C,-41.00005,-74.44986667,837.7,None,FALSE,FALSE,FALSE,FALSE,FALSE,167.6666717529297,4.866666666666667,1.892660856246948,71,1926.48584,3.715484619140625
ODP,202,1233,D,-41.00015,-74.44985,839.2,None,FALSE,FALSE,FALSE,FALSE,TRUE,167.6666717529297,4.866666666666667,1.892660856246948,71,1926.48584,3.715484619140625
ODP,202,1233,E,-41.00021667,-74.4497,838.1,None,FALSE,FALSE,FALSE,FALSE,FALSE,167.6666717529297,4.866666666666667,1.892660856246948,71,1926.48584,3.715484619140625
ODP,202,1234,A,-36.21921667,-73.68181667,1015.6,None,FALSE,FALSE,FALSE,FALSE,FALSE,92.14286041259766,4.866666666666667,2.7177133560180664,0,2144.531738,1.3975361585617063
ODP,202,1234,B,-36.21916667,-73.68171667,1014,None,FALSE,FALSE,FALSE,FALSE,FALSE,92.14286041259766,4.866666666666667,2.7177133560180664,0,2144.531738,1.3975361585617063
ODP,202,1235,A,-36.15985,-73.5665,489.7,None,FALSE,FALSE,FALSE,FALSE,FALSE,92.14286041259766,4.866666666666667,2.7375309467315674,0,2144.531738,1.3483139276504517
ODP,202,1235,B,-36.15986667,-73.56638333,488.5,None,FALSE,FALSE,FALSE,FALSE,FALSE,92.14286041259766,4.866666666666667,2.7375309467315674,0,2144.531738,1.3483139276504517
ODP,202,1236,A,-21.35898333,-81.436,1323.7,None,FALSE,FALSE,FALSE,FALSE,FALSE,153.6875,-13.6375,0.4319236278533935,5,335.8150329589844,0.2443348914384842
ODP,202,1236,B,-21.35901667,-81.43608333,1322.5,None,FALSE,FALSE,FALSE,FALSE,FALSE,153.6875,-13.6375,0.4319236278533935,5,335.8150329589844,0.2443348914384842
ODP,202,1237,B,-16.00701667,-76.378,3212.7,None,FALSE,FALSE,FALSE,FALSE,FALSE,136.9375,4.866666666666667,1.3423088788986206,1.85,766.9573364257812,0.6064220666885376
ODP,202,1237,C,-16.00703333,-76.37808333,3211.9,None,FALSE,FALSE,FALSE,FALSE,FALSE,136.9375,4.866666666666667,1.3423088788986206,1.85,766.9573364257812,0.6064220666885376
ODP,202,1238,A,-1.871833333,-82.78233333,2202.2,None,FALSE,FALSE,FALSE,FALSE,FALSE,106.3125,4.866666666666667,2.9056599140167236,32.94500000000001,976.4176025390624,2.273442029953003
ODP,202,1238,B,-1.871833333,-82.78223333,2202.2,None,FALSE,FALSE,FALSE,FALSE,FALSE,106.3125,4.866666666666667,2.9056599140167236,32.94500000000001,976.4176025390624,2.273442029953003
ODP,202,1238,C,-1.871833333,-82.78213333,2203.2,None,FALSE,FALSE,FALSE,FALSE,FALSE,106.3125,4.866666666666667,2.9056599140167236,32.94500000000001,976.4176025390624,2.273442029953003
ODP,202,1239,A,-0.672,-82.08083333,1414.7,None,FALSE,FALSE,FALSE,FALSE,FALSE,103.25,4.866666666666667,2.7202858924865723,32.2675,818.2197266,2.479954957962036
ODP,202,1239,B,-0.672016667,-82.081,1413.3,None,FALSE,FALSE,FALSE,FALSE,FALSE,103.25,4.866666666666667,2.7202858924865723,32.2675,818.2197266,2.479954957962036
ODP,202,1240,A,0.02185,-86.4625,2922.4,None,FALSE,FALSE,FALSE,FALSE,FALSE,113.375,4.866666666666667,2.5053176879882812,63.665000000000006,641.1481934,4.362399101257324
ODP,202,1240,B,0.02185,-86.4626,2920.2,None,FALSE,FALSE,FALSE,FALSE,FALSE,113.375,4.866666666666667,2.5053176879882812,63.665000000000006,641.1481934,4.362399101257324
ODP,202,1241,A,5.842833333333333,-86.4445,2027.3,Shallow (<40 cm),FALSE,FALSE,TRUE,FALSE,FALSE,101.6875,-7.725,2.939705610275269,42.8125,417.4112243652344,2.422123670578003
ODP,202,1241,B,5.842833333333333,-86.44468333,2025.8,Shallow (<40 cm),FALSE,FALSE,FALSE,FALSE,FALSE,101.6875,-7.725,2.939705610275269,42.8125,417.4112243652344,2.422123670578003
ODP,202,1241,C,5.842833333333333,-86.44486667,2027.2,Shallow (<40 cm),FALSE,FALSE,FALSE,FALSE,FALSE,101.6875,-7.725,2.939705610275269,42.8125,417.4112243652344,2.422123670578003
ODP,202,1242,A,7.855866666666667,-83.6067,1363.4,None,FALSE,FALSE,FALSE,FALSE,FALSE,69,-1,2.4678544998168945,15.27,569.5609741210938,3.1265900135040283
ODP,202,1242,B,7.855883333333333,-83.60688333,1365.2,None,FALSE,FALSE,FALSE,FALSE,FALSE,69,-1,2.4678544998168945,15.27,569.5609741210938,3.1265900135040283
ODP,202,1242,C,7.855866666666667,-83.60706667,1363.1,None,FALSE,FALSE,FALSE,FALSE,FALSE,69,-1,2.4678544998168945,15.27,569.5609741210938,3.1265900135040283
ODP,204,1244,A,44.586166666666664,-125.11985,896.7,None,FALSE,FALSE,FALSE,FALSE,FALSE,88.625,-14.77777778,1.334763526916504,6.539999999999999,1549.951904296875,29.954072952270508
ODP,204,1244,B,44.586166666666664,-125.1198667,896,None,FALSE,FALSE,FALSE,FALSE,FALSE,88.625,-14.77777778,1.334763526916504,6.539999999999999,1549.951904296875,29.954072952270508
ODP,204,1244,C,44.5863,-125.1198333,895.1,None,FALSE,FALSE,FALSE,FALSE,TRUE,88.625,-14.77777778,1.334763526916504,6.539999999999999,1549.951904296875,29.954072952270508
ODP,204,1244,E,44.58618333333333,-125.1195333,893.3,None,FALSE,FALSE,FALSE,FALSE,FALSE,88.625,-14.77777778,1.334763526916504,6.539999999999999,1549.951904296875,29.954072952270508
ODP,204,1245,B,44.58598333333333,-125.1491,869.7,None,FALSE,FALSE,FALSE,FALSE,FALSE,88.625,-14.77777778,1.3493739366531372,6.539999999999999,1549.951904296875,29.954072952270508
ODP,204,1245,C,44.586166666666664,-125.14885,868.6,None,FALSE,FALSE,FALSE,FALSE,FALSE,88.625,-14.77777778,1.3493739366531372,6.539999999999999,1549.951904296875,29.954072952270508
ODP,204,1246,B,44.58606666666667,-125.1353833,849.4,None,FALSE,FALSE,FALSE,FALSE,FALSE,88.625,-14.77777778,1.3493739366531372,6.539999999999999,1549.951904296875,29.954072952270508
ODP,204,1247,B,44.57765,-125.1512833,834.3,None,FALSE,FALSE,FALSE,FALSE,FALSE,88.625,-14.77777778,1.3493739366531372,6.539999999999999,1549.951904296875,29.954072952270508
ODP,204,1248,B,44.574283333333334,-125.1524667,829.6,None,FALSE,FALSE,FALSE,FALSE,TRUE,88.625,-14.77777778,1.3493739366531372,6.539999999999999,1549.951904296875,29.954072952270508
ODP,204,1248,C,44.57423333333333,-125.1525,829.6,None,FALSE,FALSE,FALSE,FALSE,FALSE,88.625,-14.77777778,1.3493739366531372,6.539999999999999,1549.951904296875,29.954072952270508
ODP,204,1249,C,44.570616666666666,-125.14735,778.4,None,FALSE,FALSE,FALSE,FALSE,TRUE,88.625,-14.77777778,1.3493739366531372,6.539999999999999,1549.951904296875,29.954072952270508
ODP,204,1249,F,44.57053333333333,-125.1473,777.2,None,FALSE,FALSE,FALSE,FALSE,TRUE,88.625,-14.77777778,1.3493739366531372,6.539999999999999,1549.951904296875,29.954072952270508
ODP,204,1250,C,44.568783333333336,-125.1503,795.8,None,FALSE,FALSE,FALSE,FALSE,TRUE,88.625,-14.77777778,1.3493739366531372,6.539999999999999,1549.951904296875,29.954072952270508
ODP,204,1250,D,44.56843333333333,-125.1503,795.7,None,FALSE,FALSE,FALSE,FALSE,FALSE,88.625,-14.77777778,1.3493739366531372,6.539999999999999,1549.951904296875,29.954072952270508
ODP,204,1251,B,44.57031666666666,-125.0739667,1213.3,None,FALSE,FALSE,FALSE,FALSE,FALSE,88.625,-14.77777778,1.334763526916504,6.539999999999999,1549.951904296875,29.968976974487305
ODP,204,1251,C,44.5701,-125.07395,1210.2,None,FALSE,FALSE,FALSE,FALSE,FALSE,88.625,-14.77777778,1.334763526916504,6.539999999999999,1549.951904296875,29.968976974487305
ODP,204,1251,D,44.5701,-125.07395,1210.2,None,FALSE,FALSE,FALSE,FALSE,TRUE,88.625,-14.77777778,1.334763526916504,6.539999999999999,1549.951904296875,29.968976974487305
ODP,204,1251,E,44.57021666666667,-125.0739333,1208.8,None,FALSE,FALSE,FALSE,FALSE,FALSE,88.625,-14.77777778,1.334763526916504,6.539999999999999,1549.951904296875,29.968976974487305
ODP,204,1251,F,44.57026666666667,-125.07395,1208.8,None,FALSE,FALSE,FALSE,FALSE,FALSE,88.625,-14.77777778,1.334763526916504,6.539999999999999,1549.951904296875,29.968976974487305
ODP,204,1252,A,44.58611666666667,-125.0928167,1039.2,None,FALSE,FALSE,FALSE,FALSE,FALSE,88.625,-14.77777778,1.334763526916504,6.539999999999999,1549.951904296875,29.968976974487305
ODP,206,1256,A,6.736483333333333,-91.93428333,3634.5,None,FALSE,FALSE,FALSE,FALSE,FALSE,119.3125,-7.725,1.3119221925735474,2.62,442.1126708984375,1.9866037368774416
ODP,206,1256,B,6.7364999999999995,-91.93433333,3634.7,None,FALSE,FALSE,FALSE,FALSE,FALSE,119.3125,-7.725,1.3119221925735474,2.62,442.1126708984375,1.9866037368774416
ODP,207,1257,A,9.453833333333334,-54.34196667,2951,None,FALSE,FALSE,FALSE,TRUE,FALSE,231,18.095238095238106,0.5566868185997009,25.584999999999997,615.9212646484375,8.130637168884277
ODP,207,1258,A,9.433333333333334,-54.73331667,3192.2,None,FALSE,FALSE,FALSE,FALSE,FALSE,231,18.095238095238106,0.5679281949996948,25.584999999999997,615.9212646484375,8.045259475708008
ODP,207,1258,B,9.433333333333334,-54.73303333,3192.2,None,FALSE,FALSE,FALSE,FALSE,FALSE,231,18.095238095238106,0.5679281949996948,25.584999999999997,615.9212646484375,8.045259475708008
ODP,207,1259,A,9.299983333333332,-54.19996667,2353.8,Shallow (<40 cm),FALSE,TRUE,FALSE,FALSE,FALSE,231,18.095238095238106,0.5618783235549927,25.584999999999997,615.9212646484375,8.142825127
ODP,207,1259,B,9.3008,-54.19908333,2353.8,None,FALSE,FALSE,FALSE,FALSE,TRUE,231,18.095238095238106,0.5618783235549927,25.584999999999997,615.9212646484375,8.149376869
ODP,207,1260,A,9.2658,-54.54388333,2548.8,None,FALSE,FALSE,FALSE,FALSE,FALSE,231,18.095238095238106,0.5821003317832947,25.584999999999997,615.9212646484375,8.198131561279297
ODP,207,1261,A,9.048616666666666,-54.3173,1899.7,None,FALSE,FALSE,FALSE,FALSE,FALSE,231,18.095238095238106,0.6020988821983337,25.584999999999997,615.9212646484375,8.272915840148926
ODP,208,1262,A,-27.186,1.577,4759,None,FALSE,FALSE,FALSE,FALSE,FALSE,229.9375,10.999999999999991,0.3375139534473419,87.2475,228.3786468505859,0.3146691620349884
ODP,208,1262,B,-27.18583333,1.577,4753.6,None,FALSE,FALSE,FALSE,FALSE,FALSE,229.9375,10.999999999999991,0.3375139534473419,87.2475,228.3786468505859,0.3146691620349884
ODP,208,1263,A,-28.53283333,2.7794833333333333,2717.1,None,FALSE,FALSE,FALSE,FALSE,FALSE,227.1875,10.999999999999991,0.2020547986030578,91.5425,246.45025634765625,0.4287132322788238
ODP,208,1264,A,-28.53268333,2.8455166666666667,2507,None,FALSE,FALSE,FALSE,FALSE,FALSE,227.1875,10.999999999999991,0.2000613361597061,91.5425,246.45025634765625,0.4176807105541229
ODP,208,1264,B,-28.5325,2.845483333333333,2504,None,FALSE,FALSE,FALSE,FALSE,FALSE,227.1875,10.999999999999991,0.2000613361597061,91.5425,246.45025634765625,0.4176807105541229
ODP,208,1264,C,-28.53226667,2.84545,2504.3,None,FALSE,FALSE,FALSE,FALSE,FALSE,227.1875,10.999999999999991,0.2000613361597061,91.5425,246.45025634765625,0.4176807105541229
ODP,208,1265,A,-28.83501667,2.639333333333333,3059.8,None,FALSE,FALSE,FALSE,FALSE,FALSE,227.1875,10.999999999999991,0.1994234919548034,91.5425,246.45025634765625,0.4308545589447021
ODP,208,1265,B,-28.83501667,2.6391166666666668,3059.6,None,FALSE,FALSE,FALSE,FALSE,FALSE,227.1875,10.999999999999991,0.1994234919548034,91.5425,246.45025634765625,0.4308545589447021
ODP,208,1266,A,-28.54268333,2.3435,3799.7,None,FALSE,FALSE,FALSE,FALSE,FALSE,227.1875,10.999999999999991,0.223042756,91.5425,246.45025634765625,0.4658986628055572
ODP,208,1266,B,-28.5425,2.3435,3796.6,None,FALSE,FALSE,FALSE,FALSE,FALSE,227.1875,10.999999999999991,0.223042756,91.5425,246.45025634765625,0.4658986628055572
ODP,208,1267,A,-28.09801667,1.7109833333333333,4354.3,None,FALSE,FALSE,FALSE,FALSE,FALSE,228.1875,10.999999999999991,0.3117083013057709,90.00500000000001,229.9125518798828,0.4092455804347992
ODP,208,1267,B,-28.09816667,1.7109666666666667,4355.1,None,FALSE,FALSE,FALSE,FALSE,FALSE,228.1875,10.999999999999991,0.3117083013057709,90.00500000000001,229.9125518798828,0.4092455804347992
ODP,209,1268,A,14.845916666666668,-45.07735,3007,None,FALSE,FALSE,FALSE,FALSE,TRUE,251.625,11.384615384615389,0.224619448,73.485,169.1086883544922,3.0049002170562744
ODP,209,1269,A,14.932716666666666,-45.06121667,2809,None,FALSE,FALSE,FALSE,FALSE,TRUE,251.625,11.384615384615389,0.2251710146665573,73.485,169.1086883544922,2.8571887016296387
ODP,209,1269,B,14.9327,-45.062,2799.5,None,FALSE,FALSE,FALSE,FALSE,TRUE,251.625,11.384615384615389,0.2251710146665573,73.485,169.1086883544922,2.8571887016296387
ODP,209,1269,C,14.932333333333334,-45.07238333,2667.5,None,FALSE,FALSE,FALSE,FALSE,TRUE,251.625,11.384615384615389,0.2251710146665573,73.485,169.1086883544922,2.8571887016296387
ODP,209,1270,A,14.722366666666666,-44.88868333,1951,None,FALSE,FALSE,FALSE,FALSE,TRUE,251.375,11.384615384615389,0.2301398962736129,72.065,169.20323181152344,3.0678470134735107
ODP,209,1270,B,14.721083333333333,-44.88708333,1909.9,None,FALSE,FALSE,FALSE,FALSE,TRUE,251.375,11.384615384615389,0.2301398962736129,72.065,169.20323181152344,3.0678470134735107
ODP,209,1270,C,14.7214,-44.88485,1821.9,None,FALSE,FALSE,FALSE,FALSE,TRUE,251.375,11.384615384615389,0.2301398962736129,72.065,169.20323181152344,3.0678470134735107
ODP,209,1270,D,14.721166666666669,-44.88473333,1816.9,None,FALSE,FALSE,FALSE,FALSE,TRUE,251.375,11.384615384615389,0.2301398962736129,72.065,169.20323181152344,3.0678470134735107
ODP,209,1271,A,15.037033333333332,-44.94811667,3611.9,None,FALSE,FALSE,FALSE,FALSE,TRUE,252.8125,11.384615384615389,0.2325056344270706,76.3325,162.1332244873047,2.6601202487945557
ODP,209,1271,B,15.036483333333331,-44.94853333,3584.9,None,FALSE,FALSE,FALSE,FALSE,TRUE,252.8125,11.384615384615389,0.2325056344270706,76.3325,162.1332244873047,2.6601202487945557
ODP,209,1272,A,15.094433333333331,-44.97166667,2559.8,None,FALSE,FALSE,FALSE,FALSE,TRUE,252.8125,11.384615384615389,0.2304052710533142,76.3325,162.1332244873047,2.6601202487945557
ODP,209,1273,A,15.49965,-46.68123333,3416.8,None,FALSE,FALSE,FALSE,FALSE,TRUE,253.0625,11.384615384615389,0.2135738730430603,75.3475,161.66574096679688,2.788245916366577
ODP,209,1273,B,15.499666666666666,-46.68108333,3418.8,None,FALSE,FALSE,FALSE,FALSE,TRUE,253.0625,11.384615384615389,0.2135738730430603,75.3475,161.66574096679688,2.788245916366577
ODP,209,1273,C,15.498616666666669,-46.68138333,3407.8,None,FALSE,FALSE,FALSE,FALSE,TRUE,253.0625,11.384615384615389,0.2135738730430603,75.3475,161.66574096679688,2.788245916366577
ODP,209,1274,A,15.647783333333331,-46.67636667,3939.8,None,FALSE,FALSE,FALSE,FALSE,TRUE,253.0625,11.384615384615389,0.2124235033988952,75.3475,161.66574096679688,3.1100375652313232
ODP,209,1275,A,15.741483333333331,-46.90351667,1562.3,None,FALSE,FALSE,FALSE,FALSE,TRUE,253.0625,11.384615384615389,0.211172268,75.3475,161.66574096679688,3.13514781
ODP,209,1275,B,15.741433333333331,-46.90346667,1561.7,None,FALSE,FALSE,FALSE,FALSE,TRUE,253.0625,11.384615384615389,0.211172268,75.3475,161.66574096679688,3.13514781
Early IODP,301,U1301,C,47.754666666666665,-127.7633333,2656,None,FALSE,FALSE,FALSE,FALSE,TRUE,83.4375,-14.77777778,1.6550816297531128,19.6425,937.2064208984376,28.33656311035156
Early IODP,303,U1302,A,50.16641666666666,-45.63785,3568.6,None,FALSE,FALSE,FALSE,FALSE,TRUE,291.6875,35.46666666666667,0.4147877097129822,46.415,1012.567383,1.994436502456665
Early IODP,303,U1302,B,50.166583333333335,-45.63816667,3563.4,None,FALSE,FALSE,FALSE,TRUE,FALSE,291.6875,35.46666666666667,0.4147877097129822,46.415,1012.567383,1.994436502456665
Early IODP,303,U1302,C,50.166783333333335,-45.63848333,3559.2,None,FALSE,FALSE,TRUE,TRUE,FALSE,291.6875,35.46666666666667,0.4147877097129822,46.415,1012.567383,1.994436502456665
Early IODP,303,U1302,D,50.166983333333334,-45.63873333,3555.7,Shallow (<40 cm),FALSE,TRUE,TRUE,FALSE,FALSE,291.6875,35.46666666666667,0.4147877097129822,46.415,1012.567383,1.994436502456665
Early IODP,303,U1302,E,50.16716666666667,-45.63905,3558.1,Shallow (<40 cm),FALSE,TRUE,TRUE,FALSE,FALSE,291.6875,35.46666666666667,0.4147877097129822,46.415,1012.567383,1.994436502456665
Early IODP,303,U1303,A,50.20668333333333,-45.687,3524.2,None,FALSE,FALSE,TRUE,FALSE,FALSE,291.6875,35.46666666666667,0.4147877097129822,46.415,1012.567383,1.9757850170135496
Early IODP,303,U1303,B,50.206383333333335,-45.68661667,3517.9,Shallow (<40 cm),FALSE,TRUE,TRUE,FALSE,FALSE,291.6875,35.46666666666667,0.4147877097129822,46.415,1012.567383,1.9757850170135496
Early IODP,303,U1304,A,53.05668333333333,-33.52968333,3069.1,None,FALSE,FALSE,TRUE,FALSE,FALSE,276.5,38.882352941176464,0.2599512934684753,45.9025,1164.135742,3.6257565021514897
Early IODP,303,U1304,B,53.05655,-33.52946667,3065.4,Shallow (<40 cm),FALSE,FALSE,TRUE,FALSE,FALSE,276.5,38.882352941176464,0.2599512934684753,45.9025,1164.135742,3.6257565021514897
Early IODP,303,U1304,C,53.0564,-33.52918333,3064.5,Shallow (<40 cm),FALSE,TRUE,TRUE,FALSE,FALSE,276.5,38.882352941176464,0.2599512934684753,45.9025,1164.135742,3.6257565021514897
Early IODP,303,U1305,A,57.475116666666665,-48.5307,3463,None,FALSE,FALSE,FALSE,FALSE,FALSE,300.0625,35.46666666666667,0.4420403242111206,56.7525,753.2698974609375,4.285682201385498
Early IODP,303,U1305,B,57.475116666666665,-48.53021667,3459.2,Shallow (<40 cm),FALSE,TRUE,TRUE,FALSE,FALSE,300.0625,35.46666666666667,0.4420403242111206,56.7525,753.2698974609375,4.285682201385498
Early IODP,303,U1305,C,57.47515,-48.52971667,3458.8,Shallow (<40 cm),FALSE,TRUE,TRUE,FALSE,FALSE,300.0625,35.46666666666667,0.4420403242111206,56.7525,753.2698974609375,4.285682201385498
Early IODP,303,U1306,A,58.23713333333333,-45.64313333,2270.5,Deep (>40 cm),FALSE,FALSE,FALSE,FALSE,FALSE,302.625,35.46666666666667,0.5395448207855225,47.09,603.1624755859375,5.581104755401611
Early IODP,303,U1306,B,58.237116666666665,-45.64261667,2273,Deep (>40 cm),FALSE,TRUE,FALSE,FALSE,FALSE,302.625,35.46666666666667,0.5395448207855225,47.09,603.1624755859375,5.581104755401611
Early IODP,303,U1306,C,58.23713333333333,-45.64211667,2274.8,None,FALSE,FALSE,FALSE,FALSE,TRUE,302.625,35.46666666666667,0.5395448207855225,47.09,603.1624755859375,5.581104755401611
Early IODP,303,U1306,D,58.237116666666665,-45.64166667,2271.8,Deep (>40 cm),FALSE,TRUE,TRUE,FALSE,FALSE,302.625,35.46666666666667,0.5395448207855225,47.09,603.1624755859375,5.581104755401611
Early IODP,303,U1307,A,58.50578333333333,-46.40055,2575.1,None,FALSE,FALSE,FALSE,FALSE,FALSE,302.625,35.46666666666667,0.5767154693603516,23.596666666666668,598.5838012695312,5.153601646
Early IODP,303,U1307,B,58.505966666666666,-46.4009,2575.3,None,FALSE,FALSE,FALSE,FALSE,FALSE,302.625,35.46666666666667,0.5767154693603516,23.596666666666668,598.5838012695312,5.153601646
Early IODP,303,U1308,A,49.877766666666666,-24.23811667,3871,Deep (>40 cm),FALSE,TRUE,FALSE,FALSE,FALSE,257,38.882352941176464,0.4201594293117523,74.2025,1130.1986083984375,1.9725899696350095
Early IODP,303,U1308,B,49.87778333333333,-24.23855,3871.1,Deep (>40 cm),FALSE,FALSE,FALSE,FALSE,FALSE,257,38.882352941176464,0.4201594293117523,74.2025,1130.1986083984375,1.9725899696350095
Early IODP,303,U1308,C,49.87806666666667,-24.23811667,3872.7,Deep (>40 cm),FALSE,TRUE,FALSE,FALSE,FALSE,257,38.882352941176464,0.4201594293117523,74.2025,1130.1986083984375,1.9725899696350095
Early IODP,303,U1308,D,49.87833333333333,-24.23811667,3873.8,Deep (>40 cm),FALSE,TRUE,TRUE,TRUE,FALSE,257,38.882352941176464,0.4201594293117523,74.2025,1130.1986083984375,1.9725899696350095
Early IODP,303,U1308,E,49.87833333333333,-24.23811667,3871,Deep (>40 cm),FALSE,FALSE,FALSE,FALSE,FALSE,257,38.882352941176464,0.4201594293117523,74.2025,1130.1986083984375,1.9725899696350095
Early IODP,303,U1308,F,49.87833333333333,-24.23853333,3872.1,None,FALSE,FALSE,FALSE,FALSE,FALSE,257,38.882352941176464,0.4201594293117523,74.2025,1130.1986083984375,1.9725899696350095
Early IODP,304,U1309,A,30.168466666666667,-42.1185,1642.3,None,FALSE,FALSE,FALSE,FALSE,TRUE,256,20.444444444444443,0.1636584550142288,84.6325,163.02841186523438,3.996024847
Early IODP,304,U1309,B,30.168466666666667,-42.1185,1642.3,None,FALSE,FALSE,FALSE,FALSE,TRUE,256,20.444444444444443,0.1636584550142288,84.6325,163.02841186523438,3.996024847
Early IODP,304,U1309,E,30.168666666666667,-42.1185,,None,FALSE,FALSE,FALSE,FALSE,FALSE,256,20.444444444444443,0.1636584550142288,84.6325,163.02841186523438,3.996024847
Early IODP,304,U1309,F,30.17,-42.12083333,,None,FALSE,FALSE,FALSE,FALSE,FALSE,256,20.444444444444443,0.1636584550142288,84.6325,163.02841186523438,3.996024847
Early IODP,304,U1309,G,30.175666666666668,-42.10533333,,None,FALSE,FALSE,FALSE,FALSE,TRUE,256,20.444444444444443,0.1636584550142288,84.6325,163.02841186523438,3.996024847
Early IODP,304,U1309,H,30.175666666666668,-42.10533333,,None,FALSE,FALSE,FALSE,FALSE,TRUE,256,20.444444444444443,0.1636584550142288,84.6325,163.02841186523438,3.996024847
Early IODP,304,U1310,B,30.1914,-42.06533333,2582.7,None,FALSE,FALSE,FALSE,FALSE,TRUE,256,20.444444444444443,0.1636584550142288,84.6325,163.02841186523438,3.9014599323272705
Early IODP,304,U1311,A,30.176816666666667,-42.06983333,2540.6,None,FALSE,FALSE,FALSE,FALSE,TRUE,256,20.444444444444443,0.1636584550142288,84.6325,163.02841186523438,3.9014599323272705
Early IODP,306,U1312,A,42.836733333333335,-23.08751667,3522.1,None,FALSE,FALSE,FALSE,FALSE,FALSE,247.1875,13.538461538461547,0.3876851499080658,88.7325,573.9307250976562,1.8269158601760864
Early IODP,306,U1312,B,42.83691666666667,-23.08775,3522.7,None,FALSE,FALSE,FALSE,FALSE,FALSE,247.1875,13.538461538461547,0.3876851499080658,88.7325,573.9307250976562,1.8269158601760864
Early IODP,306,U1313,A,41.001133333333335,-32.95731667,3412.3,Deep (>40 cm),FALSE,TRUE,FALSE,FALSE,FALSE,268.25,13.538461538461547,0.2938894033432007,81.2525,507.3629760742187,2.730443000793457
Early IODP,306,U1313,B,41.00136666666667,-32.9573,3413.5,Deep (>40 cm),FALSE,TRUE,FALSE,FALSE,FALSE,268.25,13.538461538461547,0.2938894033432007,81.2525,507.3629760742187,2.730443000793457
Early IODP,306,U1313,C,41.00135,-32.95701667,3412.7,Deep (>40 cm),FALSE,FALSE,TRUE,FALSE,FALSE,268.25,13.538461538461547,0.2938894033432007,81.2525,507.3629760742187,2.730443000793457
Early IODP,306,U1313,D,41.00111666666667,-32.95701667,3411.9,Shallow (<40 cm),FALSE,FALSE,FALSE,FALSE,FALSE,268.25,13.538461538461547,0.2938894033432007,81.2525,507.3629760742187,2.730443000793457
Early IODP,306,U1314,A,56.364716666666666,-27.88848333,2799.4,Shallow (<40 cm),FALSE,FALSE,TRUE,FALSE,FALSE,272.625,35.46666666666667,0.6218385696411133,40.765,1120.200439453125,3.8836984634399414
Early IODP,306,U1314,B,56.36493333333333,-27.88851667,2800.3,Shallow (<40 cm),FALSE,FALSE,TRUE,FALSE,FALSE,272.625,35.46666666666667,0.6218385696411133,40.765,1120.200439453125,3.8836984634399414
Early IODP,306,U1314,C,56.36493333333333,-27.88811667,2799.1,None,FALSE,FALSE,FALSE,TRUE,FALSE,272.625,35.46666666666667,0.6218385696411133,40.765,1120.200439453125,3.8836984634399414
Early IODP,307,U1316,A,51.37585,-11.73005,948.4,None,FALSE,FALSE,FALSE,FALSE,FALSE,245.375,38.882352941176464,0.422907144,67.37,1115.347412109375,
Early IODP,307,U1316,B,51.37603333333333,-11.73016667,948.1,None,FALSE,FALSE,FALSE,FALSE,FALSE,245.375,38.882352941176464,0.422907144,67.37,1115.347412109375,
Early IODP,307,U1317,A,51.3808,-11.71846667,815.1,Deep (>40 cm),FALSE,FALSE,FALSE,FALSE,FALSE,245.375,38.882352941176464,0.422907144,67.37,1115.347412109375,
Early IODP,307,U1317,B,51.38066666666667,-11.7182,798,None,FALSE,FALSE,FALSE,FALSE,FALSE,245.375,38.882352941176464,0.422907144,67.37,1115.347412109375,
Early IODP,307,U1317,C,51.3805,-11.71793333,791.7,None,FALSE,FALSE,FALSE,FALSE,TRUE,245.375,38.882352941176464,0.422907144,67.37,1115.347412109375,
Early IODP,307,U1317,E,51.379983333333335,-11.71763333,781.1,None,FALSE,FALSE,FALSE,FALSE,FALSE,245.375,38.882352941176464,0.422907144,67.37,1115.347412109375,
Early IODP,307,U1318,A,51.436033333333334,-11.5503,409.3,None,FALSE,FALSE,FALSE,FALSE,FALSE,245.375,38.882352941176464,0.4153482019901275,67.37,1115.347412109375,
Early IODP,307,U1318,B,51.4358,-11.55031667,408.8,None,FALSE,FALSE,FALSE,FALSE,FALSE,245.375,38.882352941176464,0.4153482019901275,67.37,1115.347412109375,
Early IODP,307,U1318,C,51.435833333333335,-11.55066667,409.9,None,FALSE,FALSE,FALSE,FALSE,FALSE,245.375,38.882352941176464,0.4153482019901275,67.37,1115.347412109375,
Early IODP,308,U1319,A,27.26625,-94.40318333,1429.6,None,FALSE,FALSE,FALSE,FALSE,TRUE,,9.888888888888886,0.8255370259284973,,333.361084,21.764253616333008
Early IODP,308,U1320,A,27.30135,-94.38755,1470,None,FALSE,FALSE,FALSE,FALSE,FALSE,,9.888888888888886,0.8290848135948181,,333.361084,21.976694107055664
Early IODP,308,U1322,B,28.0994,-89.025,1319.5,None,FALSE,FALSE,FALSE,FALSE,FALSE,,9.888888888888886,0.8845629692077637,,2122.760254,16.192533493041992
Early IODP,308,U1322,C,28.0994,-89.02538333,1318.9,None,FALSE,FALSE,FALSE,FALSE,TRUE,,9.888888888888886,0.8845629692077637,,2122.760254,16.192533493041992
Early IODP,308,U1324,B,28.07975,-89.13906667,1056.8,None,FALSE,FALSE,FALSE,FALSE,FALSE,,9.888888888888886,0.8931612372398376,,2122.760254,16.68304443359375
Early IODP,311,U1325,B,48.6449,-126.9833167,2194.8,None,FALSE,FALSE,FALSE,FALSE,TRUE,84.80000305175781,-14.77777778,1.766851782798767,8.813333333333334,3050.004395,40.72657394
Early IODP,311,U1325,D,48.64501666666666,-126.98345,2193.2,None,FALSE,FALSE,FALSE,FALSE,FALSE,84.80000305175781,-14.77777778,1.766851782798767,8.813333333333334,3050.004395,40.72657394
Early IODP,311,U1326,B,48.6273,-127.0503833,1828.4,None,FALSE,FALSE,FALSE,FALSE,FALSE,86.125,-14.77777778,1.7674360275268557,15.267500000000002,1605.499267578125,40.01258850097656
Early IODP,311,U1326,C,48.6273,-127.0503833,1828,None,FALSE,FALSE,FALSE,FALSE,TRUE,86.125,-14.77777778,1.7674360275268557,15.267500000000002,1605.499267578125,40.01258850097656
Early IODP,311,U1327,B,48.69815,-126.8652333,1306.1,None,FALSE,FALSE,FALSE,FALSE,FALSE,84.80000305175781,-14.77777778,1.7607300281524658,8.813333333333334,3050.004395,41.45772933959961
Early IODP,311,U1327,C,48.69815,-126.8652333,1304.5,None,FALSE,FALSE,FALSE,FALSE,FALSE,84.80000305175781,-14.77777778,1.7607300281524658,8.813333333333334,3050.004395,41.45772933959961
Early IODP,311,U1328,B,48.66746666666667,-126.8509333,1267.8,None,FALSE,FALSE,FALSE,FALSE,TRUE,84.80000305175781,-14.77777778,1.7607300281524658,8.813333333333334,3050.004395,41.45772933959961
Early IODP,311,U1328,D,48.66778333333333,-126.8503333,1266.7,None,FALSE,FALSE,FALSE,FALSE,FALSE,84.80000305175781,-14.77777778,1.7607300281524658,8.813333333333334,3050.004395,41.45772933959961
Early IODP,311,U1329,B,48.78958333333333,-126.6786667,953,None,FALSE,FALSE,FALSE,FALSE,FALSE,84.80000305175781,-14.77777778,1.7415571212768557,8.813333333333334,3050.004395,43.37377166748047
Early IODP,311,U1329,C,48.78958333333333,-126.6786667,946.4,None,FALSE,FALSE,FALSE,FALSE,TRUE,84.80000305175781,-14.77777778,1.7415571212768557,8.813333333333334,3050.004395,43.37377166748047
Modern IODP,317,U1351,A,-44.883845,171.883845,126.82,None,FALSE,FALSE,FALSE,FALSE,FALSE,,-3,0.4568771421909332,73.91,2073.875977,
Modern IODP,317,U1351,B,-44.88403667,171.88403666666667,126.22,None,FALSE,FALSE,FALSE,FALSE,FALSE,,-3,0.4568771421909332,73.91,2073.875977,
Modern IODP,317,U1352,A,-44.9374,172.9374,348.32,None,FALSE,FALSE,FALSE,FALSE,TRUE,,-3,0.5280669331550598,71.38,1654.403076171875,
Modern IODP,317,U1352,B,-44.93759667,172.93759666666668,348.12,None,FALSE,FALSE,FALSE,FALSE,FALSE,,-3,0.5280669331550598,71.38,1654.403076171875,
Modern IODP,317,U1352,D,-44.93721,172.93721,338.92,None,FALSE,FALSE,FALSE,FALSE,FALSE,,-3,0.5280669331550598,71.38,1654.403076171875,
Modern IODP,317,U1353,A,-44.768465,171.768465,89.32,None,FALSE,FALSE,FALSE,FALSE,FALSE,,-3,0.4381246864795685,73.91,2073.875977,
Modern IODP,317,U1353,B,-44.76867167,171.76867166666668,89.82,None,FALSE,FALSE,FALSE,FALSE,FALSE,,-3,0.4381246864795685,73.91,2073.875977,
Modern IODP,317,U1354,A,-44.847135,171.847135,115.12,None,FALSE,FALSE,FALSE,FALSE,FALSE,,-3,0.4473414719104767,73.91,2073.875977,
Modern IODP,317,U1354,B,-44.84727833,171.84727833333332,118.72,Shallow (<40 cm),FALSE,FALSE,FALSE,FALSE,FALSE,,-3,0.4473414719104767,73.91,2073.875977,
Modern IODP,318,U1356,A,-63.31023,135.31023,3996.62,None,FALSE,FALSE,FALSE,FALSE,FALSE,,-1.20361991,0.3892222344875335,2.1525,175.2862091064453,3.637173891067505
Modern IODP,318,U1357,A,-66.41331833,140.41331833333334,1019.42,None,FALSE,FALSE,FALSE,FALSE,FALSE,,0,0.3612090349197387,1,192.40394592285156,
Modern IODP,318,U1357,C,-66.413355,140.413355,1020.52,None,FALSE,FALSE,FALSE,FALSE,TRUE,,0,0.3612090349197387,1,192.40394592285156,
Modern IODP,318,U1358,A,-66.09039833,143.09039833333333,503.52,None,FALSE,FALSE,FALSE,FALSE,FALSE,,0,0.3536735773086548,1,222.6686859130859,
Modern IODP,318,U1358,B,-66.09040667,143.09040666666667,503.52,None,FALSE,FALSE,FALSE,FALSE,TRUE,,0,0.3536735773086548,1,222.6686859130859,
Modern IODP,318,U1359,A,-64.90396167,143.90396166666667,3014.52,None,FALSE,FALSE,FALSE,FALSE,TRUE,,0,0.3659645318984985,6.885000000000001,166.9045867919922,
Modern IODP,318,U1359,B,-64.90405167,143.90405166666667,3012.42,None,FALSE,FALSE,FALSE,FALSE,TRUE,,0,0.3659645318984985,6.885000000000001,166.9045867919922,
Modern IODP,318,U1359,C,-64.90412833,143.90412833333335,3015.92,None,FALSE,FALSE,FALSE,FALSE,FALSE,,0,0.3659645318984985,6.885000000000001,166.9045867919922,
Modern IODP,318,U1359,D,-64.90432667,143.90432666666666,3016.62,None,FALSE,FALSE,FALSE,FALSE,TRUE,,0,0.3659645318984985,6.885000000000001,166.9045867919922,
Modern IODP,318,U1360,A,-66.367325,142.367325,499.52,None,FALSE,FALSE,FALSE,FALSE,TRUE,,0,0.3609355986118316,1,228.512207,
Modern IODP,318,U1361,A,-64.40954667,143.40954666666667,3459.22,None,FALSE,FALSE,FALSE,FALSE,FALSE,,0,0.4028564691543579,6.885000000000001,166.9045867919922,4.330246448516846
Modern IODP,318,U1361,B,-64.40909,143.40909,3460.52,None,FALSE,FALSE,FALSE,FALSE,TRUE,,0,0.4028564691543579,6.885000000000001,166.9045867919922,4.330246448516846
Modern IODP,320,U1331,A,12.06814,-142.06814,5120.92,None,FALSE,FALSE,FALSE,FALSE,FALSE,172.75,-29.5,0.6109113693237305,0.2125,242.46603393554688,0.2244666069746017
Modern IODP,320,U1331,B,12.068128333333334,-142.0681283,5121.02,None,FALSE,FALSE,FALSE,FALSE,FALSE,172.75,-29.5,0.6109113693237305,0.2125,242.46603393554688,0.2244666069746017
Modern IODP,320,U1331,C,12.068153333333331,-142.0681533,5121.62,None,FALSE,FALSE,FALSE,FALSE,FALSE,172.75,-29.5,0.6109113693237305,0.2125,242.46603393554688,0.2244666069746017
Modern IODP,320,U1332,A,11.911825,-141.911825,4917.62,None,FALSE,FALSE,FALSE,FALSE,FALSE,172.4375,-29.5,0.6000915169715881,0.095,253.7074737548828,0.23213838
Modern IODP,320,U1332,B,11.912015,-141.912015,4930.62,None,FALSE,FALSE,FALSE,FALSE,FALSE,172.4375,-29.5,0.6000915169715881,0.095,253.7074737548828,0.23213838
Modern IODP,320,U1332,C,11.912276666666669,-141.9122767,5121.72,None,FALSE,FALSE,FALSE,FALSE,FALSE,172.4375,-29.5,0.6000915169715881,0.095,253.7074737548828,0.23213838
Modern IODP,320,U1333,A,10.516588333333331,-138.5165883,4858.82,None,FALSE,FALSE,FALSE,FALSE,FALSE,172.25,-29.5,0.5702763199806213,0.2925,276.0115966796875,0.4908094704151153
Modern IODP,320,U1333,B,10.5166,-138.5166,4855.62,None,FALSE,FALSE,FALSE,FALSE,FALSE,172.25,-29.5,0.5702763199806213,0.2925,276.0115966796875,0.4908094704151153
Modern IODP,320,U1333,C,10.516596666666668,-138.5165967,4858.92,None,FALSE,FALSE,FALSE,FALSE,FALSE,172.25,-29.5,0.5702763199806213,0.2925,276.0115966796875,0.4908094704151153
Modern IODP,320,U1334,A,7.999966666666666,-131.9999667,4793.22,None,FALSE,FALSE,FALSE,FALSE,FALSE,166.9375,-7.725,0.558335543,27.6125,308.0476989746094,0.9183344841003418
Modern IODP,320,U1334,C,7.999965,-131.999965,4794.92,None,FALSE,FALSE,FALSE,FALSE,FALSE,166.9375,-7.725,0.558335543,27.6125,308.0476989746094,0.9183344841003418
Modern IODP,320,U1335,A,5.312235,-126.312235,4333.02,None,FALSE,FALSE,FALSE,FALSE,FALSE,160.25,-7.725,1.3093571662902832,51.5925,392.6707763671875,1.4341031312942505
Modern IODP,320,U1335,B,5.31227,-126.31227,4333.62,None,FALSE,FALSE,FALSE,FALSE,FALSE,160.25,-7.725,1.3093571662902832,51.5925,392.6707763671875,1.4341031312942505
Modern IODP,320,U1336,A,7.701225,-128.701225,4291.02,None,FALSE,FALSE,FALSE,FALSE,FALSE,163.6875,-7.725,0.7872939705848694,16.8175,316.4093933105469,1.096876859664917
Modern IODP,320,U1336,B,7.700998333333334,-128.7009983,4292.22,None,FALSE,FALSE,FALSE,FALSE,FALSE,163.6875,-7.725,0.7872939705848694,16.8175,316.4093933105469,1.096876859664917
Modern IODP,320T,U1330,A,3.6055833333333336,156.60558333333333,,None,FALSE,FALSE,FALSE,FALSE,TRUE,164.8125,-8.132867133,0.7994431853294373,79.29249999999999,180.7223663330078,0.7050756216049194
Modern IODP,320T,U1330,B,3.60535,156.60535,,None,FALSE,FALSE,FALSE,FALSE,FALSE,164.8125,-8.132867133,0.7994431853294373,79.29249999999999,180.7223663330078,0.7050756216049194
Modern IODP,321,U1337,A,3.833441666666667,-123.8334417,4465.62,None,FALSE,FALSE,FALSE,FALSE,TRUE,157.6875,-8.9375,1.2803292274475098,51.6725,430.6875305175781,1.7013543844223022
Modern IODP,321,U1337,C,3.833445,-123.833445,4472.22,None,FALSE,FALSE,FALSE,FALSE,FALSE,157.6875,-8.9375,1.2803292274475098,51.6725,430.6875305175781,1.7013543844223022
Modern IODP,321,U1337,D,3.833445,-123.833445,4470.12,None,FALSE,FALSE,FALSE,FALSE,FALSE,157.6875,-8.9375,1.2803292274475098,51.6725,430.6875305175781,1.7013543844223022
Modern IODP,321,U1338,A,2.507808333333333,-117.5078083,4204.52,None,FALSE,FALSE,FALSE,FALSE,FALSE,157.75,-8.9375,1.5398821830749512,77.625,482.2474365234375,2.707741022109986
Modern IODP,321,U1338,B,2.50782,-117.50782,4203.72,None,FALSE,FALSE,FALSE,FALSE,FALSE,157.75,-8.9375,1.5398821830749512,77.625,482.2474365234375,2.707741022109986
Modern IODP,321,U1338,C,2.5078116666666666,-117.5078117,4206.52,None,FALSE,FALSE,FALSE,FALSE,FALSE,157.75,-8.9375,1.5398821830749512,77.625,482.2474365234375,2.707741022109986
Modern IODP,323,U1339,A,54.670001666666664,-169.6700017,1871.82,None,FALSE,FALSE,FALSE,FALSE,FALSE,176.36363220214844,6,0.7837731838226318,,1122.48877,
Modern IODP,323,U1339,B,54.67017166666667,-169.6701717,1872.72,None,FALSE,FALSE,FALSE,FALSE,TRUE,176.36363220214844,6,0.7837731838226318,,1122.48877,
Modern IODP,323,U1339,C,54.670105,-169.670105,1872.72,None,FALSE,FALSE,FALSE,FALSE,FALSE,176.36363220214844,6,0.7837731838226318,,1122.48877,
Modern IODP,323,U1339,D,54.66981833333333,-169.6698183,1873.22,None,FALSE,FALSE,FALSE,FALSE,FALSE,176.36363220214844,6,0.7837731838226318,,1122.48877,
Modern IODP,323,U1340,A,53.400013333333334,-179.4000133,1299.82,None,FALSE,FALSE,FALSE,FALSE,FALSE,90.69999695,6,0.909700871,0,697.2985229492188,
Modern IODP,323,U1340,B,53.40000333333333,-179.4000033,1302.42,None,FALSE,FALSE,FALSE,FALSE,FALSE,90.69999695,6,0.909700871,0,697.2985229492188,
Modern IODP,323,U1340,C,53.396855,-179.396855,1298.62,Shallow (<40 cm),FALSE,FALSE,FALSE,FALSE,FALSE,90.69999695,6,0.909700871,0,697.2985229492188,
Modern IODP,323,U1340,D,53.39667333333333,-179.3966733,1298.62,None,FALSE,FALSE,FALSE,FALSE,FALSE,90.69999695,6,0.909700871,0,697.2985229492188,
Modern IODP,323,U1341,A,54.033375,179.033375,2144.82,None,FALSE,FALSE,FALSE,FALSE,FALSE,79.25,6,0.9401376247406006,0,632.5135498046875,8.312221527
Modern IODP,323,U1341,B,54.03330666666667,179.03330666666668,2144.82,None,FALSE,FALSE,FALSE,FALSE,FALSE,79.25,6,0.9401376247406006,0,632.5135498046875,8.312221527
Modern IODP,323,U1341,C,54.03335,179.03335,2144.82,None,FALSE,FALSE,FALSE,FALSE,FALSE,79.25,6,0.9401376247406006,0,632.5135498046875,8.312221527
Modern IODP,323,U1342,A,54.828311666666664,176.82831166666668,823.62,Shallow (<40 cm),FALSE,FALSE,FALSE,FALSE,FALSE,105.625,6,0.9283037185668944,0,678.6188354492188,
Modern IODP,323,U1342,B,54.82834,176.82834,824.42,None,FALSE,FALSE,FALSE,FALSE,TRUE,105.625,6,0.9283037185668944,0,678.6188354492188,
Modern IODP,323,U1342,C,54.828361666666666,176.82836166666667,824.32,Shallow (<40 cm),FALSE,FALSE,FALSE,FALSE,FALSE,105.625,6,0.9283037185668944,0,678.6188354492188,
Modern IODP,323,U1342,D,54.828363333333336,176.82836333333333,823.72,Shallow (<40 cm),FALSE,FALSE,FALSE,FALSE,FALSE,105.625,6,0.9283037185668944,0,678.6188354492188,
Modern IODP,323,U1343,A,57.556655,-175.556655,1956.42,None,FALSE,FALSE,FALSE,FALSE,FALSE,,6,0.6217566728591919,0,826.5217285,
Modern IODP,323,U1343,B,57.55692666666667,-175.5569267,1956.42,None,FALSE,FALSE,FALSE,FALSE,TRUE,,6,0.6217566728591919,0,826.5217285,
Modern IODP,323,U1343,C,57.55663666666667,-175.5566367,1958.22,None,FALSE,FALSE,FALSE,FALSE,FALSE,,6,0.6217566728591919,0,826.5217285,
Modern IODP,323,U1343,D,57.55636166666667,-175.5563617,1959.72,None,FALSE,FALSE,FALSE,FALSE,FALSE,,6,0.6217566728591919,0,826.5217285,
Modern IODP,323,U1343,E,57.556356666666666,-175.5563567,1961.52,None,FALSE,FALSE,FALSE,FALSE,FALSE,,6,0.6217566728591919,0,826.5217285,
Modern IODP,323,U1344,A,59.05000833333333,-179.0500083,3177.52,None,FALSE,FALSE,FALSE,FALSE,FALSE,,6,0.5908792018890381,0,810.2322998046875,14.752156257629396
Modern IODP,323,U1344,B,59.05018666666667,-179.0501867,3178.92,None,FALSE,FALSE,FALSE,FALSE,FALSE,,6,0.5908792018890381,0,810.2322998046875,14.752156257629396
Modern IODP,323,U1344,C,59.05019333333333,-179.0501933,3178.62,None,FALSE,FALSE,FALSE,FALSE,TRUE,,6,0.5908792018890381,0,810.2322998046875,14.752156257629396
Modern IODP,323,U1344,D,59.05037333333333,-179.0503733,3180.02,None,FALSE,FALSE,FALSE,FALSE,FALSE,,6,0.5908792018890381,0,810.2322998046875,14.752156257629396
Modern IODP,323,U1344,E,59.050565,-179.050565,3179.92,None,FALSE,FALSE,FALSE,FALSE,FALSE,,6,0.5908792018890381,0,810.2322998046875,14.752156257629396
Modern IODP,323,U1345,A,60.153195,-179.153195,1013.22,None,FALSE,FALSE,FALSE,FALSE,FALSE,,6,0.4930366277694702,,810.1912841796875,11.166451454162598
Modern IODP,323,U1345,B,60.15333833333333,-179.1533383,1013.47,None,FALSE,FALSE,FALSE,FALSE,TRUE,,6,0.4930366277694702,,810.1912841796875,11.166451454162598
Modern IODP,323,U1345,C,60.153495,-179.153495,1014.72,None,FALSE,FALSE,FALSE,FALSE,FALSE,,6,0.4930366277694702,,810.1912841796875,11.166451454162598
Modern IODP,323,U1345,D,60.153625,-179.153625,1014.22,None,FALSE,FALSE,FALSE,FALSE,FALSE,,6,0.4930366277694702,,810.1912841796875,11.166451454162598
Modern IODP,323,U1345,E,60.15377333333333,-179.1537733,1013.02,None,FALSE,FALSE,FALSE,FALSE,TRUE,,6,0.4930366277694702,,810.1912841796875,11.166451454162598
Modern IODP,324,U1349,A,36.11573333333333,158.11573333333334,3131.52,None,FALSE,FALSE,FALSE,FALSE,TRUE,172.3125,-9.544444444,1.3286296129226685,30.9075,433.3868103027344,0.3424683511257171
Modern IODP,324,U1350,A,36.074866666666665,159.07486666666668,4060.62,None,FALSE,FALSE,FALSE,FALSE,FALSE,171.3125,-9.544444444,1.2145849466323853,17.17,435.7576904296875,0.3532758951187134
Modern IODP,327,U1362,B,47.75832833333333,-127.7583283,2665.42,None,FALSE,FALSE,FALSE,FALSE,TRUE,83.4375,-14.77777778,1.6550816297531128,19.6425,937.2064208984376,28.33656311035156
Modern IODP,327,U1363,B,47.28919666666667,-128.2891967,2682.92,None,FALSE,FALSE,FALSE,FALSE,TRUE,85.375,-14.77777778,1.5640798807144165,18.1275,790.1860352,18.736740112304688
Modern IODP,327,U1363,F,47.28876833333333,-128.2887683,2682.92,None,FALSE,FALSE,FALSE,FALSE,FALSE,85.375,-14.77777778,1.5640798807144165,18.1275,790.1860352,18.736740112304688
Modern IODP,327,U1363,G,47.28853,-128.28853,2681.92,None,FALSE,FALSE,FALSE,FALSE,FALSE,85.375,-14.77777778,1.5640798807144165,18.1275,790.1860352,18.736740112304688
Modern IODP,329,U1365,A,-23.85082167,-165.8508217,5695.57,None,FALSE,FALSE,FALSE,FALSE,FALSE,207.75,-13.6375,0.3137651085853576,1.35,151.62200927734375,0.1626593768596649
Modern IODP,329,U1365,B,-23.85064667,-165.8506467,5694.66,None,FALSE,FALSE,FALSE,FALSE,TRUE,207.75,-13.6375,0.3137651085853576,1.35,151.62200927734375,0.1626593768596649
Modern IODP,329,U1365,C,-23.85062833,-165.8506283,5696.66,None,FALSE,FALSE,FALSE,FALSE,TRUE,207.75,-13.6375,0.3137651085853576,1.35,151.62200927734375,0.1626593768596649
Modern IODP,329,U1365,D,-23.85059833,-165.8505983,5694.13,None,FALSE,FALSE,FALSE,FALSE,TRUE,207.75,-13.6375,0.3137651085853576,1.35,151.62200927734375,0.1626593768596649
Modern IODP,329,U1366,B,-26.05158333,-156.0515833,5130.84,None,FALSE,FALSE,FALSE,FALSE,FALSE,205.5,-13.6375,0.5973927974700928,16.87,98.05406951904295,0.1005324199795723
Modern IODP,329,U1366,C,-26.05140833,-156.0514083,5129.54,None,FALSE,FALSE,FALSE,FALSE,FALSE,205.5,-13.6375,0.5973927974700928,16.87,98.05406951904295,0.1005324199795723
Modern IODP,329,U1366,D,-26.05141667,-156.0514167,5126.14,None,FALSE,FALSE,FALSE,FALSE,TRUE,205.5,-13.6375,0.5973927974700928,16.87,98.05406951904295,0.1005324199795723
Modern IODP,329,U1366,E,-26.051405,-156.051405,5127.83,None,FALSE,FALSE,FALSE,FALSE,FALSE,205.5,-13.6375,0.5973927974700928,16.87,98.05406951904295,0.1005324199795723
Modern IODP,329,U1366,F,-26.05139333,-156.0513933,5127.03,None,FALSE,FALSE,FALSE,FALSE,TRUE,205.5,-13.6375,0.5973927974700928,16.87,98.05406951904295,0.1005324199795723
Modern IODP,329,U1367,B,-26.48161,-137.48161,4288.94,None,FALSE,FALSE,FALSE,FALSE,FALSE,183.8125,-13.6375,0.4481073915958404,37.3975,85.17893219,0.044867754
Modern IODP,329,U1367,C,-26.48143333,-137.4814333,4288.24,None,FALSE,FALSE,FALSE,FALSE,FALSE,183.8125,-13.6375,0.4481073915958404,37.3975,85.17893219,0.044867754
Modern IODP,329,U1367,D,-26.481435,-137.481435,4288.04,None,FALSE,FALSE,FALSE,FALSE,TRUE,183.8125,-13.6375,0.4481073915958404,37.3975,85.17893219,0.044867754
Modern IODP,329,U1367,E,-26.48142667,-137.4814267,4287.64,None,FALSE,FALSE,FALSE,FALSE,FALSE,183.8125,-13.6375,0.4481073915958404,37.3975,85.17893219,0.044867754
Modern IODP,329,U1368,B,-27.91670667,-123.9167067,3739.06,None,FALSE,FALSE,FALSE,FALSE,FALSE,165.5625,-13.6375,0.6089803576469421,67.56,66.85330200195312,0.1335690468549728
Modern IODP,329,U1368,C,-27.91652667,-123.9165267,3738.56,None,FALSE,FALSE,FALSE,FALSE,TRUE,165.5625,-13.6375,0.6089803576469421,67.56,66.85330200195312,0.1335690468549728
Modern IODP,329,U1368,D,-27.91653333,-123.9165333,3739.06,None,FALSE,FALSE,FALSE,FALSE,TRUE,165.5625,-13.6375,0.6089803576469421,67.56,66.85330200195312,0.1335690468549728
Modern IODP,329,U1368,E,-27.91653,-123.91653,3740.96,None,FALSE,FALSE,FALSE,FALSE,FALSE,165.5625,-13.6375,0.6089803576469421,67.56,66.85330200195312,0.1335690468549728
Modern IODP,329,U1368,F,-27.91670167,-123.9167017,3740.96,None,FALSE,FALSE,FALSE,FALSE,FALSE,165.5625,-13.6375,0.6089803576469421,67.56,66.85330200195312,0.1335690468549728
Modern IODP,329,U1369,B,-39.31029667,-139.3102967,5275.23,None,FALSE,FALSE,FALSE,FALSE,FALSE,199.5,21.505050505050505,0.7092220783233643,0,312.3586730957031,0.1323305666446685
Modern IODP,329,U1369,C,-39.31011667,-139.3101167,5276.93,None,FALSE,FALSE,FALSE,FALSE,TRUE,199.5,21.505050505050505,0.7092220783233643,0,312.3586730957031,0.1323305666446685
Modern IODP,329,U1369,D,-39.310115,-139.310115,5276.93,None,FALSE,FALSE,FALSE,FALSE,TRUE,199.5,21.505050505050505,0.7092220783233643,0,312.3586730957031,0.1323305666446685
Modern IODP,329,U1369,E,-39.31011667,-139.3101167,5277.73,None,FALSE,FALSE,FALSE,FALSE,TRUE,199.5,21.505050505050505,0.7092220783233643,0,312.3586730957031,0.1323305666446685
Modern IODP,329,U1370,B,-41.85214167,-153.8521417,5074.58,None,FALSE,FALSE,FALSE,FALSE,FALSE,203.875,21.505050505050505,0.4610317945480346,27.745,400.9959716796875,0.1365930885076522
Modern IODP,329,U1370,D,-41.85192667,-153.8519267,5073.58,None,FALSE,FALSE,FALSE,FALSE,FALSE,203.875,21.505050505050505,0.4610317945480346,27.745,400.9959716796875,0.1365930885076522
Modern IODP,329,U1370,E,-41.85193,-153.85193,5074.16,None,FALSE,FALSE,FALSE,FALSE,TRUE,203.875,21.505050505050505,0.4610317945480346,27.745,400.9959716796875,0.1365930885076522
Modern IODP,329,U1370,F,-41.85211167,-153.8521117,5073.65,None,FALSE,FALSE,FALSE,FALSE,TRUE,203.875,21.505050505050505,0.4610317945480346,27.745,400.9959716796875,0.1365930885076522
Modern IODP,329,U1371,B,-45.96418167,-163.9641817,5305.18,None,FALSE,FALSE,FALSE,FALSE,FALSE,208.6875,15.262820512820513,0.8291231989860535,20.25,600.9630737304688,0.2044414579868316
Modern IODP,329,U1371,C,-45.96400667,-163.9640067,5300.78,None,FALSE,FALSE,FALSE,FALSE,FALSE,208.6875,15.262820512820513,0.8291231989860535,20.25,600.9630737304688,0.2044414579868316
Modern IODP,329,U1371,D,-45.96399,-163.96399,5299.88,Shallow (<40 cm),FALSE,FALSE,FALSE,FALSE,FALSE,208.6875,15.262820512820513,0.8291231989860535,20.25,600.9630737304688,0.2044414579868316
Modern IODP,329,U1371,F,-45.96417,-163.96417,5285.64,None,FALSE,FALSE,FALSE,FALSE,TRUE,208.6875,15.262820512820513,0.8291231989860535,20.25,600.9630737304688,0.2044414579868316
Modern IODP,329,U1371,G,-45.964395,-163.964395,5302.72,None,FALSE,FALSE,FALSE,FALSE,TRUE,208.6875,15.262820512820513,0.8291231989860535,20.25,600.9630737304688,0.2044414579868316
Modern IODP,329,U1371,H,-45.96441333,-163.9644133,5298.92,None,FALSE,FALSE,FALSE,FALSE,FALSE,208.6875,15.262820512820513,0.8291231989860535,20.25,600.9630737304688,0.2044414579868316
Modern IODP,330,U1373,A,-28.564845,-173.564845,1447.03,None,FALSE,FALSE,FALSE,FALSE,FALSE,208.0625,-13.6375,0.3209761679172516,28.0875,214.22979736328125,0.1087523251771926
Modern IODP,330,U1374,A,-28.595855,-173.595855,1559,None,FALSE,FALSE,FALSE,FALSE,FALSE,208.0625,-13.6375,0.3209761679172516,28.0875,214.22979736328125,0.1087523251771926
Modern IODP,330,U1375,B,-33.69643333,-171.6964333,1258.02,None,FALSE,FALSE,FALSE,FALSE,TRUE,207.1875,-13.6375,0.3470529019832611,7.745,228.53236389160156,0.1035621240735054
Modern IODP,330,U1376,A,-32.21738167,-171.2173817,1503.29,None,FALSE,FALSE,FALSE,FALSE,TRUE,207.3125,-13.6375,0.3524991273880005,5.030000000000001,228.70445251464844,0.1150867864489555
Modern IODP,330,U1377,B,-38.1875,-168.1875,1250.75,None,FALSE,FALSE,FALSE,FALSE,TRUE,209.5,-13.6375,0.4929360747337341,38.70666666666667,292.5684814453125,0.1190437898039817
Modern IODP,334,U1378,B,8.592346666666666,-84.59234667,521.86,None,FALSE,FALSE,FALSE,FALSE,FALSE,67,-1,2.3664803504943848,37.3875,564.1228637695312,4.109612941741943
Modern IODP,334,U1379,C,8.681008333333333,-84.68100833,128.36,None,FALSE,FALSE,FALSE,FALSE,FALSE,67,-1,2.340977668762207,37.3875,564.1228637695312,4.225024223327637
Modern IODP,334,U1381,B,8.428581666666666,-84.42858167,2068.67,None,FALSE,FALSE,FALSE,FALSE,FALSE,67,-1,2.424717426300049,37.3875,564.1228637695312,3.976082801818848
Modern IODP,336,U1382,B,22.75588,-46.75588,4482.54,None,FALSE,FALSE,FALSE,FALSE,FALSE,249.625,11.384615384615389,0.2414743155241012,75.21000000000001,154.20889282226562,1.1322450637817385
Modern IODP,336,U1383,D,22.802193333333335,-46.80219333,4413.76,None,FALSE,FALSE,FALSE,FALSE,TRUE,249.625,11.384615384615389,0.2457631975412368,75.21000000000001,154.20889282226562,1.0582154989242554
Modern IODP,336,U1383,E,22.802138333333332,-46.80213833,4413.76,None,FALSE,FALSE,FALSE,FALSE,FALSE,249.625,11.384615384615389,0.2457631975412368,75.21000000000001,154.20889282226562,1.0582154989242554
Modern IODP,336,U1384,A,22.81181,-46.81181,4464.43,None,FALSE,FALSE,FALSE,FALSE,TRUE,249.625,11.384615384615389,0.2457631975412368,75.21000000000001,154.20889282226562,1.0582154989242554
Modern IODP,339,U1385,A,37.57149,-10.57149,2577.74,Shallow (<40 cm),FALSE,FALSE,FALSE,FALSE,FALSE,236.875,13.538461538461547,0.8612000346183777,24.8025,579.5438232421875,
Modern IODP,339,U1385,B,37.571486666666665,-10.57148667,2586.64,None,FALSE,FALSE,FALSE,FALSE,FALSE,236.875,13.538461538461547,0.8612000346183777,24.8025,579.5438232421875,
Modern IODP,339,U1385,C,37.571486666666665,-10.57148667,2586.2,None,FALSE,FALSE,FALSE,FALSE,FALSE,236.875,13.538461538461547,0.8612000346183777,24.8025,579.5438232421875,
Modern IODP,339,U1385,D,37.571306666666665,-10.57130667,2583.8,Shallow (<40 cm),FALSE,FALSE,FALSE,FALSE,FALSE,236.875,13.538461538461547,0.8612000346183777,24.8025,579.5438232421875,
Modern IODP,339,U1385,E,37.571308333333334,-10.57130833,2588.7,Shallow (<40 cm),FALSE,FALSE,FALSE,FALSE,FALSE,236.875,13.538461538461547,0.8612000346183777,24.8025,579.5438232421875,
Modern IODP,339,U1386,A,36.82814166666667,-7.828141667,560.45,Shallow (<40 cm),FALSE,FALSE,FALSE,FALSE,FALSE,204.84616088867188,7.800000000000001,0.5857191681861877,,916.4376831054688,
Modern IODP,339,U1386,B,36.828133333333334,-7.828133333,561.9,None,FALSE,FALSE,FALSE,FALSE,FALSE,204.84616088867188,7.800000000000001,0.5857191681861877,,916.4376831054688,
Modern IODP,339,U1387,A,36.80541,-7.80541,558.69,None,FALSE,FALSE,FALSE,FALSE,FALSE,204.84616088867188,7.800000000000001,0.5857191681861877,,916.4376831054688,
Modern IODP,339,U1387,B,36.80541,-7.80541,558.18,None,FALSE,FALSE,FALSE,FALSE,FALSE,204.84616088867188,7.800000000000001,0.5857191681861877,,916.4376831054688,
Modern IODP,339,U1387,C,36.805231666666664,-7.805231667,558.41,None,FALSE,FALSE,FALSE,FALSE,FALSE,204.84616088867188,7.800000000000001,0.5857191681861877,,916.4376831054688,
Modern IODP,339,U1388,A,36.26896333333333,-6.268963333,663.65,None,FALSE,FALSE,FALSE,FALSE,FALSE,189.18182373046875,7.800000000000001,0.4528551995754242,,1385.51416,
Modern IODP,339,U1389,A,36.425305,-7.425305,644.68,None,FALSE,FALSE,FALSE,FALSE,FALSE,204.84616088867188,7.800000000000001,0.471165657,,916.4376831054688,
Modern IODP,339,U1389,B,36.425331666666665,-7.425331667,643.98,None,FALSE,FALSE,FALSE,FALSE,FALSE,204.84616088867188,7.800000000000001,0.471165657,,916.4376831054688,
Modern IODP,339,U1389,C,36.425331666666665,-7.425331667,642.95,None,FALSE,FALSE,FALSE,FALSE,FALSE,204.84616088867188,7.800000000000001,0.471165657,,916.4376831054688,
Modern IODP,339,U1389,D,36.425153333333334,-7.425153333,,None,FALSE,FALSE,FALSE,FALSE,FALSE,204.84616088867188,7.800000000000001,0.471165657,,916.4376831054688,
Modern IODP,339,U1390,A,36.31731166666667,-7.317311667,993.44,Shallow (<40 cm),FALSE,FALSE,FALSE,FALSE,FALSE,204.84616088867188,7.800000000000001,0.4558585584163666,,916.4376831054688,
Modern IODP,339,U1390,B,36.3191,-7.3191,990.74,None,FALSE,FALSE,FALSE,FALSE,FALSE,204.84616088867188,7.800000000000001,0.4558585584163666,,916.4376831054688,
Modern IODP,339,U1390,C,36.31911,-7.31911,992.44,None,FALSE,FALSE,FALSE,FALSE,FALSE,204.84616088867188,7.800000000000001,0.4558585584163666,,916.4376831054688,
Modern IODP,339,U1391,B,37.35881333333333,-9.358813333,1073.28,None,FALSE,FALSE,FALSE,FALSE,FALSE,229.42857360839844,7.800000000000001,1.0135153532028198,0,1349.120361328125,
Modern IODP,340,U1393,A,16.71886,-62.71886,925.94,None,FALSE,FALSE,FALSE,FALSE,TRUE,254.2857208251953,9.888888888888886,0.9942043423652648,23.263333333333335,372.8425903320313,
Modern IODP,340,U1394,A,16.640431666666668,-62.64043167,,Deep (>40 cm),FALSE,TRUE,TRUE,TRUE,FALSE,254.2857208251953,9.888888888888886,0.9938002824783324,23.263333333333335,372.8425903320313,
Modern IODP,340,U1394,B,16.640625,-62.640625,1114.16,Deep (>40 cm),FALSE,FALSE,TRUE,FALSE,FALSE,254.2857208251953,9.888888888888886,0.9938002824783324,23.263333333333335,372.8425903320313,
Modern IODP,340,U1395,A,16.493313333333333,-61.95,1200.95,Shallow (<40 cm),FALSE,FALSE,TRUE,FALSE,FALSE,254.5454559326172,,0.7093402147293091,31.725,369.0817260742187,
Modern IODP,340,U1395,B,16.493308333333335,-61.95,1200.18,Shallow (<40 cm),FALSE,FALSE,TRUE,FALSE,FALSE,254.5454559326172,,0.7093402147293091,31.725,369.0817260742187,
Modern IODP,340,U1396,A,16.508068333333334,-62.50806833,787.45,None,FALSE,FALSE,FALSE,FALSE,FALSE,254.2857208251953,9.888888888888886,0.9844528436660768,23.263333333333335,372.8425903320313,
Modern IODP,340,U1396,C,16.507881666666666,-62.50788167,786.65,Shallow (<40 cm),FALSE,FALSE,FALSE,FALSE,FALSE,254.2857208251953,9.888888888888886,0.9844528436660768,23.263333333333335,372.8425903320313,
Modern IODP,340,U1397,A,14.906801666666668,-61.90680167,2482.24,None,FALSE,FALSE,FALSE,FALSE,TRUE,240.75,9.888888888888886,1.0127452611923218,35.17,494.6623840332031,
Modern IODP,340,U1397,B,14.906791666666669,-61.90679167,2481.41,Deep (>40 cm),FALSE,TRUE,TRUE,TRUE,FALSE,240.75,9.888888888888886,1.0127452611923218,35.17,494.6623840332031,
Modern IODP,340,U1398,A,14.278306666666667,-61.27830667,2935.3,Deep (>40 cm),FALSE,FALSE,FALSE,FALSE,FALSE,240.75,9.888888888888886,0.6961251497268677,35.17,494.6623840332031,
Modern IODP,340,U1398,B,14.278311666666667,-61.27831167,2935.08,Shallow (<40 cm),FALSE,FALSE,FALSE,FALSE,FALSE,240.75,9.888888888888886,0.6961251497268677,35.17,494.6623840332031,
Modern IODP,340,U1399,A,14.387365,-61.387365,2900.84,Deep (>40 cm),FALSE,FALSE,FALSE,FALSE,FALSE,240.75,9.888888888888886,0.7520372867584229,35.17,494.6623840332031,
Modern IODP,340,U1399,B,14.389398333333334,-61.38939833,2900.22,Shallow (<40 cm),FALSE,TRUE,TRUE,FALSE,FALSE,240.75,9.888888888888886,0.7520372867584229,35.17,494.6623840332031,
Modern IODP,340,U1400,A,14.543051666666669,-61.54305167,2744.35,None,FALSE,FALSE,FALSE,FALSE,FALSE,240.75,9.888888888888886,0.8230958580970764,35.17,494.6623840332031,
Modern IODP,340,U1400,B,14.536705,-61.536705,2743.05,Shallow (<40 cm),FALSE,TRUE,FALSE,FALSE,FALSE,240.75,9.888888888888886,0.7904000282287598,35.17,494.6623840332031,
Modern IODP,340,U1401,A,14.651651666666666,-61.65165167,2596.73,None,FALSE,FALSE,TRUE,FALSE,FALSE,240.75,9.888888888888886,0.8699501752853394,35.17,494.6623840332031,
Modern IODP,340,U1401,B,14.650395,-61.650395,2606.22,None,FALSE,FALSE,FALSE,FALSE,FALSE,240.75,9.888888888888886,0.8699501752853394,35.17,494.6623840332031,
Modern IODP,340,U1401,C,14.652906666666668,-61.65290667,2578.82,None,FALSE,FALSE,FALSE,FALSE,FALSE,240.75,9.888888888888886,0.8699501752853394,35.17,494.6623840332031,
Modern IODP,340,U1401,D,14.649105,-61.649105,2618.61,None,FALSE,FALSE,FALSE,FALSE,FALSE,240.75,9.888888888888886,0.8699501752853394,35.17,494.6623840332031,
Modern IODP,341,U1417,A,56.95999333333334,-147.9599933,4187.7,Shallow (<40 cm),FALSE,FALSE,FALSE,TRUE,FALSE,99.5625,-1.166666667,0.6058221459388733,4.5475,1075.161376953125,2.0560507774353027
Modern IODP,341,U1417,B,56.95999833333333,-147.9599983,4189.81,Shallow (<40 cm),FALSE,TRUE,FALSE,FALSE,FALSE,99.5625,-1.166666667,0.6058221459388733,4.5475,1075.161376953125,2.0560507774353027
Modern IODP,341,U1417,D,56.959826666666665,-147.9598267,4187.08,Shallow (<40 cm),FALSE,TRUE,FALSE,TRUE,FALSE,99.5625,-1.166666667,0.6058221459388733,4.5475,1075.161376953125,2.0560507774353027
Modern IODP,341,U1418,A,58.776825,-144.776825,3668.17,None,FALSE,FALSE,FALSE,FALSE,FALSE,98.75,,0.8474155068397522,5.1025,1334.3521728515625,4.018430709838867
Modern IODP,341,U1418,B,58.776833333333336,-144.7768333,3667.48,Shallow (<40 cm),FALSE,FALSE,FALSE,FALSE,FALSE,98.75,,0.8474155068397522,5.1025,1334.3521728515625,4.018430709838867
Modern IODP,341,U1418,C,58.776651666666666,-144.7766517,3665.98,Shallow (<40 cm),FALSE,FALSE,FALSE,FALSE,FALSE,98.75,,0.8474155068397522,5.1025,1334.3521728515625,4.018430709838867
Modern IODP,341,U1419,A,59.53216166666667,-144.5321617,687.38,None,FALSE,FALSE,FALSE,FALSE,FALSE,93.3125,,1.0116567611694336,0.87,1445.8245849609375,4.631663799285889
Modern IODP,341,U1419,B,59.532181666666666,-144.5321817,,None,FALSE,FALSE,FALSE,FALSE,FALSE,93.3125,,1.0116567611694336,0.87,1445.8245849609375,4.631663799285889
Modern IODP,341,U1421,A,59.507331666666666,-143.5073317,718.47,None,FALSE,FALSE,FALSE,FALSE,FALSE,96.0625,,1.0380384922027588,0.99,1397.023438,5.601668357849121
Modern IODP,341,U1421,B,59.50714,-143.50714,722.59,None,FALSE,FALSE,FALSE,FALSE,FALSE,96.0625,,1.0380384922027588,0.99,1397.023438,5.601668357849121
Modern IODP,341,U1421,C,59.50716333333333,-143.5071633,721.69,None,FALSE,FALSE,FALSE,FALSE,FALSE,96.0625,,1.0380384922027588,0.99,1397.023438,5.601668357849121
Modern IODP,342,U1402,B,39.225305,-72.225305,639.11,None,FALSE,FALSE,FALSE,FALSE,FALSE,250.13333129882812,13.499999999999998,1.2091280221939087,26,1225.3726806640625,7.902082443237305
Modern IODP,342,U1403,A,39.94332833333333,-51.94332833,4944.27,None,FALSE,FALSE,FALSE,FALSE,FALSE,263.75,19.75,0.4111858010292053,30.0175,397.5767517089844,1.045845389
Modern IODP,342,U1403,B,39.94332166666667,-51.94332167,4948.67,None,FALSE,FALSE,FALSE,FALSE,FALSE,263.75,19.75,0.4111858010292053,30.0175,397.5767517089844,1.045845389
Modern IODP,342,U1404,A,40.013328333333334,-51.01332833,4742.26,None,FALSE,FALSE,FALSE,FALSE,FALSE,267.6875,19.75,0.3964766263961792,31.5475,479.13470458984375,1.1802663803100586
Modern IODP,342,U1404,B,40.013331666666666,-51.01333167,4747.56,None,FALSE,FALSE,FALSE,FALSE,FALSE,267.6875,19.75,0.3964766263961792,31.5475,479.13470458984375,1.1802663803100586
Modern IODP,342,U1405,A,40.138335,-51.138335,4285.76,None,FALSE,FALSE,FALSE,FALSE,FALSE,267.6875,19.75,0.3969161808490753,31.5475,479.13470458984375,1.208724856376648
Modern IODP,342,U1405,B,40.138325,-51.138325,4284.48,None,FALSE,FALSE,FALSE,FALSE,FALSE,267.6875,19.75,0.3969161808490753,31.5475,479.13470458984375,1.208724856376648
Modern IODP,342,U1405,C,40.13815,-51.13815,4287.28,None,FALSE,FALSE,FALSE,FALSE,FALSE,267.6875,19.75,0.3969161808490753,31.5475,479.13470458984375,1.208724856376648
Modern IODP,342,U1406,A,40.349986666666666,-51.34998667,3814.79,None,FALSE,FALSE,FALSE,FALSE,FALSE,267.6875,19.75,0.3972048759460449,31.5475,479.13470458984375,1.291801929473877
Modern IODP,342,U1406,B,40.34999166666667,-51.34999167,3813.66,None,FALSE,FALSE,FALSE,FALSE,FALSE,267.6875,19.75,0.3972048759460449,31.5475,479.13470458984375,1.291801929473877
Modern IODP,342,U1406,C,40.34982,-51.34982,3813.04,Deep (>40 cm),FALSE,TRUE,FALSE,TRUE,FALSE,267.6875,19.75,0.3972048759460449,31.5475,479.13470458984375,1.291801929473877
Modern IODP,342,U1407,A,41.42498833333333,-49.42498833,3073.13,None,FALSE,FALSE,FALSE,FALSE,FALSE,278.75,19.75,0.3980989754199981,,714.1939697265625,1.4945489168167114
Modern IODP,342,U1407,B,41.42498333333333,-49.42498333,3073.47,Deep (>40 cm),FALSE,TRUE,TRUE,FALSE,FALSE,278.75,19.75,0.3980989754199981,,714.1939697265625,1.4945489168167114
Modern IODP,342,U1407,C,41.425,-49.425,3075.16,Deep (>40 cm),FALSE,FALSE,FALSE,TRUE,FALSE,278.75,19.75,0.3980989754199981,,714.1939697265625,1.4945489168167114
Modern IODP,342,U1408,A,41.43830833333333,-49.43830833,3021.56,Shallow (<40 cm),FALSE,FALSE,FALSE,FALSE,FALSE,278.75,19.75,0.3980989754199981,,714.1939697265625,1.4945489168167114
Modern IODP,342,U1408,B,41.438315,-49.438315,3022.11,None,FALSE,FALSE,FALSE,FALSE,FALSE,278.75,19.75,0.3980989754199981,,714.1939697265625,1.4945489168167114
Modern IODP,342,U1408,C,41.43813,-49.43813,3022.49,None,FALSE,FALSE,FALSE,FALSE,FALSE,278.75,19.75,0.3980989754199981,,714.1939697265625,1.4945489168167114
Modern IODP,342,U1409,A,41.295835,-49.295835,3503.2,None,FALSE,FALSE,FALSE,FALSE,TRUE,278.75,19.75,0.3925985097885132,,714.1939697265625,1.3058825731277466
Modern IODP,342,U1409,B,41.29582166666667,-49.29582167,3500.97,Shallow (<40 cm),FALSE,TRUE,TRUE,FALSE,FALSE,278.75,19.75,0.3925985097885132,,714.1939697265625,1.3058825731277466
Modern IODP,342,U1409,C,41.295653333333334,-49.29565333,3500.45,Shallow (<40 cm),FALSE,FALSE,FALSE,TRUE,FALSE,278.75,19.75,0.3925985097885132,,714.1939697265625,1.3058825731277466
Modern IODP,342,U1410,A,41.328311666666664,-49.32831167,3387.25,Shallow (<40 cm),FALSE,FALSE,FALSE,FALSE,FALSE,278.75,19.75,0.3925985097885132,,714.1939697265625,1.3731099367141724
Modern IODP,342,U1410,B,41.32832166666667,-49.32832167,3386.92,Shallow (<40 cm),FALSE,FALSE,FALSE,FALSE,FALSE,278.75,19.75,0.3925985097885132,,714.1939697265625,1.3731099367141724
Modern IODP,342,U1410,C,41.32814166666667,-49.32814167,3386.92,Shallow (<40 cm),FALSE,FALSE,FALSE,TRUE,FALSE,278.75,19.75,0.3925985097885132,,714.1939697265625,1.3731099367141724
Modern IODP,342,U1411,A,41.61832,-48.61832,3298.82,None,FALSE,FALSE,FALSE,FALSE,FALSE,280.75,19.75,0.4040710628032684,46.95,710.2948608398438,1.206836462020874
Modern IODP,342,U1411,B,41.61832166666667,-48.61832167,3298.79,None,FALSE,FALSE,FALSE,FALSE,TRUE,280.75,19.75,0.4040710628032684,46.95,710.2948608398438,1.206836462020874
Modern IODP,342,U1411,C,41.61815,-48.61815,3300.18,Shallow (<40 cm),FALSE,FALSE,FALSE,FALSE,FALSE,280.75,19.75,0.4040710628032684,46.95,710.2948608398438,1.206836462020874
Modern IODP,344,U1381,C,8.428378333333333,-84.42837833,2064.56,None,FALSE,FALSE,FALSE,FALSE,FALSE,67,-1,2.424717426300049,37.3875,564.1228637695312,3.976082801818848
Modern IODP,344,U1412,A,8.488823333333332,-84.48882333,1920.66,None,FALSE,FALSE,FALSE,FALSE,FALSE,67,-1,2.3866770267486572,37.3875,564.1228637695312,3.976082801818848
Modern IODP,344,U1412,B,8.485998333333333,-84.48599833,1964.94,None,FALSE,FALSE,FALSE,FALSE,FALSE,67,-1,2.3866770267486572,37.3875,564.1228637695312,3.976082801818848
Modern IODP,344,U1413,A,8.740988333333334,-84.74098833,539.91,None,FALSE,FALSE,FALSE,FALSE,FALSE,67,-1,2.329063892364502,37.3875,564.1228637695312,4.291053771972656
Modern IODP,344,U1413,B,8.740988333333334,-84.74098833,540.37,None,FALSE,FALSE,TRUE,FALSE,FALSE,67,-1,2.329063892364502,37.3875,564.1228637695312,4.291053771972656
Modern IODP,344,U1414,A,8.50384,-84.50384,2458.55,None,FALSE,FALSE,FALSE,FALSE,FALSE,67,-1,2.3866770267486572,37.3875,564.1228637695312,4.109612941741943
Modern IODP,345,U1415,E,2.252435,-101.252435,4839.62,None,FALSE,FALSE,FALSE,FALSE,TRUE,138.125,-8.9375,1.294599533081055,72.8375,490.1001281738281,2.0456483364105225
Modern IODP,345,U1415,G,2.2523166666666667,-101.2523167,4845.81,None,FALSE,FALSE,FALSE,FALSE,TRUE,138.125,-8.9375,1.294599533081055,72.8375,490.1001281738281,2.0456483364105225
Modern IODP,345,U1415,H,2.252195,-101.252195,4846.42,None,FALSE,FALSE,FALSE,FALSE,TRUE,138.125,-8.9375,1.294599533081055,72.8375,490.1001281738281,2.0456483364105225
Modern IODP,345,U1415,I,2.252578333333333,-101.2525783,4841.8,None,FALSE,FALSE,FALSE,FALSE,TRUE,138.125,-8.9375,1.294599533081055,72.8375,490.1001281738281,2.0456483364105225
Modern IODP,345,U1415,N,2.2555066666666668,-101.2555067,4675.21,None,FALSE,FALSE,FALSE,FALSE,TRUE,138.125,-8.9375,1.294599533081055,72.8375,490.1001281738281,2.0456483364105225
Modern IODP,346,U1422,A,43.766505,138.766505,,None,FALSE,FALSE,TRUE,FALSE,FALSE,,-2.25,0.747338057,,687.5730590820312,5.920132637023926
Modern IODP,346,U1422,B,43.766635,138.766635,,None,FALSE,FALSE,TRUE,FALSE,FALSE,,-2.25,0.747338057,,687.5730590820312,5.920132637023926
Modern IODP,346,U1422,C,43.76636,138.76636,3428.96,Shallow (<40 cm),FALSE,TRUE,TRUE,TRUE,FALSE,,-2.25,0.747338057,,687.5730590820312,5.920132637023926
Modern IODP,346,U1422,D,43.76649833333333,138.76649833333337,3428.46,Shallow (<40 cm),FALSE,FALSE,TRUE,FALSE,FALSE,,-2.25,0.747338057,,687.5730590820312,5.920132637023926
Modern IODP,346,U1422,E,43.76649333333334,138.76649333333333,3428.66,None,FALSE,FALSE,FALSE,FALSE,FALSE,,-2.25,0.747338057,,687.5730590820312,5.920132637023926
Modern IODP,346,U1423,A,41.69915666666667,139.69915666666665,1785.25,None,FALSE,FALSE,TRUE,FALSE,FALSE,163,-2.25,0.9411916136741638,,694.4626465,7.949767112731934
Modern IODP,346,U1423,B,41.69929166666667,139.69929166666665,1785.44,None,FALSE,FALSE,TRUE,TRUE,FALSE,163,-2.25,0.9411916136741638,,694.4626465,7.949767112731934
Modern IODP,346,U1424,A,40.19000166666667,138.19000166666666,2807.32,Shallow (<40 cm),FALSE,FALSE,FALSE,FALSE,FALSE,,-2.25,0.7019608020782471,0,622.7164306640625,6.5628437995910645
Modern IODP,346,U1424,B,40.190126666666664,138.19012666666666,2808.4,Shallow (<40 cm),FALSE,FALSE,TRUE,FALSE,FALSE,,-2.25,0.7019608020782471,0,622.7164306640625,6.5628437995910645
Modern IODP,346,U1425,B,39.490793333333336,134.49079333333333,1907.69,None,FALSE,FALSE,FALSE,FALSE,FALSE,,-2.25,0.5544766187667847,6.1625,662.2090454101562,
Modern IODP,346,U1425,D,39.490653333333334,134.49065333333334,1908.18,None,FALSE,FALSE,TRUE,FALSE,FALSE,,-2.25,0.5544766187667847,6.1625,662.2090454101562,
Modern IODP,346,U1425,E,39.490653333333334,134.49065333333334,1908.6,None,FALSE,FALSE,TRUE,FALSE,FALSE,,-2.25,0.5544766187667847,6.1625,662.2090454101562,
Modern IODP,346,U1426,A,37.03332666666667,134.03332666666665,902.98,None,FALSE,FALSE,FALSE,FALSE,FALSE,,-2.25,0.9050707817077636,6.763333333333333,611.3804931640625,
Modern IODP,346,U1426,B,37.03348,134.03348,902.24,None,FALSE,FALSE,FALSE,FALSE,FALSE,,-2.25,0.9050707817077636,6.763333333333333,611.3804931640625,
Modern IODP,346,U1426,C,37.033186666666666,134.0331866666667,902.94,None,FALSE,FALSE,FALSE,FALSE,FALSE,,-2.25,0.9050707817077636,6.763333333333333,611.3804931640625,
Modern IODP,346,U1426,D,37.03332666666667,134.03332666666665,902.64,None,FALSE,FALSE,FALSE,FALSE,FALSE,,-2.25,0.9050707817077636,6.763333333333333,611.3804931640625,
Modern IODP,346,U1427,A,35.965333333333334,134.96533333333332,339.36,None,FALSE,FALSE,FALSE,FALSE,FALSE,129,-2.25,1.1574692726135254,,568.4665527,
Modern IODP,346,U1427,B,35.96546,134.96546,325.58,None,FALSE,FALSE,FALSE,FALSE,FALSE,129,-2.25,1.1574692726135254,,568.4665527,
Modern IODP,346,U1427,C,35.965181666666666,134.96518166666667,325.89,None,FALSE,FALSE,FALSE,FALSE,FALSE,129,-2.25,1.1574692726135254,,568.4665527,
Modern IODP,346,U1428,A,31.677318333333332,129.67731833333335,723.86,None,FALSE,FALSE,FALSE,FALSE,FALSE,159,-2.25,0.7514211535453796,,471.3063965,
Modern IODP,346,U1428,B,31.677471666666666,129.67747166666666,724.1,None,FALSE,FALSE,FALSE,FALSE,FALSE,159,-2.25,0.7514211535453796,,471.3063965,
Modern IODP,346,U1429,A,31.617313333333332,128.61731333333333,732.14,None,FALSE,FALSE,FALSE,FALSE,FALSE,,-2.25,0.7369868159294128,,421.3886413574219,
Modern IODP,346,U1429,B,31.617448333333332,128.61744833333333,731.64,None,FALSE,FALSE,FALSE,FALSE,FALSE,,-2.25,0.7369868159294128,,421.3886413574219,
Modern IODP,346,U1429,C,31.617191666666667,128.61719166666666,732.44,None,FALSE,FALSE,FALSE,FALSE,FALSE,,-2.25,0.7369868159294128,,421.3886413574219,
Modern IODP,346,U1430,A,37.902658333333335,131.9026583333333,1071.99,None,FALSE,FALSE,FALSE,FALSE,FALSE,,-2.25,0.5371313691139221,14.53,835.5270996,
Modern IODP,346,U1430,B,37.90278333333333,131.90278333333333,1071.3,None,FALSE,FALSE,FALSE,FALSE,FALSE,,-2.25,0.5371313691139221,14.53,835.5270996,
Modern IODP,346,U1430,C,37.90251833333333,131.90251833333335,1072.8,None,FALSE,FALSE,FALSE,FALSE,FALSE,,-2.25,0.5371313691139221,14.53,835.5270996,
Modern IODP,349,U1431,A,15.375818333333331,117.37581833333331,4237.26,None,FALSE,FALSE,FALSE,FALSE,TRUE,,7.75,1.0926647186279297,,248.6810760498047,9.541781425476074
Modern IODP,349,U1431,B,15.3758,117.3758,4236.66,None,FALSE,FALSE,FALSE,FALSE,TRUE,,7.75,1.0926647186279297,,248.6810760498047,9.541781425476074
Modern IODP,349,U1431,C,15.375618333333334,117.37561833333334,4239.46,Shallow (<40 cm),FALSE,FALSE,FALSE,FALSE,FALSE,,7.75,1.0926647186279297,,248.6810760498047,9.541781425476074
Modern IODP,349,U1431,D,15.375631666666669,117.37563166666666,4240.46,Deep (>40 cm),FALSE,FALSE,FALSE,FALSE,FALSE,,7.75,1.0926647186279297,,248.6810760498047,9.541781425476074
Modern IODP,349,U1432,C,18.351385,116.351385,3829.04,Shallow (<40 cm),FALSE,FALSE,FALSE,FALSE,FALSE,,7.75,0.7218039035797119,,249.33026123046875,8.948491096496582
Modern IODP,349,U1433,A,12.918966666666666,115.91896666666666,4379.35,None,FALSE,FALSE,FALSE,FALSE,FALSE,,7.75,0.9259178638458252,,286.5988464355469,7.817126750946045
Modern IODP,350,U1436,A,32.39805666666667,140.39805666666666,1775,None,FALSE,FALSE,FALSE,FALSE,FALSE,146,-2.25,0.7033746242523193,43.0625,311.5781555175781,0.8760256767272949
Modern IODP,350,U1437,B,31.789851666666667,139.78985166666666,2116.08,Shallow (<40 cm),FALSE,FALSE,FALSE,TRUE,FALSE,146.3125,-2.25,0.9433834552764891,30.265,254.83303833007812,
Modern IODP,351,U1438,A,27.383513333333333,134.38351333333333,4700.18,None,FALSE,FALSE,FALSE,FALSE,FALSE,162.6875,-4.755417957,0.7265584468841553,1.3975000000000002,164.2978516,
Modern IODP,351,U1438,B,27.383518333333335,134.38351833333334,4700.48,None,FALSE,FALSE,FALSE,TRUE,FALSE,162.6875,-4.755417957,0.7265584468841553,1.3975000000000002,164.2978516,
Modern IODP,352,U1439,A,28.407478333333337,142.40747833333333,3128.12,None,FALSE,FALSE,FALSE,FALSE,FALSE,157,-4.755417957,0.4802235960960388,12.37,188.93638610839844,
Modern IODP,352,U1440,A,28.449816666666667,142.44981666666666,4775.17,None,FALSE,FALSE,FALSE,FALSE,FALSE,157,-4.755417957,0.4802235960960388,12.37,188.93638610839844,
Modern IODP,352,U1441,A,28.427298333333333,142.42729833333334,4446.88,None,FALSE,FALSE,FALSE,FALSE,FALSE,157,-4.755417957,0.4802235960960388,12.37,188.93638610839844,
Modern IODP,352,U1442,A,28.40964,142.40964,3162.03,None,FALSE,FALSE,FALSE,FALSE,FALSE,157,-4.755417957,0.4802235960960388,12.37,188.93638610839844,
Modern IODP,353,U1443,A,5.383496666666667,90.38349666666667,2929.45,Shallow (<40 cm),FALSE,FALSE,FALSE,FALSE,FALSE,177.75,3.7307692307692335,0.4862979352474212,81.415,374.0221252441406,0.5414674878120422
Modern IODP,353,U1443,B,5.383633333333333,90.38363333333334,2924.81,None,FALSE,FALSE,FALSE,FALSE,FALSE,177.75,3.7307692307692335,0.4862979352474212,81.415,374.0221252441406,0.5414674878120422
Modern IODP,353,U1443,C,5.383463333333333,90.38346333333334,2924.7,Shallow (<40 cm),FALSE,FALSE,FALSE,FALSE,FALSE,177.75,3.7307692307692335,0.4862979352474212,81.415,374.0221252441406,0.5414674878120422
Modern IODP,353,U1443,D,5.383318333333333,90.38331833333334,2924.58,Shallow (<40 cm),FALSE,FALSE,FALSE,FALSE,FALSE,177.75,3.7307692307692335,0.4862979352474212,81.415,374.0221252441406,0.5414674878120422
Modern IODP,353,U1444,A,14.00009495,84.00009495,3132.7,Deep (>40 cm),FALSE,FALSE,FALSE,FALSE,FALSE,130.3125,,0.8098042011260986,,408.9314270019531,15.958574295043944
Modern IODP,353,U1444,B,13.999899833333334,84.99989983333333,3131.76,Shallow (<40 cm),FALSE,FALSE,FALSE,FALSE,FALSE,139.875,3.7307692307692335,0.7922112941741943,,343.3247375488281,16.724838256835938
Modern IODP,353,U1445,A,17.74535,84.74535,2502.26,None,FALSE,FALSE,FALSE,FALSE,FALSE,95.80000305,,1.1016675233840942,0,766.5280762,15.590424537658691
Modern IODP,353,U1445,B,17.745163333333334,84.74516333333334,2503.58,None,FALSE,FALSE,FALSE,FALSE,FALSE,95.80000305,,1.1016675233840942,0,766.5280762,15.590424537658691
Modern IODP,353,U1445,C,17.745158333333332,84.74515833333334,2502.58,None,FALSE,FALSE,FALSE,FALSE,FALSE,95.80000305,,1.1016675233840942,0,766.5280762,15.590424537658691
Modern IODP,353,U1446,A,19.083483333333337,85.08348333333333,1430.21,Shallow (<40 cm),FALSE,FALSE,FALSE,FALSE,FALSE,76.30769348144531,,1.1918396949768066,36.76,950.9169922,16.108339309692383
Modern IODP,353,U1446,B,19.083475,85.083475,1429.34518,None,FALSE,FALSE,FALSE,FALSE,FALSE,76.30769348144531,,1.1918396949768066,36.76,950.9169922,16.108339309692383
Modern IODP,353,U1446,C,19.083691666666667,85.08369166666667,1430.04,None,FALSE,FALSE,FALSE,FALSE,FALSE,76.30769348144531,,1.1918396949768066,36.76,950.9169922,16.108339309692383
Modern IODP,353,U1447,A,10.790101666666668,92.79010166666669,1390.93,None,FALSE,FALSE,FALSE,FALSE,FALSE,119.125,7.75,1.7141700983047483,39.335,446.7719421386719,7.524031162261963
Modern IODP,353,U1447,B,10.789908333333331,93.78990833333332,1391.75,None,FALSE,FALSE,FALSE,FALSE,FALSE,93.875,7.75,1.8209264278411863,32.64666666666667,436.9376831054687,
Modern IODP,353,U1447,C,10.78992,93.78992,1392.2526,None,FALSE,FALSE,FALSE,FALSE,FALSE,93.875,7.75,1.8209264278411863,32.64666666666667,436.9376831054687,
Modern IODP,353,U1448,A,10.633858333333333,93.63385833333334,1098.3465,None,FALSE,FALSE,FALSE,FALSE,FALSE,93.875,7.75,1.798907995223999,32.64666666666667,436.9376831054687,
Modern IODP,353,U1448,B,10.63367,93.63367,1096.51,None,FALSE,FALSE,FALSE,FALSE,FALSE,93.875,7.75,1.798907995223999,32.64666666666667,436.9376831054687,
Modern IODP,353,U1448,C,10.634716666666666,93.63471666666666,1096.79,None,FALSE,FALSE,FALSE,FALSE,FALSE,93.875,7.75,1.798907995223999,32.64666666666667,436.9376831054687,
Modern IODP,354,U1449,A,8.00699,88.00699,3652.66,Shallow (<40 cm),FALSE,FALSE,FALSE,FALSE,FALSE,167.6875,3.7307692307692335,0.6299514770507812,38.8475,497.2509766,2.725013017654419
Modern IODP,354,U1449,B,8.00701,88.00701,3651.93,None,FALSE,FALSE,FALSE,FALSE,TRUE,167.6875,3.7307692307692335,0.6299514770507812,38.8475,497.2509766,2.725013017654419
Modern IODP,354,U1450,A,8.007001666666667,87.00700166666667,3655.32,Shallow (<40 cm),FALSE,FALSE,FALSE,FALSE,FALSE,162.0625,3.7307692307692335,0.7045658826828003,53.5025,540.3245849609375,3.7980706691741943
Modern IODP,354,U1451,A,8.006991666666666,88.00699166666666,3607.28,Shallow (<40 cm),FALSE,TRUE,FALSE,FALSE,FALSE,167.6875,3.7307692307692335,0.6299514770507812,38.8475,497.2509766,2.725013017654419
Modern IODP,354,U1452,B,8.006985,87.006985,3670.3,Shallow (<40 cm),FALSE,FALSE,FALSE,FALSE,FALSE,162.0625,3.7307692307692335,0.7045658826828003,53.5025,540.3245849609375,3.7980706691741943
Modern IODP,354,U1452,C,8.006813333333334,87.00681333333333,3671.48,Shallow (<40 cm),FALSE,FALSE,FALSE,FALSE,FALSE,162.0625,3.7307692307692335,0.7045658826828003,53.5025,540.3245849609375,3.7980706691741943
Modern IODP,354,U1453,A,8.006988333333334,86.00698833333334,3679.48,Shallow (<40 cm),FALSE,FALSE,FALSE,FALSE,FALSE,157.6875,3.7307692307692335,0.8133875727653503,59.665,577.1757202148438,6.942480564117432
Modern IODP,354,U1454,A,8.006778333333333,85.00677833333333,3709.92,None,FALSE,FALSE,FALSE,FALSE,TRUE,155.8125,3.7307692307692335,0.8901844024658203,56.54,580.6526489257812,11.901432991027832
Modern IODP,354,U1454,B,8.006805,85.006805,3710.32,Deep (>40 cm),FALSE,TRUE,FALSE,FALSE,FALSE,155.8125,3.7307692307692335,0.8901844024658203,56.54,580.6526489257812,11.901432991027832
Modern IODP,354,U1454,D,8.006625,85.006625,3710.72,Deep (>40 cm),FALSE,FALSE,FALSE,FALSE,FALSE,155.8125,3.7307692307692335,0.8901844024658203,56.54,580.6526489257812,11.901432991027832
Modern IODP,354,U1455,A,8.006976666666667,86.00697666666667,3732.5,None,FALSE,FALSE,FALSE,FALSE,TRUE,157.6875,3.7307692307692335,0.8133875727653503,59.665,577.1757202148438,6.942480564117432
Modern IODP,354,U1455,B,8.006996666666666,86.00699666666667,3733,None,FALSE,FALSE,FALSE,FALSE,FALSE,157.6875,3.7307692307692335,0.8133875727653503,59.665,577.1757202148438,6.942480564117432
Modern IODP,354,U1455,C,8.006801666666666,86.00680166666666,3732.5,None,FALSE,FALSE,FALSE,FALSE,FALSE,157.6875,3.7307692307692335,0.8133875727653503,59.665,577.1757202148438,6.942480564117432
Modern IODP,355,U1456,A,16.621425,68.621425,3639.23,Shallow (<40 cm),FALSE,FALSE,TRUE,FALSE,FALSE,155.1875,6.299999999999997,1.045061469078064,54.2225,551.6760254,2.2602851390838623
Modern IODP,355,U1456,B,16.621418333333335,68.62141833333334,3645.04,None,FALSE,FALSE,FALSE,FALSE,TRUE,155.1875,6.299999999999997,1.045061469078064,54.2225,551.6760254,2.2602851390838623
Modern IODP,355,U1456,C,16.621566666666666,68.62156666666667,3638.44,Shallow (<40 cm),FALSE,FALSE,TRUE,FALSE,FALSE,155.1875,6.299999999999997,1.045061469078064,54.2225,551.6760254,2.2602851390838623
Modern IODP,355,U1457,A,17.165811666666666,67.16581166666667,3523.11,None,FALSE,FALSE,FALSE,FALSE,FALSE,140.375,6.299999999999997,0.7526111006736755,55.05,591.1022338867188,3.7593274116516113
Modern IODP,355,U1457,B,17.165808333333334,67.16580833333333,3523.52,Shallow (<40 cm),FALSE,FALSE,FALSE,FALSE,FALSE,140.375,6.299999999999997,0.7526111006736755,55.05,591.1022338867188,3.7593274116516113
Modern IODP,356,U1458,A,-28.664125,113.664125,156.77,None,FALSE,FALSE,FALSE,FALSE,TRUE,225.9333343505859,-2,1.3377883434295654,83.58,669.0102539,1.3010730743408203
Modern IODP,356,U1459,C,-28.67066333,113.67066333333334,192.35,None,FALSE,FALSE,FALSE,FALSE,TRUE,225.9333343505859,-2,1.3377883434295654,83.58,669.0102539,1.3010730743408203
Modern IODP,356,U1460,A,-27.374915,112.374915,214.5,None,FALSE,FALSE,FALSE,FALSE,FALSE,216.75,-2,1.6551597118377686,,394.1521911621094,1.126773476600647
Modern IODP,356,U1460,B,-27.37477833,112.37477833333334,214.36,None,FALSE,FALSE,FALSE,FALSE,FALSE,216.75,-2,1.6551597118377686,,394.1521911621094,1.126773476600647
Modern IODP,356,U1461,A,-20.21439,115.21439,127.18,Shallow (<40 cm),FALSE,FALSE,FALSE,FALSE,FALSE,164.75,-21.375,0.8290194272994995,,906.7607422,
Modern IODP,356,U1461,B,-20.21420333,115.21420333333332,127.97,None,FALSE,FALSE,FALSE,FALSE,FALSE,164.75,-21.375,0.8290194272994995,,906.7607422,
Modern IODP,356,U1461,C,-20.214045,115.214045,127.52,None,FALSE,FALSE,FALSE,FALSE,FALSE,164.75,-21.375,0.8290194272994995,,906.7607422,
Modern IODP,356,U1462,A,-19.82142833,115.82142833333332,87.15,None,FALSE,FALSE,FALSE,FALSE,TRUE,169.25,-2,0.8310886025428772,71.74,248.9637451171875,
Modern IODP,356,U1462,B,-19.821335,115.821335,87.19,None,FALSE,FALSE,FALSE,FALSE,TRUE,169.25,-2,0.8310886025428772,71.74,248.9637451171875,
Modern IODP,356,U1463,B,-18.96531667,117.96531666666668,145.41,None,FALSE,FALSE,FALSE,FALSE,FALSE,,-2,0.8869736194610596,71.74,222.4508514404297,
Modern IODP,356,U1463,C,-18.96549167,117.96549166666668,144.81,None,FALSE,FALSE,FALSE,FALSE,FALSE,,-2,0.8869736194610596,71.74,222.4508514404297,
Modern IODP,356,U1463,D,-18.965475,117.965475,144.5,None,FALSE,FALSE,FALSE,FALSE,FALSE,,-2,0.8869736194610596,71.74,222.4508514404297,
Modern IODP,356,U1464,B,-18.06519167,118.06519166666666,264.26,None,FALSE,FALSE,FALSE,FALSE,FALSE,,-2,0.5497320890426636,,251.8374023,
Modern IODP,356,U1464,D,-18.06538333,118.06538333333332,264.43,None,FALSE,FALSE,FALSE,FALSE,FALSE,,-2,0.5497320890426636,,251.8374023,
Modern IODP,359,U1465,A,4.933121666666667,73.93312166666666,515.01,None,FALSE,FALSE,FALSE,FALSE,FALSE,139.875,3.7307692307692335,0.4804652631282806,73.425,504.8222961425781,0.7527680993080139
Modern IODP,359,U1466,A,4.933146666666667,73.93314666666667,518.09,None,FALSE,FALSE,FALSE,FALSE,FALSE,139.875,3.7307692307692335,0.4804652631282806,73.425,504.8222961425781,0.7527680993080139
Modern IODP,359,U1467,A,4.850231666666667,73.85023166666667,487.49,None,FALSE,FALSE,FALSE,FALSE,FALSE,139.875,3.7307692307692335,0.4840735793113708,73.425,504.8222961425781,0.7287173271179199
Modern IODP,359,U1467,B,4.8504249999999995,73.850425,487.49,None,FALSE,FALSE,FALSE,FALSE,FALSE,139.875,3.7307692307692335,0.4840735793113708,73.425,504.8222961425781,0.7287173271179199
Modern IODP,359,U1467,C,4.850603333333334,73.85060333333334,487.28,None,FALSE,FALSE,FALSE,FALSE,FALSE,139.875,3.7307692307692335,0.4840735793113708,73.425,504.8222961425781,0.7287173271179199
Modern IODP,359,U1468,A,4.9330533333333335,73.93305333333333,521.5,None,FALSE,FALSE,FALSE,FALSE,FALSE,139.875,3.7307692307692335,0.4804652631282806,73.425,504.8222961425781,0.7527680993080139
Modern IODP,359,U1470,A,4.76638,72.76638,399.7,None,FALSE,FALSE,FALSE,FALSE,FALSE,138.75,3.7307692307692335,0.505662203,71.41,425.7479248046875,0.4900737702846527
Modern IODP,359,U1471,A,4.766375,73.766375,419.4,None,FALSE,FALSE,FALSE,FALSE,FALSE,139.875,3.7307692307692335,0.4868911206722259,73.425,504.8222961425781,0.7046507000923157
Modern IODP,359,U1471,B,4.766375,73.766375,420.29,None,FALSE,FALSE,FALSE,FALSE,FALSE,139.875,3.7307692307692335,0.4868911206722259,73.425,504.8222961425781,0.7046507000923157
Modern IODP,359,U1471,C,4.766385,73.766385,419.19,None,FALSE,FALSE,FALSE,FALSE,FALSE,139.875,3.7307692307692335,0.4868911206722259,73.425,504.8222961425781,0.7046507000923157
Modern IODP,359,U1472,A,4.771088333333333,73.77108833333334,379.34,None,FALSE,FALSE,FALSE,FALSE,FALSE,139.875,3.7307692307692335,0.4868911206722259,73.425,504.8222961425781,0.7046507000923157
Modern IODP,361,U1474,A,-31.21665833,31.216658333333335,3033.82,Deep (>40 cm),FALSE,FALSE,TRUE,FALSE,FALSE,201.0666656494141,15.75,1.2759828567504885,59.400000000000006,316.5360412597656,3.8473544120788574
Modern IODP,361,U1474,B,-31.21647,31.21647,3034.36,Deep (>40 cm),FALSE,TRUE,TRUE,FALSE,FALSE,201.0666656494141,15.75,1.2759828567504885,59.400000000000006,316.5360412597656,3.8473544120788574
Modern IODP,361,U1474,C,-31.216665,31.216665,3039.14,Deep (>40 cm),FALSE,TRUE,TRUE,FALSE,FALSE,201.0666656494141,15.75,1.2759828567504885,59.400000000000006,316.5360412597656,3.8473544120788574
Modern IODP,361,U1474,D,-31.216665,31.216665,3034.34,Deep (>40 cm),FALSE,TRUE,TRUE,FALSE,FALSE,201.0666656494141,15.75,1.2759828567504885,59.400000000000006,316.5360412597656,3.8473544120788574
Modern IODP,361,U1474,F,-31.21684167,31.216841666666667,3035.93,Deep (>40 cm),FALSE,TRUE,TRUE,FALSE,FALSE,201.0666656494141,15.75,1.2759828567504885,59.400000000000006,316.5360412597656,3.8473544120788574
Modern IODP,361,U1474,H,-32.21665833,31.216658333333335,,Deep (>40 cm),FALSE,FALSE,TRUE,FALSE,FALSE,211.375,15.75,1.2447237968444824,52.9075,320.7944336,4.2554497718811035
Modern IODP,361,U1475,A,-41.42675333,25.426753333333338,2670.36,Deep (>40 cm),FALSE,FALSE,FALSE,FALSE,FALSE,218.75,21.505050505050505,0.3586405515670776,65.205,997.6113281,1.3302539587020874
Modern IODP,361,U1475,B,-41.42675333,25.426753333333338,2669.46,Deep (>40 cm),FALSE,FALSE,TRUE,FALSE,FALSE,218.75,21.505050505050505,0.3586405515670776,65.205,997.6113281,1.3302539587020874
Modern IODP,361,U1475,C,-41.42656833,25.426568333333332,2669.34,None,FALSE,FALSE,FALSE,FALSE,FALSE,218.75,21.505050505050505,0.3586405515670776,65.205,997.6113281,1.3302539587020874
Modern IODP,361,U1475,D,-41.42675833,25.426758333333332,2668.32,Shallow (<40 cm),FALSE,FALSE,FALSE,FALSE,FALSE,218.75,21.505050505050505,0.3586405515670776,65.205,997.6113281,1.3302539587020874
Modern IODP,361,U1475,E,-41.42693667,25.426936666666663,2671.85,None,FALSE,FALSE,FALSE,FALSE,FALSE,218.75,21.505050505050505,0.3586405515670776,65.205,997.6113281,1.3302539587020874
Modern IODP,361,U1476,A,-15.82089167,41.82089166666667,2165.71,None,FALSE,FALSE,FALSE,FALSE,FALSE,173.4375,15.75,0.8695564270019531,52.10999999999999,304.4282227,1.7639981508255005
Modern IODP,361,U1476,B,-15.82070167,41.820701666666665,2166.5,Deep (>40 cm),FALSE,TRUE,TRUE,FALSE,FALSE,173.4375,15.75,0.8695564270019531,52.10999999999999,304.4282227,1.7639981508255005
Modern IODP,361,U1476,C,-15.82087667,41.82087666666666,2165.5,None,FALSE,FALSE,FALSE,TRUE,FALSE,173.4375,15.75,0.8695564270019531,52.10999999999999,304.4282227,1.7639981508255005
Modern IODP,361,U1476,E,-15.82105833,41.82105833333333,2165.19,Deep (>40 cm),FALSE,TRUE,TRUE,FALSE,FALSE,173.4375,15.75,0.8695564270019531,52.10999999999999,304.4282227,1.7639981508255005
Modern IODP,361,U1477,A,-19.35488333,36.35488333333333,429.17,None,FALSE,FALSE,FALSE,FALSE,FALSE,181.6000061035156,15.75,0.4331415295600891,,875.7474365234375,2.382232427597046
Modern IODP,361,U1477,B,-19.35470333,36.35470333333333,429.56,None,FALSE,FALSE,FALSE,FALSE,FALSE,181.6000061035156,15.75,0.4331415295600891,,875.7474365234375,2.382232427597046
Modern IODP,361,U1478,A,-25.821,34.821,487.94,None,FALSE,FALSE,FALSE,FALSE,FALSE,167.57142639160156,15.75,0.6958838701248169,,375.9820861816406,1.898417830467224
Modern IODP,361,U1478,C,-25.82100667,34.82100666666667,489.92,None,FALSE,FALSE,FALSE,FALSE,FALSE,167.57142639160156,15.75,0.6958838701248169,,375.9820861816406,1.898417830467224
Modern IODP,361,U1478,D,-25.82117667,34.821176666666666,490.7,Shallow (<40 cm),FALSE,FALSE,FALSE,FALSE,FALSE,167.57142639160156,15.75,0.6958838701248169,,375.9820861816406,1.898417830467224
Modern IODP,361,U1479,A,-35.05881667,17.058816666666665,2618.53,None,FALSE,FALSE,FALSE,FALSE,FALSE,195.4375,15.75,1.3998312950134275,59.3825,735.3053588867188,3.9588663578033447
Modern IODP,361,U1479,B,-35.058815,17.058815,2618.33,None,FALSE,FALSE,FALSE,FALSE,FALSE,195.4375,15.75,1.3998312950134275,59.3825,735.3053588867188,3.9588663578033447
Modern IODP,361,U1479,D,-35.05881,17.05881,2615.09,None,FALSE,FALSE,FALSE,FALSE,FALSE,195.4375,15.75,1.3998312950134275,59.3825,735.3053588867188,3.9588663578033447
Modern IODP,361,U1479,F,-35.05881667,17.058816666666665,2615.26,None,FALSE,FALSE,FALSE,FALSE,FALSE,195.4375,15.75,1.3998312950134275,59.3825,735.3053588867188,3.9588663578033447
Modern IODP,361,U1479,G,-35.05881667,17.058816666666665,2612.46,None,FALSE,FALSE,FALSE,FALSE,FALSE,195.4375,15.75,1.3998312950134275,59.3825,735.3053588867188,3.9588663578033447
Modern IODP,361,U1479,H,-35.058815,17.058815,2613.16,Shallow (<40 cm),FALSE,FALSE,FALSE,FALSE,FALSE,195.4375,15.75,1.3998312950134275,59.3825,735.3053588867188,3.9588663578033447
Modern IODP,361,U1479,I,-35.05881,17.05881,2613.36,None,FALSE,FALSE,FALSE,FALSE,FALSE,195.4375,15.75,1.3998312950134275,59.3825,735.3053588867188,3.9588663578033447
Modern IODP,362,U1480,A,3.0340783333333334,91.03407833333333,4147.53,None,FALSE,FALSE,FALSE,FALSE,FALSE,172.625,3.7307692307692335,0.4419783055782318,79.1975,319.6063537597656,1.3579881191253662
Modern IODP,362,U1480,B,3.0340616666666667,91.03406166666667,4147.54,None,FALSE,FALSE,FALSE,FALSE,FALSE,172.625,3.7307692307692335,0.4419783055782318,79.1975,319.6063537597656,1.3579881191253662
Modern IODP,362,U1480,C,3.033895,91.033895,4147.54,None,FALSE,FALSE,FALSE,FALSE,FALSE,172.625,3.7307692307692335,0.4419783055782318,79.1975,319.6063537597656,1.3579881191253662
Modern IODP,362,U1480,E,3.0339016666666665,91.03390166666668,4147.54,None,FALSE,FALSE,TRUE,FALSE,FALSE,172.625,3.7307692307692335,0.4419783055782318,79.1975,319.6063537597656,1.3579881191253662
Modern IODP,362,U1480,H,3.0342583333333333,91.03425833333333,4147.28,Deep (>40 cm),FALSE,TRUE,FALSE,FALSE,FALSE,172.625,3.7307692307692335,0.4419783055782318,79.1975,319.6063537597656,1.3579881191253662
Modern IODP,363,U1482,A,-15.05537833,120.05537833333334,1467.7,None,FALSE,FALSE,FALSE,FALSE,FALSE,,3.7307692307692335,1.1247193813323977,71.74,248.7268829345703,0.5292069911956787
Modern IODP,363,U1482,B,-15.05523667,120.05523666666669,1464.49,Shallow (<40 cm),FALSE,FALSE,FALSE,FALSE,FALSE,,3.7307692307692335,1.1247193813323977,71.74,248.7268829345703,0.5292069911956787
Modern IODP,363,U1482,C,-15.05549667,120.05549666666668,1465.19,Shallow (<40 cm),FALSE,FALSE,FALSE,FALSE,FALSE,,3.7307692307692335,1.1247193813323977,71.74,248.7268829345703,0.5292069911956787
Modern IODP,363,U1482,D,-15.05550833,120.05550833333334,1466.13,Shallow (<40 cm),FALSE,FALSE,FALSE,FALSE,FALSE,,3.7307692307692335,1.1247193813323977,71.74,248.7268829345703,0.5292069911956787
Modern IODP,363,U1483,A,-13.08730333,121.08730333333334,1732.93,Shallow (<40 cm),FALSE,FALSE,FALSE,FALSE,FALSE,,3.7307692307692335,1.287927746772766,57.45,267.1143798828125,
Modern IODP,363,U1483,B,-13.087285,121.087285,1734.01,Shallow (<40 cm),FALSE,FALSE,FALSE,FALSE,FALSE,,3.7307692307692335,1.287927746772766,57.45,267.1143798828125,
Modern IODP,363,U1483,C,-13.087465,121.087465,1731.19,Shallow (<40 cm),FALSE,FALSE,FALSE,FALSE,FALSE,,3.7307692307692335,1.287927746772766,57.45,267.1143798828125,
Modern IODP,363,U1484,A,-3.132046667,142.783,1030.93,Shallow (<40 cm),FALSE,FALSE,FALSE,FALSE,FALSE,135.375,,2.241152763366699,71.94,594.7108764648438,
Modern IODP,363,U1484,B,-3.132038333,142.783,1030.48,None,FALSE,FALSE,FALSE,FALSE,FALSE,135.375,,2.241152763366699,71.94,594.7108764648438,
Modern IODP,363,U1484,C,-3.132225,142.783,1030.77,None,FALSE,FALSE,FALSE,FALSE,FALSE,135.375,,2.241152763366699,71.94,594.7108764648438,
Modern IODP,363,U1485,A,-3.102641667,142.783,1144.75,None,FALSE,FALSE,FALSE,FALSE,FALSE,135.375,,2.268411874771118,71.94,594.7108764648438,
Modern IODP,363,U1485,B,-3.10264,142.783,1145.34,None,FALSE,FALSE,FALSE,FALSE,FALSE,135.375,,2.268411874771118,71.94,594.7108764648438,
Modern IODP,363,U1485,C,-3.102623333,142.783,1145.83,None,FALSE,FALSE,FALSE,FALSE,FALSE,135.375,,2.268411874771118,71.94,594.7108764648438,
Modern IODP,363,U1485,D,-3.102623333,142.783,1144.43,None,FALSE,FALSE,FALSE,FALSE,FALSE,135.375,,2.268411874771118,71.94,594.7108764648438,
Modern IODP,363,U1486,A,-2.372291667,144.37229166666663,1330.33,None,FALSE,FALSE,FALSE,FALSE,FALSE,127.125,,2.5134265422821045,82.77,488.1499938964844,4.433580399
Modern IODP,363,U1486,B,-2.37228,144.37228,1333.83,Deep (>40 cm),FALSE,FALSE,FALSE,FALSE,FALSE,127.125,,2.5134265422821045,82.77,488.1499938964844,4.433580399
Modern IODP,363,U1486,C,-2.372463333,144.37246333333334,1334.5,Shallow (<40 cm),FALSE,FALSE,FALSE,FALSE,FALSE,127.125,,2.5134265422821045,82.77,488.1499938964844,4.433580399
Modern IODP,363,U1486,D,-2.372473333,144.37247333333335,1334.1,Shallow (<40 cm),FALSE,FALSE,FALSE,FALSE,FALSE,127.125,,2.5134265422821045,82.77,488.1499938964844,4.433580399
Modern IODP,363,U1487,A,-2.333298333,144.33329833333335,873.93,Shallow (<40 cm),FALSE,FALSE,TRUE,FALSE,FALSE,127.125,,2.5134265422821045,82.77,488.1499938964844,4.433580399
Modern IODP,363,U1487,B,-2.333291667,144.33329166666667,873.63,Shallow (<40 cm),FALSE,FALSE,TRUE,FALSE,FALSE,127.125,,2.5134265422821045,82.77,488.1499938964844,4.433580399
Modern IODP,363,U1488,A,2.0431516666666667,141.04315166666666,2603.4,Shallow (<40 cm),FALSE,FALSE,TRUE,TRUE,FALSE,138.875,-8.132867133,0.9101314544677734,58.05,240.0312957763672,2.130416155
Modern IODP,363,U1488,B,2.0431683333333335,141.04316833333334,2604.4,None,FALSE,FALSE,FALSE,FALSE,TRUE,138.875,-8.132867133,0.9101314544677734,58.05,240.0312957763672,2.130416155
Modern IODP,363,U1488,C,2.042988333333333,141.04298833333334,2604,Shallow (<40 cm),FALSE,FALSE,TRUE,FALSE,FALSE,138.875,-8.132867133,0.9101314544677734,58.05,240.0312957763672,2.130416155
Modern IODP,363,U1489,A,2.11996,141.11996,3419.8,Shallow (<40 cm),FALSE,FALSE,TRUE,FALSE,FALSE,138.875,-8.132867133,0.9101314544677734,58.05,240.0312957763672,2.097487211227417
Modern IODP,363,U1489,B,2.1199733333333333,141.11997333333332,3419.5,Shallow (<40 cm),FALSE,FALSE,TRUE,FALSE,FALSE,138.875,-8.132867133,0.9101314544677734,58.05,240.0312957763672,2.097487211227417
Modern IODP,363,U1489,C,2.11962,141.11962,3423.68,Shallow (<40 cm),FALSE,FALSE,TRUE,FALSE,FALSE,138.875,-8.132867133,0.9101314544677734,58.05,240.0312957763672,2.097487211227417
Modern IODP,363,U1489,D,2.1196016666666666,141.11960166666665,3421.55,Shallow (<40 cm),FALSE,FALSE,FALSE,FALSE,FALSE,138.875,-8.132867133,0.9101314544677734,58.05,240.0312957763672,2.097487211227417
Modern IODP,363,U1490,A,5.81582,142.81582,2341.03,None,FALSE,FALSE,FALSE,FALSE,FALSE,145.8125,-8.132867133,0.7791317701339722,75.61000000000001,172.55584716796875,0.7468855381011963
Modern IODP,363,U1490,B,5.8158449999999995,142.815845,2339.72,None,FALSE,FALSE,FALSE,FALSE,FALSE,145.8125,-8.132867133,0.7791317701339722,75.61000000000001,172.55584716796875,0.7468855381011963
Modern IODP,363,U1490,C,5.815641666666666,142.81564166666666,2341.27,Shallow (<40 cm),FALSE,FALSE,FALSE,FALSE,FALSE,145.8125,-8.132867133,0.7791317701339722,75.61000000000001,172.55584716796875,0.7468855381011963
Modern IODP,366,U1491,A,15.785291666666666,147.78529166666667,4493.68,None,FALSE,FALSE,FALSE,FALSE,FALSE,172,-4.755417957,0.4138515889644623,0.065,136.63377380371094,0.098497562
Modern IODP,366,U1491,B,15.785293333333334,147.78529333333333,4492.48,None,FALSE,FALSE,FALSE,FALSE,FALSE,172,-4.755417957,0.4138515889644623,0.065,136.63377380371094,0.098497562
Modern IODP,366,U1491,C,15.786566666666667,147.78656666666666,4518.88,None,FALSE,FALSE,FALSE,FALSE,TRUE,172,-4.755417957,0.4138515889644623,0.065,136.63377380371094,0.098497562
Modern IODP,366,U1492,A,15.711291666666666,147.71129166666665,3656.58,None,FALSE,FALSE,FALSE,FALSE,TRUE,172,-4.755417957,0.4138515889644623,0.065,136.63377380371094,0.098497562
Modern IODP,366,U1492,B,15.71036,147.71036,3669.1,None,FALSE,FALSE,FALSE,FALSE,FALSE,172,-4.755417957,0.4138515889644623,0.065,136.63377380371094,0.098497562
Modern IODP,366,U1492,C,15.709316666666666,147.70931666666667,3666.47,None,FALSE,FALSE,FALSE,FALSE,FALSE,172,-4.755417957,0.4138515889644623,0.065,136.63377380371094,0.098497562
Modern IODP,366,U1493,A,17.986113333333332,147.98611333333332,3358.92,None,FALSE,FALSE,FALSE,FALSE,TRUE,171.375,-4.755417957,0.4255768656730652,7.6525,149.96401977539062,0.1119291707873344
Modern IODP,366,U1493,B,17.986108333333334,147.98610833333333,3358.92,None,FALSE,FALSE,FALSE,FALSE,FALSE,171.375,-4.755417957,0.4255768656730652,7.6525,149.96401977539062,0.1119291707873344
Modern IODP,366,U1494,A,18.051493333333333,147.05149333333333,2199.8,None,FALSE,FALSE,FALSE,FALSE,FALSE,171,-4.755417957,0.6450954079627991,13.5325,146.0795440673828,0.135958582
Modern IODP,366,U1495,A,18.094488333333334,147.09448833333337,1405.81,None,FALSE,FALSE,FALSE,FALSE,FALSE,171,-4.755417957,0.6450954079627991,13.5325,146.0795440673828,0.135958582
Modern IODP,366,U1495,B,18.094646666666662,147.09464666666668,1401.89,None,FALSE,FALSE,FALSE,FALSE,TRUE,171,-4.755417957,0.6450954079627991,13.5325,146.0795440673828,0.135958582
Modern IODP,366,U1496,A,18.109893333333332,147.10989333333333,1243.38,None,FALSE,FALSE,FALSE,FALSE,TRUE,171,-4.755417957,0.6450954079627991,13.5325,146.0795440673828,0.1298845708370208
Modern IODP,366,U1496,B,18.110341666666667,147.11034166666667,1240.18,None,FALSE,FALSE,FALSE,FALSE,FALSE,171,-4.755417957,0.6450954079627991,13.5325,146.0795440673828,0.1298845708370208
Modern IODP,366,U1496,C,18.110113333333334,147.11011333333337,1243.17,None,FALSE,FALSE,FALSE,FALSE,FALSE,171,-4.755417957,0.6450954079627991,13.5325,146.0795440673828,0.1298845708370208
Modern IODP,366,U1497,A,16.53756,147.53756,2019.24,None,FALSE,FALSE,FALSE,FALSE,TRUE,171.875,-4.755417957,0.5135753154754639,0.915,144.3537139892578,0.1146693676710128
Modern IODP,366,U1497,B,16.537546666666668,147.53754666666666,2018.22,None,FALSE,FALSE,FALSE,FALSE,TRUE,171.875,-4.755417957,0.5135753154754639,0.915,144.3537139892578,0.1146693676710128
Modern IODP,366,U1498,A,16.451496666666667,147.45149666666666,3496.21,None,FALSE,FALSE,FALSE,FALSE,FALSE,171.875,-4.755417957,0.5325413346290588,0.915,144.3537139892578,0.1183294206857681
Modern IODP,367,U1499,A,18.409496666666666,115.40949666666668,3760.19,Shallow (<40 cm),FALSE,FALSE,FALSE,FALSE,FALSE,,7.75,0.7261834740638733,,254.59080505371097,9.656447410583496
Modern IODP,368,U1501,A,18.88487,115.88487,2857.11,None,FALSE,FALSE,FALSE,FALSE,FALSE,,7.75,0.7971997857093811,,254.59080505371097,11.304388999938965
Modern IODP,368,U1501,B,18.88487,115.88487,2852.11,None,FALSE,FALSE,FALSE,FALSE,FALSE,,7.75,0.7971997857093811,,254.59080505371097,11.304388999938965
Modern IODP,368,U1501,C,18.884865,115.884865,2845.81,Shallow (<40 cm),FALSE,FALSE,FALSE,FALSE,FALSE,,7.75,0.7971997857093811,,254.59080505371097,11.304388999938965
Modern IODP,368,U1505,A,18.9176,115.9176,2916.57,None,FALSE,FALSE,FALSE,FALSE,TRUE,,7.75,0.7971997857093811,,254.59080505371097,11.553216934204102
Modern IODP,368,U1505,C,18.917616666666667,115.91761666666666,2917.37,Shallow (<40 cm),FALSE,FALSE,FALSE,FALSE,FALSE,,7.75,0.7971997857093811,,254.59080505371097,11.553216934204102
Modern IODP,368,U1505,D,18.91743,115.91743,2917,Shallow (<40 cm),FALSE,FALSE,FALSE,FALSE,FALSE,,7.75,0.7971997857093811,,254.59080505371097,11.553216934204102
Modern IODP,369,U1513,A,-33.79347333,112.79347333333334,2789.19,None,FALSE,FALSE,FALSE,FALSE,FALSE,187.375,-2,1.0858111381530762,79.5325,399.7012634277344,1.2348034381866455
Modern IODP,369,U1513,B,-33.79347833,112.79347833333334,2787.22,Deep (>40 cm),FALSE,FALSE,TRUE,FALSE,FALSE,187.375,-2,1.0858111381530762,79.5325,399.7012634277344,1.2348034381866455
Modern IODP,369,U1515,A,-33.26981667,114.26981666666669,849.7,None,FALSE,FALSE,FALSE,FALSE,FALSE,204.8125,-2,1.5476888418197632,77,502.5165100097656,2.0289881229400635
Modern IODP,369,U1516,A,-34.348615,112.348615,2676.46,None,FALSE,FALSE,FALSE,FALSE,FALSE,182.9375,-2,0.5829404,81.17,415.1039733886719,
Modern IODP,371,U1506,A,-28.66196667,161.66196666666667,1494.91,None,FALSE,FALSE,FALSE,FALSE,FALSE,164.5,7.75,0.6055387854576111,82.35500000000002,258.1252441,
Modern IODP,371,U1507,A,-26.48859667,166.48859666666667,3568.38,None,FALSE,FALSE,FALSE,FALSE,FALSE,159,7.75,1.0231328010559082,79.815,256.7553711,
Modern IODP,371,U1508,A,-34.44817,171.44817,1608.69,None,FALSE,FALSE,FALSE,FALSE,FALSE,180.9375,,2.2681398391723633,43.525000000000006,551.722168,
Modern IODP,371,U1510,A,-36.328975,164.328975,1238.22,Shallow (<40 cm),FALSE,FALSE,FALSE,FALSE,FALSE,189.375,,0.7435563206672668,84.0275,447.0652465820313,
Modern IODP,371,U1510,B,-36.32898667,164.32898666666668,1238.39,Shallow (<40 cm),FALSE,FALSE,FALSE,FALSE,FALSE,189.375,,0.7435563206672668,84.0275,447.0652465820313,
Modern IODP,371,U1511,A,-37.56110833,160.56110833333332,4846.67,None,FALSE,FALSE,FALSE,FALSE,FALSE,193.625,,0.6573193669319153,21,487.6064758300781,0.8361387252807617
Modern IODP,372,U1517,C,-38.8297,178.8297,721.01,None,FALSE,FALSE,FALSE,FALSE,FALSE,190.375,-3,1.149026632,34.31666666666667,816.5742797851562,0.6179707646369934
Modern IODP,374,U1521,A,-75.68391833,-179.6839183,562.18,Shallow (<40 cm),FALSE,FALSE,FALSE,FALSE,FALSE,226,0,0.3949189186096191,2,328.2164001464844,1.457089066505432
Modern IODP,374,U1522,A,-76.55377,-174.55377,557.6,None,FALSE,FALSE,FALSE,FALSE,FALSE,227,0,0.378466934,2.045,,13.043014526367188
Modern IODP,374,U1523,A,-74.15028667,-176.1502867,828.02,Shallow (<40 cm),FALSE,FALSE,FALSE,FALSE,FALSE,226.75,0,0.2187411338090896,1.0933333333333333,202.5240478515625,2.9014108180999756
Modern IODP,374,U1523,E,-74.15048333,-176.1504833,827.88,Deep (>40 cm),FALSE,FALSE,FALSE,FALSE,FALSE,226.75,0,0.2187411338090896,1.0933333333333333,202.5240478515625,2.9014108180999756
Modern IODP,374,U1524,A,-74.21737833,-173.2173783,2394.39,Deep (>40 cm),FALSE,TRUE,TRUE,TRUE,FALSE,226.75,0,0.244540587,,191.7804412841797,4.732140541
Modern IODP,374,U1525,A,-75.001005,-173.001005,1775.74,Deep (>40 cm),FALSE,FALSE,FALSE,FALSE,FALSE,226.75,0,0.2263724505901336,2.065,212.1291351318359,9.883761405944824
Modern IODP,375,U1518,C,-38.85948667,178.85948666666667,2631.74,None,FALSE,FALSE,FALSE,FALSE,FALSE,190.375,-3,1.149026632,34.31666666666667,816.5742797851562,0.6179707646369934
Modern IODP,375,U1518,E,-38.85944833,178.85944833333335,2626.14,None,FALSE,FALSE,FALSE,FALSE,FALSE,190.375,-3,1.149026632,34.31666666666667,816.5742797851562,0.6179707646369934
Modern IODP,375,U1519,D,-38.72752667,178.72752666666668,1000.42,None,FALSE,FALSE,FALSE,FALSE,FALSE,190.375,-3,1.118371605873108,34.31666666666667,816.5742797851562,0.6044250130653381
Modern IODP,375,U1519,E,-38.72762,178.72762,1000.32,None,FALSE,FALSE,FALSE,FALSE,FALSE,190.375,-3,1.118371605873108,34.31666666666667,816.5742797851562,0.6044250130653381
Modern IODP,375,U1520,C,-38.96922,179.96922,3522.05,None,FALSE,FALSE,FALSE,FALSE,TRUE,188.3333282470703,-13.6375,1.297370433807373,32.285,599.6659545898438,0.6495534181594849
Modern IODP,375,U1520,D,-38.969125,179.969125,3520.28,None,FALSE,FALSE,TRUE,FALSE,FALSE,188.3333282470703,-13.6375,1.297370433807373,32.285,599.6659545898438,0.6495534181594849
Modern IODP,375,U1526,A,-39.022005,179.022005,2890.11,None,FALSE,FALSE,FALSE,FALSE,TRUE,188.55555725097656,-3,1.173864245414734,34.2675,563.8124389648438,0.6507214903831482
Modern IODP,375,U1526,B,-39.02191,179.02191,2888.41,Shallow (<40 cm),FALSE,FALSE,TRUE,FALSE,FALSE,188.55555725097656,-3,1.173864245414734,34.2675,563.8124389648438,0.6507214903831482
Modern IODP,376,U1528,A,-34.88196167,179.88196166666663,1228.36,None,FALSE,FALSE,FALSE,FALSE,FALSE,172.75,-13.6375,0.8282568454742432,39.355,343.22955322265625,
Modern IODP,376,U1529,A,-34.87526833,179.87526833333334,1734.99,None,FALSE,FALSE,FALSE,FALSE,TRUE,172.75,-13.6375,0.8282568454742432,39.355,343.22955322265625,
Modern IODP,376,U1529,B,-34.87536167,179.87536166666666,1732.99,None,FALSE,FALSE,FALSE,FALSE,TRUE,172.75,-13.6375,0.8282568454742432,39.355,343.22955322265625,
Modern IODP,376,U1530,A,-34.86098,179.86098,1594.86,None,FALSE,FALSE,FALSE,FALSE,TRUE,172.75,-13.6375,0.8288383483886719,39.355,343.22955322265625,
Modern IODP,376,U1531,A,-34.87961167,179.87961166666668,1354.87,None,FALSE,FALSE,FALSE,FALSE,TRUE,172.75,-13.6375,0.8282568454742432,39.355,343.22955322265625,
Modern IODP,376,U1531,B,-34.879535,179.879535,1351.87,None,FALSE,FALSE,FALSE,FALSE,FALSE,172.75,-13.6375,0.8282568454742432,39.355,343.22955322265625,
Modern IODP,376,U1531,C,-34.87873167,179.87873166666665,1306.87,None,FALSE,FALSE,FALSE,FALSE,TRUE,172.75,-13.6375,0.8282568454742432,39.355,343.22955322265625,